starting app over http
Server listening on port 3002
MQTT connection established
pillbox events registered
medicine events registered
log events registered
Device events registered
connected to Mqtt broker
database successfully initialized
Connected clients:  8
Connected clients:  7
starting app over http
Server listening on port 3002
MQTT connection established
pillbox events registered
medicine events registered
log events registered
Device events registered
connected to Mqtt broker
database successfully initialized
108488
108644
Connected clients:  8
v2_5:shutdown 1C69209B8184
v2_5:connect ["1C69209B8184","sim",0,"0813:009A98",24,"2.5.02",0]
["1C69209B8184","sim",0,"0813:009A98",24,"2.5.02",0]
{
  mac: '1C69209B8184',
  mode: 'sim',
  state: 0,
  apName: '0813:009A98',
  apPass: 24,
  version: '2.5.02',
  manual_reset: 0
}
{
  event: '1C69209B8184',
  data: '{"event":"utc-now","data":1760099549}'
}
utc done
state does not match
updating connection {
  id: 28,
  state: 1,
  currentVersion: '2.5.02',
  newVersion: '2.5.02',
  mac: '1C69209B8184',
  volume: 100,
  type: 'pillbox-v2_5',
  env: 'sit',
  charging: true,
  resetRequired: false,
  compartments: '010000',
  operationMode: 'sim',
  battery: 100,
  heartbeat: 2025-10-01T15:39:27.000Z,
  online: true,
  viles: '000000',
  lac: '0813',
  ci: '009A98',
  strength: 24
}
{ success: true, message: 'Success.', data: [] }
Connected clients:  7
v2_5:shutdown 1C69209B8184
v2_5:connect ["1C69209B8184","sim",0,"0813:009A98",23,"2.5.02",0]
["1C69209B8184","sim",0,"0813:009A98",23,"2.5.02",0]
{
  mac: '1C69209B8184',
  mode: 'sim',
  state: 0,
  apName: '0813:009A98',
  apPass: 23,
  version: '2.5.02',
  manual_reset: 0
}
{
  event: '1C69209B8184',
  data: '{"event":"utc-now","data":1760099670}'
}
utc done
state does not match
updating connection {
  id: 28,
  state: 1,
  currentVersion: '2.5.02',
  newVersion: '2.5.02',
  mac: '1C69209B8184',
  volume: 100,
  type: 'pillbox-v2_5',
  env: 'sit',
  charging: true,
  resetRequired: false,
  compartments: '010000',
  operationMode: 'sim',
  battery: 100,
  heartbeat: 2025-10-01T15:39:27.000Z,
  online: true,
  viles: '000000',
  lac: '0813',
  ci: '009A98',
  strength: 23
}
{ success: true, message: 'Success.', data: [] }
[
  {
    mac: '1C69209B8184',
    time: '2025-10-10 13:00:00',
    vile: '2',
    pills: 1,
    repeat: 10,
    reference: 109129,
    windowSize: 20,
    muted: 1
  },
  {
    mac: '1C69209B8184',
    time: '2025-10-11 13:00:00',
    vile: '2',
    pills: 1,
    repeat: 10,
    reference: 109130,
    windowSize: 20,
    muted: 1
  },
  {
    mac: '1C69209B8184',
    time: '2025-10-12 13:00:00',
    vile: '2',
    pills: 1,
    repeat: 10,
    reference: 109131,
    windowSize: 20,
    muted: 1
  },
  {
    mac: '1C69209B8184',
    time: '2025-10-13 13:00:00',
    vile: '2',
    pills: 1,
    repeat: 10,
    reference: 109132,
    windowSize: 20,
    muted: 1
  },
  {
    mac: '1C69209B8184',
    time: '2025-10-14 13:00:00',
    vile: '2',
    pills: 1,
    repeat: 10,
    reference: 109133,
    windowSize: 20,
    muted: 1
  },
  {
    mac: '1C69209B8184',
    time: '2025-10-15 13:00:00',
    vile: '2',
    pills: 1,
    repeat: 10,
    reference: 109134,
    windowSize: 20,
    muted: 1
  },
  {
    mac: '1C69209B8184',
    time: '2025-10-16 13:00:00',
    vile: '2',
    pills: 1,
    repeat: 10,
    reference: 109135,
    windowSize: 20,
    muted: 1
  },
  {
    mac: '1C69209B8184',
    time: '2025-10-17 13:00:00',
    vile: '2',
    pills: 1,
    repeat: 10,
    reference: 109136,
    windowSize: 20,
    muted: 1
  },
  {
    mac: '1C69209B8184',
    time: '2025-10-18 13:00:00',
    vile: '2',
    pills: 1,
    repeat: 10,
    reference: 109137,
    windowSize: 20,
    muted: 1
  },
  {
    mac: '1C69209B8184',
    time: '2025-10-19 13:00:00',
    vile: '2',
    pills: 1,
    repeat: 10,
    reference: 109138,
    windowSize: 20,
    muted: 1
  },
  {
    mac: '1C69209B8184',
    time: '2025-10-20 13:00:00',
    vile: '2',
    pills: 1,
    repeat: 10,
    reference: 109139,
    windowSize: 20,
    muted: 1
  },
  {
    mac: '1C69209B8184',
    time: '2025-10-21 13:00:00',
    vile: '2',
    pills: 1,
    repeat: 10,
    reference: 109140,
    windowSize: 20,
    muted: 1
  },
  {
    mac: '1C69209B8184',
    time: '2025-10-22 13:00:00',
    vile: '2',
    pills: 1,
    repeat: 10,
    reference: 109141,
    windowSize: 20,
    muted: 1
  },
  {
    mac: '1C69209B8184',
    time: '2025-10-23 13:00:00',
    vile: '2',
    pills: 1,
    repeat: 10,
    reference: 109142,
    windowSize: 20,
    muted: 1
  },
  {
    mac: '1C69209B8184',
    time: '2025-10-24 13:00:00',
    vile: '2',
    pills: 1,
    repeat: 10,
    reference: 109143,
    windowSize: 20,
    muted: 1
  },
  {
    mac: '1C69209B8184',
    time: '2025-10-25 13:00:00',
    vile: '2',
    pills: 1,
    repeat: 10,
    reference: 109144,
    windowSize: 20,
    muted: 1
  },
  {
    mac: '1C69209B8184',
    time: '2025-10-26 13:00:00',
    vile: '2',
    pills: 1,
    repeat: 10,
    reference: 109145,
    windowSize: 20,
    muted: 1
  },
  {
    mac: '1C69209B8184',
    time: '2025-10-27 13:00:00',
    vile: '2',
    pills: 1,
    repeat: 10,
    reference: 109146,
    windowSize: 20,
    muted: 1
  },
  {
    mac: '1C69209B8184',
    time: '2025-10-28 13:00:00',
    vile: '2',
    pills: 1,
    repeat: 10,
    reference: 109147,
    windowSize: 20,
    muted: 1
  },
  {
    mac: '1C69209B8184',
    time: '2025-10-29 13:00:00',
    vile: '2',
    pills: 1,
    repeat: 10,
    reference: 109148,
    windowSize: 20,
    muted: 1
  },
  {
    mac: '1C69209B8184',
    time: '2025-10-30 13:00:00',
    vile: '2',
    pills: 1,
    repeat: 10,
    reference: 109149,
    windowSize: 20,
    muted: 1
  },
  {
    mac: '1C69209B8184',
    time: '2025-10-31 13:00:00',
    vile: '2',
    pills: 1,
    repeat: 10,
    reference: 109150,
    windowSize: 20,
    muted: 1
  },
  {
    mac: '1C69209B8184',
    time: '2025-11-01 13:00:00',
    vile: '2',
    pills: 1,
    repeat: 10,
    reference: 109151,
    windowSize: 20,
    muted: 1
  },
  {
    mac: '1C69209B8184',
    time: '2025-11-02 13:00:00',
    vile: '2',
    pills: 1,
    repeat: 10,
    reference: 109152,
    windowSize: 20,
    muted: 1
  },
  {
    mac: '1C69209B8184',
    time: '2025-11-03 13:00:00',
    vile: '2',
    pills: 1,
    repeat: 10,
    reference: 109153,
    windowSize: 20,
    muted: 1
  },
  {
    mac: '1C69209B8184',
    time: '2025-11-04 13:00:00',
    vile: '2',
    pills: 1,
    repeat: 10,
    reference: 109154,
    windowSize: 20,
    muted: 1
  },
  {
    mac: '1C69209B8184',
    time: '2025-11-05 13:00:00',
    vile: '2',
    pills: 1,
    repeat: 10,
    reference: 109155,
    windowSize: 20,
    muted: 1
  },
  {
    mac: '1C69209B8184',
    time: '2025-11-06 13:00:00',
    vile: '2',
    pills: 1,
    repeat: 10,
    reference: 109156,
    windowSize: 20,
    muted: 1
  },
  {
    mac: '1C69209B8184',
    time: '2025-11-07 13:00:00',
    vile: '2',
    pills: 1,
    repeat: 10,
    reference: 109157,
    windowSize: 20,
    muted: 1
  },
  {
    mac: '1C69209B8184',
    time: '2025-11-08 13:00:00',
    vile: '2',
    pills: 1,
    repeat: 10,
    reference: 109158,
    windowSize: 20,
    muted: 1
  }
]
2025-10-10 13:00:00
2025-10-11 13:00:00
2025-10-12 13:00:00
2025-10-13 13:00:00
2025-10-14 13:00:00
2025-10-15 13:00:00
2025-10-16 13:00:00
2025-10-17 13:00:00
2025-10-18 13:00:00
2025-10-19 13:00:00
2025-10-20 13:00:00
2025-10-21 13:00:00
2025-10-22 13:00:00
2025-10-23 13:00:00
2025-10-24 13:00:00
2025-10-25 13:00:00
2025-10-26 13:00:00
2025-10-27 13:00:00
2025-10-28 13:00:00
2025-10-29 13:00:00
2025-10-30 13:00:00
2025-10-31 13:00:00
2025-11-01 13:00:00
2025-11-02 13:00:00
2025-11-03 13:00:00
2025-11-04 13:00:00
2025-11-05 13:00:00
2025-11-06 13:00:00
2025-11-07 13:00:00
2025-11-08 13:00:00
[ 109158, 0, 1, 20, 10, 1440, 30, [ 29335020 ] ]
sending medicine for 1C69209B8184
{
  event: '1C69209B8184',
  data: '{"event":"medicine","data":[109158,0,1,20,10,1440,30,[29335020]]}'
}
clearing medicine informer for 1C69209B8184
medicine fetched UpdateResult { generatedMaps: [], raw: [], affected: 1 }
[
  109129, 109130, 109131, 109132,
  109133, 109134, 109135, 109136,
  109137, 109138, 109139, 109140,
  109141, 109142, 109143, 109144,
  109145, 109146, 109147, 109148,
  109149, 109150, 109151, 109152,
  109153, 109154, 109155, 109156,
  109157, 109158
]
sending remove med for 1C69209B8184
{
  event: '1C69209B8184',
  data: '{"event":"remove-med","data":[109158]}'
}
{ event: '1C69209B8184', data: '{"event":"hb","data":1760099789607}' }
{ event: '1C69209B8184', data: '{"event":"hb","data":1760099909607}' }
{ event: '1C69209B8184', data: '{"event":"hb","data":1760100029608}' }
{ event: '1C69209B8184', data: '{"event":"hb","data":1760100149608}' }
{ event: '1C69209B8184', data: '{"event":"hb","data":1760100269607}' }
108628
v2_5:shutdown 1C69209993A4
Connected clients:  6
{ event: '1C69209B8184', data: '{"event":"hb","data":1760100389608}' }
disconnetion reported after 1 minute
{ event: '1C69209B8184', data: '{"event":"hb","data":1760100509609}' }
Connected clients:  7
{ event: '1C69209B8184', data: '{"event":"hb","data":1760100629609}' }
Connected clients:  6
{ event: '1C69209B8184', data: '{"event":"hb","data":1760100749609}' }
{ event: '1C69209B8184', data: '{"event":"hb","data":1760100869609}' }
{ event: '1C69209B8184', data: '{"event":"hb","data":1760100989609}' }
{ event: '1C69209B8184', data: '{"event":"hb","data":1760101109609}' }
Connected clients:  7
v2_5:connect ["1C69209993A4","sim",0,"5D9D:0061B4",20,"2.5.02",0]
["1C69209993A4","sim",0,"5D9D:0061B4",20,"2.5.02",0]
{
  mac: '1C69209993A4',
  mode: 'sim',
  state: 0,
  apName: '5D9D:0061B4',
  apPass: 20,
  version: '2.5.02',
  manual_reset: 0
}
{
  event: '1C69209993A4',
  data: '{"event":"utc-now","data":1760101210}'
}
utc done
state does not match
updating connection {
  id: 24,
  state: 1,
  currentVersion: '2.5.02',
  newVersion: '2.5.02',
  mac: '1C69209993A4',
  volume: 100,
  type: 'pillbox-v2_5',
  env: 'sit',
  charging: true,
  resetRequired: false,
  compartments: '001011',
  operationMode: 'sim',
  battery: 100,
  heartbeat: 2025-10-01T16:13:35.000Z,
  online: true,
  viles: '001000',
  lac: '5D9D',
  ci: '0061B4',
  strength: 20
}
{ success: true, message: 'Success.', data: [] }
{ event: '1C69209B8184', data: '{"event":"hb","data":1760101229609}' }
{ event: '1C69209993A4', data: '{"event":"hb","data":1760101329779}' }
{ event: '1C69209B8184', data: '{"event":"hb","data":1760101349609}' }
{ event: '1C69209993A4', data: '{"event":"hb","data":1760101449780}' }
{ event: '1C69209B8184', data: '{"event":"hb","data":1760101469610}' }
v2_5:shutdown 1C69209993A4
v2_5:connect ["1C69209993A4","sim",0,"5D9D:0061B4",18,"2.5.02",0]
["1C69209993A4","sim",0,"5D9D:0061B4",18,"2.5.02",0]
{
  mac: '1C69209993A4',
  mode: 'sim',
  state: 0,
  apName: '5D9D:0061B4',
  apPass: 18,
  version: '2.5.02',
  manual_reset: 0
}
{
  event: '1C69209993A4',
  data: '{"event":"utc-now","data":1760101499}'
}
utc done
state does not match
updating connection {
  id: 24,
  state: 1,
  currentVersion: '2.5.02',
  newVersion: '2.5.02',
  mac: '1C69209993A4',
  volume: 100,
  type: 'pillbox-v2_5',
  env: 'sit',
  charging: true,
  resetRequired: false,
  compartments: '001011',
  operationMode: 'sim',
  battery: 100,
  heartbeat: 2025-10-01T16:13:35.000Z,
  online: true,
  viles: '001000',
  lac: '5D9D',
  ci: '0061B4',
  strength: 18
}
{ success: true, message: 'Success.', data: [] }
{ event: '1C69209B8184', data: '{"event":"hb","data":1760101589610}' }
v2_5:shutdown 1C69209B8184
Connected clients:  6
{ event: '1C69209993A4', data: '{"event":"hb","data":1760101619314}' }
disconnetion reported after 1 minute
{ event: '1C69209993A4', data: '{"event":"hb","data":1760101739313}' }
{ event: '1C69209993A4', data: '{"event":"hb","data":1760101859314}' }
{ event: '1C69209993A4', data: '{"event":"hb","data":1760101979315}' }
{ event: '1C69209993A4', data: '{"event":"hb","data":1760102099315}' }
101965
{ event: '1C69209993A4', data: '{"event":"hb","data":1760102219316}' }
{ event: '1C69209993A4', data: '{"event":"hb","data":1760102339316}' }
{ event: '1C69209993A4', data: '{"event":"hb","data":1760102459315}' }
Connected clients:  7
{ event: '1C69209993A4', data: '{"event":"hb","data":1760102579316}' }
{ event: '1C69209993A4', data: '{"event":"hb","data":1760102699316}' }
Connected clients:  6
{ event: '1C69209993A4', data: '{"event":"hb","data":1760102819316}' }
{ event: '1C69209993A4', data: '{"event":"hb","data":1760102939317}' }
{ event: '1C69209993A4', data: '{"event":"hb","data":1760103059317}' }
{ event: '1C69209993A4', data: '{"event":"hb","data":1760103179317}' }
{ event: '1C69209993A4', data: '{"event":"hb","data":1760103299317}' }
{ event: '1C69209993A4', data: '{"event":"hb","data":1760103419317}' }
v2_5:shutdown 1C69209993A4
Connected clients:  5
disconnetion reported after 1 minute
108169
Connected clients:  6
Connected clients:  5
Connected clients:  6
v2_5:connect ["1C69209993A4","sim",0,"5D9D:0061B4",21,"2.5.02",0]
["1C69209993A4","sim",0,"5D9D:0061B4",21,"2.5.02",0]
{
  mac: '1C69209993A4',
  mode: 'sim',
  state: 0,
  apName: '5D9D:0061B4',
  apPass: 21,
  version: '2.5.02',
  manual_reset: 0
}
{
  event: '1C69209993A4',
  data: '{"event":"utc-now","data":1760104366}'
}
utc done
state does not match
updating connection {
  id: 24,
  state: 1,
  currentVersion: '2.5.02',
  newVersion: '2.5.02',
  mac: '1C69209993A4',
  volume: 100,
  type: 'pillbox-v2_5',
  env: 'sit',
  charging: true,
  resetRequired: false,
  compartments: '001011',
  operationMode: 'sim',
  battery: 100,
  heartbeat: 2025-10-01T16:13:35.000Z,
  online: true,
  viles: '001000',
  lac: '5D9D',
  ci: '0061B4',
  strength: 21
}
{ success: true, message: 'Success.', data: [] }
{ event: '1C69209993A4', data: '{"event":"hb","data":1760104485788}' }
{ event: '1C69209993A4', data: '{"event":"hb","data":1760104605789}' }
{ event: '1C69209993A4', data: '{"event":"hb","data":1760104725789}' }
{ event: '1C69209993A4', data: '{"event":"hb","data":1760104845790}' }
{ event: '1C69209993A4', data: '{"event":"hb","data":1760104965791}' }
{ event: '1C69209993A4', data: '{"event":"hb","data":1760105085792}' }
{ event: '1C69209993A4', data: '{"event":"hb","data":1760105205792}' }
{ event: '1C69209993A4', data: '{"event":"hb","data":1760105325792}' }
{ event: '1C69209993A4', data: '{"event":"hb","data":1760105445793}' }
{ event: '1C69209993A4', data: '{"event":"hb","data":1760105565793}' }
{ event: '1C69209993A4', data: '{"event":"hb","data":1760105685794}' }
98317
{ event: '1C69209993A4', data: '{"event":"hb","data":1760105805794}' }
{ event: '1C69209993A4', data: '{"event":"hb","data":1760105925794}' }
{ event: '1C69209993A4', data: '{"event":"hb","data":1760106045793}' }
{ event: '1C69209993A4', data: '{"event":"hb","data":1760106165794}' }
{ event: '1C69209993A4', data: '{"event":"hb","data":1760106285794}' }
v2_5:shutdown 1C69209993A4
Connected clients:  5
disconnetion reported after 1 minute
v2_5:connect ["1C69209993A4","sim",0,"5D9D:0061B4",19,"2.5.02",0]
["1C69209993A4","sim",0,"5D9D:0061B4",19,"2.5.02",0]
{
  mac: '1C69209993A4',
  mode: 'sim',
  state: 0,
  apName: '5D9D:0061B4',
  apPass: 19,
  version: '2.5.02',
  manual_reset: 0
}
{
  event: '1C69209993A4',
  data: '{"event":"utc-now","data":1760107224}'
}
utc done
state does not match
updating connection {
  id: 24,
  state: 1,
  currentVersion: '2.5.02',
  newVersion: '2.5.02',
  mac: '1C69209993A4',
  volume: 100,
  type: 'pillbox-v2_5',
  env: 'sit',
  charging: true,
  resetRequired: false,
  compartments: '001011',
  operationMode: 'sim',
  battery: 100,
  heartbeat: 2025-10-01T16:13:35.000Z,
  online: true,
  viles: '001000',
  lac: '5D9D',
  ci: '0061B4',
  strength: 19
}
{ success: true, message: 'Success.', data: [] }
Connected clients:  6
{ event: '1C69209993A4', data: '{"event":"hb","data":1760107344020}' }
{ event: '1C69209993A4', data: '{"event":"hb","data":1760107464021}' }
{ event: '1C69209993A4', data: '{"event":"hb","data":1760107584021}' }
{ event: '1C69209993A4', data: '{"event":"hb","data":1760107704020}' }
{ event: '1C69209993A4', data: '{"event":"hb","data":1760107824021}' }
{ event: '1C69209993A4', data: '{"event":"hb","data":1760107944021}' }
{ event: '1C69209993A4', data: '{"event":"hb","data":1760108064022}' }
{ event: '1C69209993A4', data: '{"event":"hb","data":1760108184023}' }
{ event: '1C69209993A4', data: '{"event":"hb","data":1760108304022}' }
{ event: '1C69209993A4', data: '{"event":"hb","data":1760108424023}' }
{ event: '1C69209993A4', data: '{"event":"hb","data":1760108544023}' }
{ event: '1C69209993A4', data: '{"event":"hb","data":1760108664024}' }
{ event: '1C69209993A4', data: '{"event":"hb","data":1760108784024}' }
{ event: '1C69209993A4', data: '{"event":"hb","data":1760108904025}' }
{ event: '1C69209993A4', data: '{"event":"hb","data":1760109024025}' }
{ event: '1C69209993A4', data: '{"event":"hb","data":1760109144026}' }
v2_5:shutdown 1C69209993A4
Connected clients:  5
disconnetion reported after 1 minute
v2_5:connect ["1C69209993A4","sim",0,"5D9D:0061B4",21,"2.5.02",0]
["1C69209993A4","sim",0,"5D9D:0061B4",21,"2.5.02",0]
{
  mac: '1C69209993A4',
  mode: 'sim',
  state: 0,
  apName: '5D9D:0061B4',
  apPass: 21,
  version: '2.5.02',
  manual_reset: 0
}
{
  event: '1C69209993A4',
  data: '{"event":"utc-now","data":1760110082}'
}
utc done
state does not match
updating connection {
  id: 24,
  state: 1,
  currentVersion: '2.5.02',
  newVersion: '2.5.02',
  mac: '1C69209993A4',
  volume: 100,
  type: 'pillbox-v2_5',
  env: 'sit',
  charging: true,
  resetRequired: false,
  compartments: '001011',
  operationMode: 'sim',
  battery: 100,
  heartbeat: 2025-10-01T16:13:35.000Z,
  online: true,
  viles: '001000',
  lac: '5D9D',
  ci: '0061B4',
  strength: 21
}
{ success: true, message: 'Success.', data: [] }
Connected clients:  6
{ event: '1C69209993A4', data: '{"event":"hb","data":1760110201578}' }
{ event: '1C69209993A4', data: '{"event":"hb","data":1760110321578}' }
{ event: '1C69209993A4', data: '{"event":"hb","data":1760110441579}' }
{ event: '1C69209993A4', data: '{"event":"hb","data":1760110561579}' }
{ event: '1C69209993A4', data: '{"event":"hb","data":1760110681579}' }
{ event: '1C69209993A4', data: '{"event":"hb","data":1760110801579}' }
{ event: '1C69209993A4', data: '{"event":"hb","data":1760110921578}' }
{ event: '1C69209993A4', data: '{"event":"hb","data":1760111041579}' }
{ event: '1C69209993A4', data: '{"event":"hb","data":1760111161580}' }
{ event: '1C69209993A4', data: '{"event":"hb","data":1760111281579}' }
Connected clients:  7
{ event: '1C69209993A4', data: '{"event":"hb","data":1760111401579}' }
Connected clients:  6
{ event: '1C69209993A4', data: '{"event":"hb","data":1760111521580}' }
{ event: '1C69209993A4', data: '{"event":"hb","data":1760111641581}' }
{ event: '1C69209993A4', data: '{"event":"hb","data":1760111761582}' }
{ event: '1C69209993A4', data: '{"event":"hb","data":1760111881582}' }
{ event: '1C69209993A4', data: '{"event":"hb","data":1760112001582}' }
108548
v2_5:shutdown 1C69209993A4
Connected clients:  5
disconnetion reported after 1 minute
108226
v2_5:connect ["1C69209993A4","sim",0,"5D9D:0061B4",22,"2.5.02",0]
["1C69209993A4","sim",0,"5D9D:0061B4",22,"2.5.02",0]
{
  mac: '1C69209993A4',
  mode: 'sim',
  state: 0,
  apName: '5D9D:0061B4',
  apPass: 22,
  version: '2.5.02',
  manual_reset: 0
}
{
  event: '1C69209993A4',
  data: '{"event":"utc-now","data":1760112933}'
}
utc done
state does not match
updating connection {
  id: 24,
  state: 1,
  currentVersion: '2.5.02',
  newVersion: '2.5.02',
  mac: '1C69209993A4',
  volume: 100,
  type: 'pillbox-v2_5',
  env: 'sit',
  charging: true,
  resetRequired: false,
  compartments: '001011',
  operationMode: 'sim',
  battery: 100,
  heartbeat: 2025-10-01T16:13:35.000Z,
  online: true,
  viles: '001000',
  lac: '5D9D',
  ci: '0061B4',
  strength: 22
}
{ success: true, message: 'Success.', data: [] }
Connected clients:  6
{ event: '1C69209993A4', data: '{"event":"hb","data":1760113053471}' }
{ event: '1C69209993A4', data: '{"event":"hb","data":1760113173471}' }
{ event: '1C69209993A4', data: '{"event":"hb","data":1760113293471}' }
{ event: '1C69209993A4', data: '{"event":"hb","data":1760113413471}' }
{ event: '1C69209993A4', data: '{"event":"hb","data":1760113533470}' }
{ event: '1C69209993A4', data: '{"event":"hb","data":1760113653470}' }
{ event: '1C69209993A4', data: '{"event":"hb","data":1760113773470}' }
{ event: '1C69209993A4', data: '{"event":"hb","data":1760113893470}' }
{ event: '1C69209993A4', data: '{"event":"hb","data":1760114013471}' }
{ event: '1C69209993A4', data: '{"event":"hb","data":1760114133471}' }
{ event: '1C69209993A4', data: '{"event":"hb","data":1760114253471}' }
{ event: '1C69209993A4', data: '{"event":"hb","data":1760114373470}' }
{ event: '1C69209993A4', data: '{"event":"hb","data":1760114493471}' }
{ event: '1C69209993A4', data: '{"event":"hb","data":1760114613471}' }
{ event: '1C69209993A4', data: '{"event":"hb","data":1760114733472}' }
{ event: '1C69209993A4', data: '{"event":"hb","data":1760114853472}' }
v2_5:shutdown 1C69209993A4
Connected clients:  5
disconnetion reported after 1 minute
v2_5:connect ["1C69209993A4","sim",0,"5D9D:0061B4",15,"2.5.02",0]
["1C69209993A4","sim",0,"5D9D:0061B4",15,"2.5.02",0]
{
  mac: '1C69209993A4',
  mode: 'sim',
  state: 0,
  apName: '5D9D:0061B4',
  apPass: 15,
  version: '2.5.02',
  manual_reset: 0
}
{
  event: '1C69209993A4',
  data: '{"event":"utc-now","data":1760115792}'
}
utc done
state does not match
updating connection {
  id: 24,
  state: 1,
  currentVersion: '2.5.02',
  newVersion: '2.5.02',
  mac: '1C69209993A4',
  volume: 100,
  type: 'pillbox-v2_5',
  env: 'sit',
  charging: true,
  resetRequired: false,
  compartments: '001011',
  operationMode: 'sim',
  battery: 100,
  heartbeat: 2025-10-01T16:13:35.000Z,
  online: true,
  viles: '001000',
  lac: '5D9D',
  ci: '0061B4',
  strength: 15
}
{ success: true, message: 'Success.', data: [] }
Connected clients:  6
{ event: '1C69209993A4', data: '{"event":"hb","data":1760115912439}' }
{ event: '1C69209993A4', data: '{"event":"hb","data":1760116032439}' }
{ event: '1C69209993A4', data: '{"event":"hb","data":1760116152440}' }
{ event: '1C69209993A4', data: '{"event":"hb","data":1760116272440}' }
{ event: '1C69209993A4', data: '{"event":"hb","data":1760116392441}' }
108864
{ event: '1C69209993A4', data: '{"event":"hb","data":1760116512441}' }
{ event: '1C69209993A4', data: '{"event":"hb","data":1760116632440}' }
{ event: '1C69209993A4', data: '{"event":"hb","data":1760116752440}' }
{ event: '1C69209993A4', data: '{"event":"hb","data":1760116872441}' }
Connected clients:  7
{ event: '1C69209993A4', data: '{"event":"hb","data":1760116992441}' }
Connected clients:  6
{ event: '1C69209993A4', data: '{"event":"hb","data":1760117112441}' }
{ event: '1C69209993A4', data: '{"event":"hb","data":1760117232441}' }
{ event: '1C69209993A4', data: '{"event":"hb","data":1760117352441}' }
108551
{ event: '1C69209993A4', data: '{"event":"hb","data":1760117472441}' }
{ event: '1C69209993A4', data: '{"event":"hb","data":1760117592441}' }
{ event: '1C69209993A4', data: '{"event":"hb","data":1760117712441}' }
v2_5:shutdown 1C69209993A4
Connected clients:  5
disconnetion reported after 1 minute
Connected clients:  6
v2_5:connect ["1C69209993A4","sim",0,"5D9D:0061B4",21,"2.5.02",0]
["1C69209993A4","sim",0,"5D9D:0061B4",21,"2.5.02",0]
{
  mac: '1C69209993A4',
  mode: 'sim',
  state: 0,
  apName: '5D9D:0061B4',
  apPass: 21,
  version: '2.5.02',
  manual_reset: 0
}
{
  event: '1C69209993A4',
  data: '{"event":"utc-now","data":1760118656}'
}
utc done
state does not match
updating connection {
  id: 24,
  state: 1,
  currentVersion: '2.5.02',
  newVersion: '2.5.02',
  mac: '1C69209993A4',
  volume: 100,
  type: 'pillbox-v2_5',
  env: 'sit',
  charging: true,
  resetRequired: false,
  compartments: '001011',
  operationMode: 'sim',
  battery: 100,
  heartbeat: 2025-10-01T16:13:35.000Z,
  online: true,
  viles: '001000',
  lac: '5D9D',
  ci: '0061B4',
  strength: 21
}
{ success: true, message: 'Success.', data: [] }
{ event: '1C69209993A4', data: '{"event":"hb","data":1760118776068}' }
{ event: '1C69209993A4', data: '{"event":"hb","data":1760118896068}' }
{ event: '1C69209993A4', data: '{"event":"hb","data":1760119016067}' }
{ event: '1C69209993A4', data: '{"event":"hb","data":1760119136068}' }
{ event: '1C69209993A4', data: '{"event":"hb","data":1760119256068}' }
{ event: '1C69209993A4', data: '{"event":"hb","data":1760119376068}' }
{ event: '1C69209993A4', data: '{"event":"hb","data":1760119496069}' }
{ event: '1C69209993A4', data: '{"event":"hb","data":1760119616069}' }
{ event: '1C69209993A4', data: '{"event":"hb","data":1760119736070}' }
{ event: '1C69209993A4', data: '{"event":"hb","data":1760119856071}' }
{ event: '1C69209993A4', data: '{"event":"hb","data":1760119976072}' }
{ event: '1C69209993A4', data: '{"event":"hb","data":1760120096073}' }
109015
{ event: '1C69209993A4', data: '{"event":"hb","data":1760120216073}' }
{ event: '1C69209993A4', data: '{"event":"hb","data":1760120336073}' }
{ event: '1C69209993A4', data: '{"event":"hb","data":1760120456073}' }
{ event: '1C69209993A4', data: '{"event":"hb","data":1760120576072}' }
v2_5:shutdown 1C69209993A4
Connected clients:  5
disconnetion reported after 1 minute
Connected clients:  6
v2_5:connect ["1C69209993A4","sim",0,"5D9D:0061B4",23,"2.5.02",0]
["1C69209993A4","sim",0,"5D9D:0061B4",23,"2.5.02",0]
{
  mac: '1C69209993A4',
  mode: 'sim',
  state: 0,
  apName: '5D9D:0061B4',
  apPass: 23,
  version: '2.5.02',
  manual_reset: 0
}
{
  event: '1C69209993A4',
  data: '{"event":"utc-now","data":1760121516}'
}
utc done
state does not match
updating connection {
  id: 24,
  state: 1,
  currentVersion: '2.5.02',
  newVersion: '2.5.02',
  mac: '1C69209993A4',
  volume: 100,
  type: 'pillbox-v2_5',
  env: 'sit',
  charging: true,
  resetRequired: false,
  compartments: '001011',
  operationMode: 'sim',
  battery: 100,
  heartbeat: 2025-10-01T16:13:35.000Z,
  online: true,
  viles: '001000',
  lac: '5D9D',
  ci: '0061B4',
  strength: 23
}
{ success: true, message: 'Success.', data: [] }
{ event: '1C69209993A4', data: '{"event":"hb","data":1760121635874}' }
{ event: '1C69209993A4', data: '{"event":"hb","data":1760121755875}' }
{ event: '1C69209993A4', data: '{"event":"hb","data":1760121875876}' }
{ event: '1C69209993A4', data: '{"event":"hb","data":1760121995876}' }
{ event: '1C69209993A4', data: '{"event":"hb","data":1760122115878}' }
Connected clients:  7
{ event: '1C69209993A4', data: '{"event":"hb","data":1760122235878}' }
Connected clients:  6
{ event: '1C69209993A4', data: '{"event":"hb","data":1760122355879}' }
{ event: '1C69209993A4', data: '{"event":"hb","data":1760122475879}' }
{ event: '1C69209993A4', data: '{"event":"hb","data":1760122595880}' }
{ event: '1C69209993A4', data: '{"event":"hb","data":1760122715880}' }
{ event: '1C69209993A4', data: '{"event":"hb","data":1760122835881}' }
{ event: '1C69209993A4', data: '{"event":"hb","data":1760122955881}' }
{ event: '1C69209993A4', data: '{"event":"hb","data":1760123075881}' }
{ event: '1C69209993A4', data: '{"event":"hb","data":1760123195881}' }
{ event: '1C69209993A4', data: '{"event":"hb","data":1760123315882}' }
{ event: '1C69209993A4', data: '{"event":"hb","data":1760123435882}' }
v2_5:shutdown 1C69209993A4
Connected clients:  5
disconnetion reported after 1 minute
98318
Connected clients:  6
Connected clients:  5
v2_5:connect ["1C69209993A4","sim",0,"5D9D:0061B4",19,"2.5.02",0]
["1C69209993A4","sim",0,"5D9D:0061B4",19,"2.5.02",0]
{
  mac: '1C69209993A4',
  mode: 'sim',
  state: 0,
  apName: '5D9D:0061B4',
  apPass: 19,
  version: '2.5.02',
  manual_reset: 0
}
{
  event: '1C69209993A4',
  data: '{"event":"utc-now","data":1760124379}'
}
utc done
state does not match
updating connection {
  id: 24,
  state: 1,
  currentVersion: '2.5.02',
  newVersion: '2.5.02',
  mac: '1C69209993A4',
  volume: 100,
  type: 'pillbox-v2_5',
  env: 'sit',
  charging: true,
  resetRequired: false,
  compartments: '001011',
  operationMode: 'sim',
  battery: 100,
  heartbeat: 2025-10-01T16:13:35.000Z,
  online: true,
  viles: '001000',
  lac: '5D9D',
  ci: '0061B4',
  strength: 19
}
{ success: true, message: 'Success.', data: [] }
Connected clients:  6
{ event: '1C69209993A4', data: '{"event":"hb","data":1760124499371}' }
{ event: '1C69209993A4', data: '{"event":"hb","data":1760124619371}' }
{ event: '1C69209993A4', data: '{"event":"hb","data":1760124739370}' }
{ event: '1C69209993A4', data: '{"event":"hb","data":1760124859371}' }
{ event: '1C69209993A4', data: '{"event":"hb","data":1760124979372}' }
{ event: '1C69209993A4', data: '{"event":"hb","data":1760125099372}' }
{ event: '1C69209993A4', data: '{"event":"hb","data":1760125219372}' }
{ event: '1C69209993A4', data: '{"event":"hb","data":1760125339371}' }
{ event: '1C69209993A4', data: '{"event":"hb","data":1760125459372}' }
{ event: '1C69209993A4', data: '{"event":"hb","data":1760125579372}' }
Connected clients:  7
{ event: '1C69209993A4', data: '{"event":"hb","data":1760125699373}' }
Connected clients:  6
{ event: '1C69209993A4', data: '{"event":"hb","data":1760125819373}' }
{ event: '1C69209993A4', data: '{"event":"hb","data":1760125939373}' }
{ event: '1C69209993A4', data: '{"event":"hb","data":1760126059373}' }
{ event: '1C69209993A4', data: '{"event":"hb","data":1760126179373}' }
{ event: '1C69209993A4', data: '{"event":"hb","data":1760126299373}' }
v2_5:shutdown 1C69209993A4
Connected clients:  5
disconnetion reported after 1 minute
v2_5:connect ["1C69209993A4","sim",0,"5D9D:0061B4",19,"2.5.02",0]
["1C69209993A4","sim",0,"5D9D:0061B4",19,"2.5.02",0]
{
  mac: '1C69209993A4',
  mode: 'sim',
  state: 0,
  apName: '5D9D:0061B4',
  apPass: 19,
  version: '2.5.02',
  manual_reset: 0
}
{
  event: '1C69209993A4',
  data: '{"event":"utc-now","data":1760127238}'
}
utc done
state does not match
updating connection {
  id: 24,
  state: 1,
  currentVersion: '2.5.02',
  newVersion: '2.5.02',
  mac: '1C69209993A4',
  volume: 100,
  type: 'pillbox-v2_5',
  env: 'sit',
  charging: true,
  resetRequired: false,
  compartments: '001011',
  operationMode: 'sim',
  battery: 100,
  heartbeat: 2025-10-01T16:13:35.000Z,
  online: true,
  viles: '001000',
  lac: '5D9D',
  ci: '0061B4',
  strength: 19
}
{ success: true, message: 'Success.', data: [] }
Connected clients:  6
{ event: '1C69209993A4', data: '{"event":"hb","data":1760127358068}' }
{ event: '1C69209993A4', data: '{"event":"hb","data":1760127478069}' }
{ event: '1C69209993A4', data: '{"event":"hb","data":1760127598070}' }
{ event: '1C69209993A4', data: '{"event":"hb","data":1760127718070}' }
{ event: '1C69209993A4', data: '{"event":"hb","data":1760127838071}' }
{ event: '1C69209993A4', data: '{"event":"hb","data":1760127958071}' }
{ event: '1C69209993A4', data: '{"event":"hb","data":1760128078071}' }
{ event: '1C69209993A4', data: '{"event":"hb","data":1760128198071}' }
{ event: '1C69209993A4', data: '{"event":"hb","data":1760128318072}' }
{ event: '1C69209993A4', data: '{"event":"hb","data":1760128438072}' }
{ event: '1C69209993A4', data: '{"event":"hb","data":1760128558071}' }
{ event: '1C69209993A4', data: '{"event":"hb","data":1760128678072}' }
{ event: '1C69209993A4', data: '{"event":"hb","data":1760128798073}' }
{ event: '1C69209993A4', data: '{"event":"hb","data":1760128918073}' }
{ event: '1C69209993A4', data: '{"event":"hb","data":1760129038073}' }
{ event: '1C69209993A4', data: '{"event":"hb","data":1760129158073}' }
v2_5:shutdown 1C69209993A4
Connected clients:  5
disconnetion reported after 1 minute
v2_5:connect ["1C69209993A4","sim",0,"5D9D:0061B4",18,"2.5.02",0]
["1C69209993A4","sim",0,"5D9D:0061B4",18,"2.5.02",0]
{
  mac: '1C69209993A4',
  mode: 'sim',
  state: 0,
  apName: '5D9D:0061B4',
  apPass: 18,
  version: '2.5.02',
  manual_reset: 0
}
{
  event: '1C69209993A4',
  data: '{"event":"utc-now","data":1760130102}'
}
utc done
state does not match
updating connection {
  id: 24,
  state: 1,
  currentVersion: '2.5.02',
  newVersion: '2.5.02',
  mac: '1C69209993A4',
  volume: 100,
  type: 'pillbox-v2_5',
  env: 'sit',
  charging: true,
  resetRequired: false,
  compartments: '001011',
  operationMode: 'sim',
  battery: 100,
  heartbeat: 2025-10-01T16:13:35.000Z,
  online: true,
  viles: '001000',
  lac: '5D9D',
  ci: '0061B4',
  strength: 18
}
{ success: true, message: 'Success.', data: [] }
Connected clients:  6
{ event: '1C69209993A4', data: '{"event":"hb","data":1760130221993}' }
{ event: '1C69209993A4', data: '{"event":"hb","data":1760130341994}' }
{ event: '1C69209993A4', data: '{"event":"hb","data":1760130461995}' }
{ event: '1C69209993A4', data: '{"event":"hb","data":1760130581996}' }
{ event: '1C69209993A4', data: '{"event":"hb","data":1760130701996}' }
{ event: '1C69209993A4', data: '{"event":"hb","data":1760130821996}' }
{ event: '1C69209993A4', data: '{"event":"hb","data":1760130941997}' }
{ event: '1C69209993A4', data: '{"event":"hb","data":1760131061996}' }
{ event: '1C69209993A4', data: '{"event":"hb","data":1760131181997}' }
{ event: '1C69209993A4', data: '{"event":"hb","data":1760131301998}' }
{ event: '1C69209993A4', data: '{"event":"hb","data":1760131421998}' }
{ event: '1C69209993A4', data: '{"event":"hb","data":1760131541999}' }
{ event: '1C69209993A4', data: '{"event":"hb","data":1760131662000}' }
{ event: '1C69209993A4', data: '{"event":"hb","data":1760131782000}' }
{ event: '1C69209993A4', data: '{"event":"hb","data":1760131902001}' }
{ event: '1C69209993A4', data: '{"event":"hb","data":1760132022001}' }
v2_5:shutdown 1C69209993A4
Connected clients:  5
disconnetion reported after 1 minute
Connected clients:  6
v2_5:connect ["1C69209993A4","sim",0,"5D9D:0061B4",21,"2.5.02",0]
["1C69209993A4","sim",0,"5D9D:0061B4",21,"2.5.02",0]
{
  mac: '1C69209993A4',
  mode: 'sim',
  state: 0,
  apName: '5D9D:0061B4',
  apPass: 21,
  version: '2.5.02',
  manual_reset: 0
}
{
  event: '1C69209993A4',
  data: '{"event":"utc-now","data":1760132964}'
}
utc done
state does not match
updating connection {
  id: 24,
  state: 1,
  currentVersion: '2.5.02',
  newVersion: '2.5.02',
  mac: '1C69209993A4',
  volume: 100,
  type: 'pillbox-v2_5',
  env: 'sit',
  charging: true,
  resetRequired: false,
  compartments: '001011',
  operationMode: 'sim',
  battery: 100,
  heartbeat: 2025-10-01T16:13:35.000Z,
  online: true,
  viles: '001000',
  lac: '5D9D',
  ci: '0061B4',
  strength: 21
}
{ success: true, message: 'Success.', data: [] }
Connected clients:  7
Connected clients:  6
{ event: '1C69209993A4', data: '{"event":"hb","data":1760133084227}' }
{ event: '1C69209993A4', data: '{"event":"hb","data":1760133204227}' }
{ event: '1C69209993A4', data: '{"event":"hb","data":1760133324227}' }
{ event: '1C69209993A4', data: '{"event":"hb","data":1760133444227}' }
{ event: '1C69209993A4', data: '{"event":"hb","data":1760133564227}' }
{ event: '1C69209993A4', data: '{"event":"hb","data":1760133684228}' }
{ event: '1C69209993A4', data: '{"event":"hb","data":1760133804228}' }
{ event: '1C69209993A4', data: '{"event":"hb","data":1760133924228}' }
{ event: '1C69209993A4', data: '{"event":"hb","data":1760134044228}' }
{ event: '1C69209993A4', data: '{"event":"hb","data":1760134164229}' }
{ event: '1C69209993A4', data: '{"event":"hb","data":1760134284229}' }
{ event: '1C69209993A4', data: '{"event":"hb","data":1760134404230}' }
{ event: '1C69209993A4', data: '{"event":"hb","data":1760134524230}' }
{ event: '1C69209993A4', data: '{"event":"hb","data":1760134644230}' }
{ event: '1C69209993A4', data: '{"event":"hb","data":1760134764230}' }
{ event: '1C69209993A4', data: '{"event":"hb","data":1760134884231}' }
v2_5:shutdown 1C69209993A4
Connected clients:  5
disconnetion reported after 1 minute
v2_5:connect ["1C69209993A4","sim",0,"5D9D:006285",14,"2.5.02",0]
["1C69209993A4","sim",0,"5D9D:006285",14,"2.5.02",0]
{
  mac: '1C69209993A4',
  mode: 'sim',
  state: 0,
  apName: '5D9D:006285',
  apPass: 14,
  version: '2.5.02',
  manual_reset: 0
}
{
  event: '1C69209993A4',
  data: '{"event":"utc-now","data":1760135818}'
}
utc done
state does not match
updating connection {
  id: 24,
  state: 1,
  currentVersion: '2.5.02',
  newVersion: '2.5.02',
  mac: '1C69209993A4',
  volume: 100,
  type: 'pillbox-v2_5',
  env: 'sit',
  charging: true,
  resetRequired: false,
  compartments: '001011',
  operationMode: 'sim',
  battery: 100,
  heartbeat: 2025-10-01T16:13:35.000Z,
  online: true,
  viles: '001000',
  lac: '5D9D',
  ci: '006285',
  strength: 14
}
{ success: true, message: 'Success.', data: [] }
Connected clients:  6
{ event: '1C69209993A4', data: '{"event":"hb","data":1760135937988}' }
v2_5:shutdown 1C69209993A4
Connected clients:  5
disconnetion reported after 1 minute
v2_5:connect ["1C69209993A4","sim",0,"5D9D:0061B4",21,"2.5.02",0]
["1C69209993A4","sim",0,"5D9D:0061B4",21,"2.5.02",0]
{
  mac: '1C69209993A4',
  mode: 'sim',
  state: 0,
  apName: '5D9D:0061B4',
  apPass: 21,
  version: '2.5.02',
  manual_reset: 0
}
{
  event: '1C69209993A4',
  data: '{"event":"utc-now","data":1760136106}'
}
utc done
state does not match
updating connection {
  id: 24,
  state: 1,
  currentVersion: '2.5.02',
  newVersion: '2.5.02',
  mac: '1C69209993A4',
  volume: 100,
  type: 'pillbox-v2_5',
  env: 'sit',
  charging: true,
  resetRequired: false,
  compartments: '001011',
  operationMode: 'sim',
  battery: 100,
  heartbeat: 2025-10-01T16:13:35.000Z,
  online: true,
  viles: '001000',
  lac: '5D9D',
  ci: '0061B4',
  strength: 21
}
{ success: true, message: 'Success.', data: [] }
Connected clients:  6
{ event: '1C69209993A4', data: '{"event":"hb","data":1760136226451}' }
{ event: '1C69209993A4', data: '{"event":"hb","data":1760136346451}' }
{ event: '1C69209993A4', data: '{"event":"hb","data":1760136466452}' }
{ event: '1C69209993A4', data: '{"event":"hb","data":1760136586452}' }
{ event: '1C69209993A4', data: '{"event":"hb","data":1760136706453}' }
{ event: '1C69209993A4', data: '{"event":"hb","data":1760136826453}' }
{ event: '1C69209993A4', data: '{"event":"hb","data":1760136946453}' }
{ event: '1C69209993A4', data: '{"event":"hb","data":1760137066453}' }
{ event: '1C69209993A4', data: '{"event":"hb","data":1760137186454}' }
{ event: '1C69209993A4', data: '{"event":"hb","data":1760137306454}' }
{ event: '1C69209993A4', data: '{"event":"hb","data":1760137426455}' }
{ event: '1C69209993A4', data: '{"event":"hb","data":1760137546454}' }
{ event: '1C69209993A4', data: '{"event":"hb","data":1760137666454}' }
{ event: '1C69209993A4', data: '{"event":"hb","data":1760137786454}' }
{ event: '1C69209993A4', data: '{"event":"hb","data":1760137906455}' }
v2_5:shutdown 1C69209993A4
v2_5:connect ["1C69209993A4","sim",0,"5D9D:0061B4",18,"2.5.02",0]
["1C69209993A4","sim",0,"5D9D:0061B4",18,"2.5.02",0]
{
  mac: '1C69209993A4',
  mode: 'sim',
  state: 0,
  apName: '5D9D:0061B4',
  apPass: 18,
  version: '2.5.02',
  manual_reset: 0
}
{
  event: '1C69209993A4',
  data: '{"event":"utc-now","data":1760137932}'
}
utc done
state does not match
updating connection {
  id: 24,
  state: 1,
  currentVersion: '2.5.02',
  newVersion: '2.5.02',
  mac: '1C69209993A4',
  volume: 100,
  type: 'pillbox-v2_5',
  env: 'sit',
  charging: true,
  resetRequired: false,
  compartments: '001011',
  operationMode: 'sim',
  battery: 100,
  heartbeat: 2025-10-01T16:13:35.000Z,
  online: true,
  viles: '001000',
  lac: '5D9D',
  ci: '0061B4',
  strength: 18
}
{ success: true, message: 'Success.', data: [] }
{ event: '1C69209993A4', data: '{"event":"hb","data":1760138051994}' }
{ event: '1C69209993A4', data: '{"event":"hb","data":1760138171994}' }
{ event: '1C69209993A4', data: '{"event":"hb","data":1760138291994}' }
{ event: '1C69209993A4', data: '{"event":"hb","data":1760138411995}' }
Connected clients:  7
{ event: '1C69209993A4', data: '{"event":"hb","data":1760138531995}' }
{ event: '1C69209993A4', data: '{"event":"hb","data":1760138651996}' }
Connected clients:  6
{ event: '1C69209993A4', data: '{"event":"hb","data":1760138771996}' }
{ event: '1C69209993A4', data: '{"event":"hb","data":1760138891996}' }
{ event: '1C69209993A4', data: '{"event":"hb","data":1760139011996}' }
{ event: '1C69209993A4', data: '{"event":"hb","data":1760139131996}' }
{ event: '1C69209993A4', data: '{"event":"hb","data":1760139251997}' }
{ event: '1C69209993A4', data: '{"event":"hb","data":1760139371996}' }
{ event: '1C69209993A4', data: '{"event":"hb","data":1760139491997}' }
{ event: '1C69209993A4', data: '{"event":"hb","data":1760139611998}' }
{ event: '1C69209993A4', data: '{"event":"hb","data":1760139731997}' }
{ event: '1C69209993A4', data: '{"event":"hb","data":1760139851998}' }
v2_5:shutdown 1C69209993A4
Connected clients:  5
disconnetion reported after 1 minute
v2_5:connect ["1C69209993A4","sim",0,"5D9D:0061B4",21,"2.5.02",0]
["1C69209993A4","sim",0,"5D9D:0061B4",21,"2.5.02",0]
{
  mac: '1C69209993A4',
  mode: 'sim',
  state: 0,
  apName: '5D9D:0061B4',
  apPass: 21,
  version: '2.5.02',
  manual_reset: 0
}
{
  event: '1C69209993A4',
  data: '{"event":"utc-now","data":1760140799}'
}
utc done
state does not match
updating connection {
  id: 24,
  state: 1,
  currentVersion: '2.5.02',
  newVersion: '2.5.02',
  mac: '1C69209993A4',
  volume: 100,
  type: 'pillbox-v2_5',
  env: 'sit',
  charging: true,
  resetRequired: false,
  compartments: '001011',
  operationMode: 'sim',
  battery: 100,
  heartbeat: 2025-10-01T16:13:35.000Z,
  online: true,
  viles: '001000',
  lac: '5D9D',
  ci: '0061B4',
  strength: 21
}
{ success: true, message: 'Success.', data: [] }
Connected clients:  6
{ event: '1C69209993A4', data: '{"event":"hb","data":1760140919388}' }
{ event: '1C69209993A4', data: '{"event":"hb","data":1760141039388}' }
{ event: '1C69209993A4', data: '{"event":"hb","data":1760141159387}' }
{ event: '1C69209993A4', data: '{"event":"hb","data":1760141279388}' }
{ event: '1C69209993A4', data: '{"event":"hb","data":1760141399388}' }
{ event: '1C69209993A4', data: '{"event":"hb","data":1760141519389}' }
{ event: '1C69209993A4', data: '{"event":"hb","data":1760141639389}' }
{ event: '1C69209993A4', data: '{"event":"hb","data":1760141759390}' }
{ event: '1C69209993A4', data: '{"event":"hb","data":1760141879391}' }
{ event: '1C69209993A4', data: '{"event":"hb","data":1760141999392}' }
{ event: '1C69209993A4', data: '{"event":"hb","data":1760142119393}' }
{ event: '1C69209993A4', data: '{"event":"hb","data":1760142239394}' }
{ event: '1C69209993A4', data: '{"event":"hb","data":1760142359395}' }
{ event: '1C69209993A4', data: '{"event":"hb","data":1760142479396}' }
{ event: '1C69209993A4', data: '{"event":"hb","data":1760142599397}' }
{ event: '1C69209993A4', data: '{"event":"hb","data":1760142719397}' }
v2_5:shutdown 1C69209993A4
Connected clients:  5
disconnetion reported after 1 minute
v2_5:connect ["1C69209993A4","sim",0,"5D9D:0061B4",20,"2.5.02",0]
["1C69209993A4","sim",0,"5D9D:0061B4",20,"2.5.02",0]
{
  mac: '1C69209993A4',
  mode: 'sim',
  state: 0,
  apName: '5D9D:0061B4',
  apPass: 20,
  version: '2.5.02',
  manual_reset: 0
}
{
  event: '1C69209993A4',
  data: '{"event":"utc-now","data":1760143653}'
}
utc done
state does not match
updating connection {
  id: 24,
  state: 1,
  currentVersion: '2.5.02',
  newVersion: '2.5.02',
  mac: '1C69209993A4',
  volume: 100,
  type: 'pillbox-v2_5',
  env: 'sit',
  charging: true,
  resetRequired: false,
  compartments: '001011',
  operationMode: 'sim',
  battery: 100,
  heartbeat: 2025-10-01T16:13:35.000Z,
  online: true,
  viles: '001000',
  lac: '5D9D',
  ci: '0061B4',
  strength: 20
}
{ success: true, message: 'Success.', data: [] }
Connected clients:  6
Connected clients:  7
{ event: '1C69209993A4', data: '{"event":"hb","data":1760143773335}' }
{ event: '1C69209993A4', data: '{"event":"hb","data":1760143893335}' }
Connected clients:  6
{ event: '1C69209993A4', data: '{"event":"hb","data":1760144013336}' }
{ event: '1C69209993A4', data: '{"event":"hb","data":1760144133336}' }
{ event: '1C69209993A4', data: '{"event":"hb","data":1760144253337}' }
{ event: '1C69209993A4', data: '{"event":"hb","data":1760144373338}' }
{ event: '1C69209993A4', data: '{"event":"hb","data":1760144493339}' }
{ event: '1C69209993A4', data: '{"event":"hb","data":1760144613339}' }
{ event: '1C69209993A4', data: '{"event":"hb","data":1760144733339}' }
{ event: '1C69209993A4', data: '{"event":"hb","data":1760144853339}' }
{ event: '1C69209993A4', data: '{"event":"hb","data":1760144973339}' }
{ event: '1C69209993A4', data: '{"event":"hb","data":1760145093338}' }
{ event: '1C69209993A4', data: '{"event":"hb","data":1760145213339}' }
{ event: '1C69209993A4', data: '{"event":"hb","data":1760145333339}' }
{ event: '1C69209993A4', data: '{"event":"hb","data":1760145453340}' }
{ event: '1C69209993A4', data: '{"event":"hb","data":1760145573340}' }
v2_5:shutdown 1C69209993A4
Connected clients:  5
disconnetion reported after 1 minute
Connected clients:  6
Connected clients:  5
Connected clients:  6
Connected clients:  5
v2_5:connect ["1C69209993A4","sim",0,"5D9D:0061B4",20,"2.5.02",0]
["1C69209993A4","sim",0,"5D9D:0061B4",20,"2.5.02",0]
{
  mac: '1C69209993A4',
  mode: 'sim',
  state: 0,
  apName: '5D9D:0061B4',
  apPass: 20,
  version: '2.5.02',
  manual_reset: 0
}
{
  event: '1C69209993A4',
  data: '{"event":"utc-now","data":1760146522}'
}
utc done
state does not match
updating connection {
  id: 24,
  state: 1,
  currentVersion: '2.5.02',
  newVersion: '2.5.02',
  mac: '1C69209993A4',
  volume: 100,
  type: 'pillbox-v2_5',
  env: 'sit',
  charging: true,
  resetRequired: false,
  compartments: '001011',
  operationMode: 'sim',
  battery: 100,
  heartbeat: 2025-10-01T16:13:35.000Z,
  online: true,
  viles: '001000',
  lac: '5D9D',
  ci: '0061B4',
  strength: 20
}
{ success: true, message: 'Success.', data: [] }
Connected clients:  6
{ event: '1C69209993A4', data: '{"event":"hb","data":1760146641688}' }
{ event: '1C69209993A4', data: '{"event":"hb","data":1760146761688}' }
{ event: '1C69209993A4', data: '{"event":"hb","data":1760146881688}' }
{ event: '1C69209993A4', data: '{"event":"hb","data":1760147001688}' }
{ event: '1C69209993A4', data: '{"event":"hb","data":1760147121688}' }
Connected clients:  7
{ event: '1C69209993A4', data: '{"event":"hb","data":1760147241689}' }
{ event: '1C69209993A4', data: '{"event":"hb","data":1760147361688}' }
Connected clients:  6
{ event: '1C69209993A4', data: '{"event":"hb","data":1760147481689}' }
{ event: '1C69209993A4', data: '{"event":"hb","data":1760147601690}' }
{ event: '1C69209993A4', data: '{"event":"hb","data":1760147721690}' }
{ event: '1C69209993A4', data: '{"event":"hb","data":1760147841690}' }
{ event: '1C69209993A4', data: '{"event":"hb","data":1760147961690}' }
{ event: '1C69209993A4', data: '{"event":"hb","data":1760148081690}' }
{ event: '1C69209993A4', data: '{"event":"hb","data":1760148201691}' }
{ event: '1C69209993A4', data: '{"event":"hb","data":1760148321690}' }
v2_5:shutdown 1C69209993A4
v2_5:connect ["1C69209993A4","sim",0,"5D9D:0061B4",21,"2.5.02",0]
["1C69209993A4","sim",0,"5D9D:0061B4",21,"2.5.02",0]
{
  mac: '1C69209993A4',
  mode: 'sim',
  state: 0,
  apName: '5D9D:0061B4',
  apPass: 21,
  version: '2.5.02',
  manual_reset: 0
}
{
  event: '1C69209993A4',
  data: '{"event":"utc-now","data":1760148344}'
}
utc done
state does not match
updating connection {
  id: 24,
  state: 1,
  currentVersion: '2.5.02',
  newVersion: '2.5.02',
  mac: '1C69209993A4',
  volume: 100,
  type: 'pillbox-v2_5',
  env: 'sit',
  charging: true,
  resetRequired: false,
  compartments: '001011',
  operationMode: 'sim',
  battery: 100,
  heartbeat: 2025-10-01T16:13:35.000Z,
  online: true,
  viles: '001000',
  lac: '5D9D',
  ci: '0061B4',
  strength: 21
}
{ success: true, message: 'Success.', data: [] }
{ event: '1C69209993A4', data: '{"event":"hb","data":1760148463624}' }
{ event: '1C69209993A4', data: '{"event":"hb","data":1760148583624}' }
{ event: '1C69209993A4', data: '{"event":"hb","data":1760148703625}' }
{ event: '1C69209993A4', data: '{"event":"hb","data":1760148823624}' }
{ event: '1C69209993A4', data: '{"event":"hb","data":1760148943625}' }
{ event: '1C69209993A4', data: '{"event":"hb","data":1760149063625}' }
{ event: '1C69209993A4', data: '{"event":"hb","data":1760149183625}' }
{ event: '1C69209993A4', data: '{"event":"hb","data":1760149303624}' }
{ event: '1C69209993A4', data: '{"event":"hb","data":1760149423625}' }
{ event: '1C69209993A4', data: '{"event":"hb","data":1760149543624}' }
{ event: '1C69209993A4', data: '{"event":"hb","data":1760149663625}' }
{ event: '1C69209993A4', data: '{"event":"hb","data":1760149783625}' }
{ event: '1C69209993A4', data: '{"event":"hb","data":1760149903625}' }
{ event: '1C69209993A4', data: '{"event":"hb","data":1760150023626}' }
{ event: '1C69209993A4', data: '{"event":"hb","data":1760150143626}' }
{ event: '1C69209993A4', data: '{"event":"hb","data":1760150263625}' }
v2_5:shutdown 1C69209993A4
Connected clients:  5
disconnetion reported after 1 minute
v2_5:connect ["1C69209993A4","sim",0,"5D9D:0061B4",15,"2.5.02",0]
["1C69209993A4","sim",0,"5D9D:0061B4",15,"2.5.02",0]
{
  mac: '1C69209993A4',
  mode: 'sim',
  state: 0,
  apName: '5D9D:0061B4',
  apPass: 15,
  version: '2.5.02',
  manual_reset: 0
}
{
  event: '1C69209993A4',
  data: '{"event":"utc-now","data":1760151212}'
}
utc done
state does not match
updating connection {
  id: 24,
  state: 1,
  currentVersion: '2.5.02',
  newVersion: '2.5.02',
  mac: '1C69209993A4',
  volume: 100,
  type: 'pillbox-v2_5',
  env: 'sit',
  charging: true,
  resetRequired: false,
  compartments: '001011',
  operationMode: 'sim',
  battery: 100,
  heartbeat: 2025-10-01T16:13:35.000Z,
  online: true,
  viles: '001000',
  lac: '5D9D',
  ci: '0061B4',
  strength: 15
}
{ success: true, message: 'Success.', data: [] }
Connected clients:  6
{ event: '1C69209993A4', data: '{"event":"hb","data":1760151331689}' }
{ event: '1C69209993A4', data: '{"event":"hb","data":1760151451690}' }
{ event: '1C69209993A4', data: '{"event":"hb","data":1760151571690}' }
{ event: '1C69209993A4', data: '{"event":"hb","data":1760151691691}' }
{ event: '1C69209993A4', data: '{"event":"hb","data":1760151811691}' }
{ event: '1C69209993A4', data: '{"event":"hb","data":1760151931690}' }
{ event: '1C69209993A4', data: '{"event":"hb","data":1760152051691}' }
{ event: '1C69209993A4', data: '{"event":"hb","data":1760152171692}' }
{ event: '1C69209993A4', data: '{"event":"hb","data":1760152291692}' }
{ event: '1C69209993A4', data: '{"event":"hb","data":1760152411693}' }
{ event: '1C69209993A4', data: '{"event":"hb","data":1760152531694}' }
{ event: '1C69209993A4', data: '{"event":"hb","data":1760152651693}' }
{ event: '1C69209993A4', data: '{"event":"hb","data":1760152771694}' }
{ event: '1C69209993A4', data: '{"event":"hb","data":1760152891695}' }
{ event: '1C69209993A4', data: '{"event":"hb","data":1760153011695}' }
{ event: '1C69209993A4', data: '{"event":"hb","data":1760153131696}' }
v2_5:shutdown 1C69209993A4
Connected clients:  5
disconnetion reported after 1 minute
Connected clients:  6
Connected clients:  5
Connected clients:  6
v2_5:connect ["1C69209993A4","sim",0,"5D9D:0061B4",19,"2.5.02",0]
["1C69209993A4","sim",0,"5D9D:0061B4",19,"2.5.02",0]
{
  mac: '1C69209993A4',
  mode: 'sim',
  state: 0,
  apName: '5D9D:0061B4',
  apPass: 19,
  version: '2.5.02',
  manual_reset: 0
}
{
  event: '1C69209993A4',
  data: '{"event":"utc-now","data":1760154064}'
}
utc done
state does not match
updating connection {
  id: 24,
  state: 1,
  currentVersion: '2.5.02',
  newVersion: '2.5.02',
  mac: '1C69209993A4',
  volume: 100,
  type: 'pillbox-v2_5',
  env: 'sit',
  charging: true,
  resetRequired: false,
  compartments: '001011',
  operationMode: 'sim',
  battery: 100,
  heartbeat: 2025-10-01T16:13:35.000Z,
  online: true,
  viles: '001000',
  lac: '5D9D',
  ci: '0061B4',
  strength: 19
}
{ success: true, message: 'Success.', data: [] }
{ event: '1C69209993A4', data: '{"event":"hb","data":1760154184449}' }
{ event: '1C69209993A4', data: '{"event":"hb","data":1760154304449}' }
{ event: '1C69209993A4', data: '{"event":"hb","data":1760154424449}' }
Connected clients:  7
{ event: '1C69209993A4', data: '{"event":"hb","data":1760154544448}' }
{ event: '1C69209993A4', data: '{"event":"hb","data":1760154664448}' }
Connected clients:  6
{ event: '1C69209993A4', data: '{"event":"hb","data":1760154784449}' }
{ event: '1C69209993A4', data: '{"event":"hb","data":1760154904449}' }
{ event: '1C69209993A4', data: '{"event":"hb","data":1760155024449}' }
{ event: '1C69209993A4', data: '{"event":"hb","data":1760155144448}' }
{ event: '1C69209993A4', data: '{"event":"hb","data":1760155264449}' }
{ event: '1C69209993A4', data: '{"event":"hb","data":1760155384450}' }
{ event: '1C69209993A4', data: '{"event":"hb","data":1760155504450}' }
{ event: '1C69209993A4', data: '{"event":"hb","data":1760155624450}' }
{ event: '1C69209993A4', data: '{"event":"hb","data":1760155744450}' }
{ event: '1C69209993A4', data: '{"event":"hb","data":1760155864451}' }
{ event: '1C69209993A4', data: '{"event":"hb","data":1760155984451}' }
v2_5:shutdown 1C69209993A4
Connected clients:  5
disconnetion reported after 1 minute
v2_5:connect ["1C69209993A4","sim",0,"5D9D:0061B4",23,"2.5.02",0]
["1C69209993A4","sim",0,"5D9D:0061B4",23,"2.5.02",0]
{
  mac: '1C69209993A4',
  mode: 'sim',
  state: 0,
  apName: '5D9D:0061B4',
  apPass: 23,
  version: '2.5.02',
  manual_reset: 0
}
{
  event: '1C69209993A4',
  data: '{"event":"utc-now","data":1760156933}'
}
utc done
state does not match
updating connection {
  id: 24,
  state: 1,
  currentVersion: '2.5.02',
  newVersion: '2.5.02',
  mac: '1C69209993A4',
  volume: 100,
  type: 'pillbox-v2_5',
  env: 'sit',
  charging: true,
  resetRequired: false,
  compartments: '001011',
  operationMode: 'sim',
  battery: 100,
  heartbeat: 2025-10-01T16:13:35.000Z,
  online: true,
  viles: '001000',
  lac: '5D9D',
  ci: '0061B4',
  strength: 23
}
{ success: true, message: 'Success.', data: [] }
Connected clients:  6
{ event: '1C69209993A4', data: '{"event":"hb","data":1760157052690}' }
{ event: '1C69209993A4', data: '{"event":"hb","data":1760157172691}' }
{ event: '1C69209993A4', data: '{"event":"hb","data":1760157292691}' }
{ event: '1C69209993A4', data: '{"event":"hb","data":1760157412691}' }
{ event: '1C69209993A4', data: '{"event":"hb","data":1760157532691}' }
{ event: '1C69209993A4', data: '{"event":"hb","data":1760157652691}' }
{ event: '1C69209993A4', data: '{"event":"hb","data":1760157772690}' }
{ event: '1C69209993A4', data: '{"event":"hb","data":1760157892690}' }
{ event: '1C69209993A4', data: '{"event":"hb","data":1760158012690}' }
{ event: '1C69209993A4', data: '{"event":"hb","data":1760158132691}' }
{ event: '1C69209993A4', data: '{"event":"hb","data":1760158252691}' }
{ event: '1C69209993A4', data: '{"event":"hb","data":1760158372692}' }
{ event: '1C69209993A4', data: '{"event":"hb","data":1760158492692}' }
{ event: '1C69209993A4', data: '{"event":"hb","data":1760158612693}' }
{ event: '1C69209993A4', data: '{"event":"hb","data":1760158732692}' }
{ event: '1C69209993A4', data: '{"event":"hb","data":1760158852692}' }
v2_5:shutdown 1C69209993A4
Connected clients:  5
disconnetion reported after 1 minute
v2_5:connect ["1C69209B8184","sim",0,"0813:009A98",24,"2.5.02",0]
["1C69209B8184","sim",0,"0813:009A98",24,"2.5.02",0]
{
  mac: '1C69209B8184',
  mode: 'sim',
  state: 0,
  apName: '0813:009A98',
  apPass: 24,
  version: '2.5.02',
  manual_reset: 0
}
{
  event: '1C69209B8184',
  data: '{"event":"utc-now","data":1760159743}'
}
utc done
state does not match
updating connection {
  id: 28,
  state: 1,
  currentVersion: '2.5.02',
  newVersion: '2.5.02',
  mac: '1C69209B8184',
  volume: 100,
  type: 'pillbox-v2_5',
  env: 'sit',
  charging: true,
  resetRequired: false,
  compartments: '010000',
  operationMode: 'sim',
  battery: 100,
  heartbeat: 2025-10-01T15:39:27.000Z,
  online: true,
  viles: '000000',
  lac: '0813',
  ci: '009A98',
  strength: 24
}
{ success: true, message: 'Success.', data: [] }
Connected clients:  6
v2_5:connect ["1C69209993A4","sim",0,"5D9D:0061B4",20,"2.5.02",0]
["1C69209993A4","sim",0,"5D9D:0061B4",20,"2.5.02",0]
{
  mac: '1C69209993A4',
  mode: 'sim',
  state: 0,
  apName: '5D9D:0061B4',
  apPass: 20,
  version: '2.5.02',
  manual_reset: 0
}
{
  event: '1C69209993A4',
  data: '{"event":"utc-now","data":1760159786}'
}
utc done
state does not match
updating connection {
  id: 24,
  state: 1,
  currentVersion: '2.5.02',
  newVersion: '2.5.02',
  mac: '1C69209993A4',
  volume: 100,
  type: 'pillbox-v2_5',
  env: 'sit',
  charging: true,
  resetRequired: false,
  compartments: '001011',
  operationMode: 'sim',
  battery: 100,
  heartbeat: 2025-10-01T16:13:35.000Z,
  online: true,
  viles: '001000',
  lac: '5D9D',
  ci: '0061B4',
  strength: 20
}
{ success: true, message: 'Success.', data: [] }
Connected clients:  7
v2_5:shutdown {"mac":"1C69209B8184","reason":"manual-turn-off"}
disconnetion reported
{ event: '1C69209B8184', data: '{"event":"hb","data":1760159863183}' }
v2_5:shutdown 1C69209B8184
disconnetion report ignored, reason wifi-disconnect
Connected clients:  6
v2_5:connect ["1C69209B8184","sim",0,"0813:009A98",23,"2.5.02",0]
["1C69209B8184","sim",0,"0813:009A98",23,"2.5.02",0]
{
  mac: '1C69209B8184',
  mode: 'sim',
  state: 0,
  apName: '0813:009A98',
  apPass: 23,
  version: '2.5.02',
  manual_reset: 0
}
{
  event: '1C69209B8184',
  data: '{"event":"utc-now","data":1760159897}'
}
utc done
state does not match
updating connection {
  id: 28,
  state: 1,
  currentVersion: '2.5.02',
  newVersion: '2.5.02',
  mac: '1C69209B8184',
  volume: 100,
  type: 'pillbox-v2_5',
  env: 'sit',
  charging: true,
  resetRequired: false,
  compartments: '010000',
  operationMode: 'sim',
  battery: 100,
  heartbeat: 2025-10-01T15:39:27.000Z,
  online: true,
  viles: '000000',
  lac: '0813',
  ci: '009A98',
  strength: 23
}
{ success: true, message: 'Success.', data: [] }
Connected clients:  7
{ event: '1C69209993A4', data: '{"event":"hb","data":1760159905633}' }
{ event: '1C69209B8184', data: '{"event":"hb","data":1760160016844}' }
{ event: '1C69209993A4', data: '{"event":"hb","data":1760160025633}' }
Connected clients:  8
{ event: '1C69209B8184', data: '{"event":"hb","data":1760160136844}' }
{ event: '1C69209993A4', data: '{"event":"hb","data":1760160145633}' }
[
  {
    mac: '1C69209B8184',
    time: '2025-10-11 18:00:00',
    vile: '2',
    pills: 1,
    repeat: 10,
    reference: 109160,
    windowSize: 20,
    muted: 1
  },
  {
    mac: '1C69209B8184',
    time: '2025-10-13 18:00:00',
    vile: '2',
    pills: 1,
    repeat: 10,
    reference: 109161,
    windowSize: 20,
    muted: 1
  },
  {
    mac: '1C69209B8184',
    time: '2025-10-15 18:00:00',
    vile: '2',
    pills: 1,
    repeat: 10,
    reference: 109162,
    windowSize: 20,
    muted: 1
  },
  {
    mac: '1C69209B8184',
    time: '2025-10-17 18:00:00',
    vile: '2',
    pills: 1,
    repeat: 10,
    reference: 109163,
    windowSize: 20,
    muted: 1
  },
  {
    mac: '1C69209B8184',
    time: '2025-10-19 18:00:00',
    vile: '2',
    pills: 1,
    repeat: 10,
    reference: 109164,
    windowSize: 20,
    muted: 1
  }
]
2025-10-11 18:00:00
2025-10-13 18:00:00
2025-10-15 18:00:00
2025-10-17 18:00:00
2025-10-19 18:00:00
[ 109164, 0, 1, 20, 10, 2880, 5, [ 29336760 ] ]
sending medicine for 1C69209B8184
{
  event: '1C69209B8184',
  data: '{"event":"medicine","data":[109164,0,1,20,10,2880,5,[29336760]]}'
}
clearing medicine informer for 1C69209B8184
medicine fetched UpdateResult { generatedMaps: [], raw: [], affected: 1 }
{ event: '1C69209B8184', data: '{"event":"hb","data":1760160256845}' }
{ event: '1C69209993A4', data: '{"event":"hb","data":1760160265634}' }
Connected clients:  7
{ event: '1C69209B8184', data: '{"event":"hb","data":1760160376845}' }
{ event: '1C69209993A4', data: '{"event":"hb","data":1760160385634}' }
[ 109160, 109161, 109162, 109163, 109164 ]
sending remove med for 1C69209B8184
{
  event: '1C69209B8184',
  data: '{"event":"remove-med","data":[109164]}'
}
{ event: '1C69209B8184', data: '{"event":"hb","data":1760160496845}' }
{ event: '1C69209993A4', data: '{"event":"hb","data":1760160505635}' }
[
  {
    mac: '1C69209B8184',
    time: '2025-10-11 06:00:00',
    vile: '3',
    pills: 1,
    repeat: 10,
    reference: 109165,
    windowSize: 20,
    muted: 1
  },
  {
    mac: '1C69209B8184',
    time: '2025-10-13 06:00:00',
    vile: '3',
    pills: 1,
    repeat: 10,
    reference: 109166,
    windowSize: 20,
    muted: 1
  },
  {
    mac: '1C69209B8184',
    time: '2025-10-15 06:00:00',
    vile: '3',
    pills: 1,
    repeat: 10,
    reference: 109167,
    windowSize: 20,
    muted: 1
  },
  {
    mac: '1C69209B8184',
    time: '2025-10-17 06:00:00',
    vile: '3',
    pills: 1,
    repeat: 10,
    reference: 109168,
    windowSize: 20,
    muted: 1
  },
  {
    mac: '1C69209B8184',
    time: '2025-10-19 06:00:00',
    vile: '3',
    pills: 1,
    repeat: 10,
    reference: 109169,
    windowSize: 20,
    muted: 1
  },
  {
    mac: '1C69209B8184',
    time: '2025-10-21 06:00:00',
    vile: '3',
    pills: 1,
    repeat: 10,
    reference: 109170,
    windowSize: 20,
    muted: 1
  },
  {
    mac: '1C69209B8184',
    time: '2025-10-23 06:00:00',
    vile: '3',
    pills: 1,
    repeat: 10,
    reference: 109171,
    windowSize: 20,
    muted: 1
  },
  {
    mac: '1C69209B8184',
    time: '2025-10-25 06:00:00',
    vile: '3',
    pills: 1,
    repeat: 10,
    reference: 109172,
    windowSize: 20,
    muted: 1
  },
  {
    mac: '1C69209B8184',
    time: '2025-10-27 06:00:00',
    vile: '3',
    pills: 1,
    repeat: 10,
    reference: 109173,
    windowSize: 20,
    muted: 1
  },
  {
    mac: '1C69209B8184',
    time: '2025-10-29 06:00:00',
    vile: '3',
    pills: 1,
    repeat: 10,
    reference: 109174,
    windowSize: 20,
    muted: 1
  }
]
2025-10-11 06:00:00
2025-10-13 06:00:00
2025-10-15 06:00:00
2025-10-17 06:00:00
2025-10-19 06:00:00
2025-10-21 06:00:00
2025-10-23 06:00:00
2025-10-25 06:00:00
2025-10-27 06:00:00
2025-10-29 06:00:00
[ 109174, 0, 2, 20, 10, 2880, 10, [ 29336040 ] ]
sending medicine for 1C69209B8184
{
  event: '1C69209B8184',
  data: '{"event":"medicine","data":[109174,0,2,20,10,2880,10,[29336040]]}'
}
clearing medicine informer for 1C69209B8184
medicine fetched UpdateResult { generatedMaps: [], raw: [], affected: 1 }
v2_5:vp {"mac":"1C69209B8184","vials":"001000"}
{ mac: '1C69209B8184', vials: '001000' }
{ event: '1C69209B8184', data: '{"event":"v2_5:vpr","data":""}' }
v2_5:shutdown {"mac":"1C69209B8184","reason":"manual-turn-off"}
disconnetion reported
{ event: '1C69209993A4', data: '{"event":"hb","data":1760160625636}' }
v2_5:shutdown 1C69209B8184
disconnetion report ignored, reason wifi-disconnect
v2_5:connect ["1C69209B8184","sim",0,"0813:009A98",23,"2.5.02",0]
["1C69209B8184","sim",0,"0813:009A98",23,"2.5.02",0]
{
  mac: '1C69209B8184',
  mode: 'sim',
  state: 0,
  apName: '0813:009A98',
  apPass: 23,
  version: '2.5.02',
  manual_reset: 0
}
{
  event: '1C69209B8184',
  data: '{"event":"utc-now","data":1760160635}'
}
utc done
state does not match
updating connection {
  id: 28,
  state: 1,
  currentVersion: '2.5.02',
  newVersion: '2.5.02',
  mac: '1C69209B8184',
  volume: 100,
  type: 'pillbox-v2_5',
  env: 'sit',
  charging: true,
  resetRequired: false,
  compartments: '001000',
  operationMode: 'sim',
  battery: 100,
  heartbeat: 2025-10-01T15:39:27.000Z,
  online: true,
  viles: '001000',
  lac: '0813',
  ci: '009A98',
  strength: 23
}
{ success: true, message: 'Success.', data: [] }
["1C69209B8184","0","2","0","2025-10-11 05:32:01","sit"]
cmp [ '0', '0', '0', '0', '0', '0' ]
log-data {
  pb_device_unique_id: '1C69209B8184',
  box_comp_id: 3,
  id: 0,
  battery_status: 100,
  taken_time: '2025-10-11 05:32:01',
  device_type: 'pillbox-v2_5',
  cbs: '000000',
  vilePosition: '000000',
  env: 'sit'
}
{ success: true, message: 'Success.', data: [] }
{ event: '1C69209B8184', data: '{"event":"clear-log","data":[0]}' }
v2_5:vp {"mac":"1C69209B8184","vials":"001000"}
{ mac: '1C69209B8184', vials: '001000' }
{ event: '1C69209B8184', data: '{"event":"v2_5:vpr","data":""}' }
{ event: '1C69209993A4', data: '{"event":"hb","data":1760160745635}' }
{
  mac: '1C69209B8184',
  id: '1',
  vial: '2',
  ref: '109165',
  instant: '2025-10-11 05:59:49'
}
{ event: '1C69209B8184', data: '{"event":"clear-log","data":[1]}' }
cmp [ '0', '0', '0', '0', '0', '0' ]
log-data {
  pb_device_unique_id: '1C69209B8184',
  box_comp_id: 3,
  id: 109165,
  battery_status: 100,
  taken_time: '2025-10-11 05:59:49',
  device_type: 'pillbox-v2_5',
  cbs: '000000',
  vilePosition: '000000',
  env: 'sit'
}
{ success: true, message: 'Success.', data: [] }
v2_5:vp {"mac":"1C69209B8184","vials":"001000"}
{ mac: '1C69209B8184', vials: '001000' }
{ event: '1C69209B8184', data: '{"event":"v2_5:vpr","data":""}' }
["1C69209B8184","2","2","0","2025-10-11 06:00:01","sit"]
cmp [ '0', '0', '0', '0', '0', '0' ]
log-data {
  pb_device_unique_id: '1C69209B8184',
  box_comp_id: 3,
  id: 0,
  battery_status: 100,
  taken_time: '2025-10-11 06:00:01',
  device_type: 'pillbox-v2_5',
  cbs: '000000',
  vilePosition: '000000',
  env: 'sit'
}
{ success: true, message: 'Success.', data: [] }
{ event: '1C69209B8184', data: '{"event":"clear-log","data":[2]}' }
v2_5:vp {"mac":"1C69209B8184","vials":"001000"}
{ mac: '1C69209B8184', vials: '001000' }
{ event: '1C69209B8184', data: '{"event":"v2_5:vpr","data":""}' }
{ event: '1C69209993A4', data: '{"event":"hb","data":1760160865636}' }
{ event: '1C69209B8184', data: '{"event":"hb","data":1760160968932}' }
{ event: '1C69209993A4', data: '{"event":"hb","data":1760160985637}' }
{
  mac: '1C69209B8184',
  id: '3',
  vial: '2',
  ref: '109166',
  instant: '2025-10-13 06:00:10'
}
{ event: '1C69209B8184', data: '{"event":"clear-log","data":[3]}' }
cmp [ '0', '0', '0', '0', '0', '0' ]
log-data {
  pb_device_unique_id: '1C69209B8184',
  box_comp_id: 3,
  id: 109166,
  battery_status: 100,
  taken_time: '2025-10-13 06:00:10',
  device_type: 'pillbox-v2_5',
  cbs: '000000',
  vilePosition: '000000',
  env: 'sit'
}
{ success: true, message: 'Success.', data: [] }
v2_5:vp {"mac":"1C69209B8184","vials":"001000"}
{ mac: '1C69209B8184', vials: '001000' }
{ event: '1C69209B8184', data: '{"event":"v2_5:vpr","data":""}' }
{ event: '1C69209993A4', data: '{"event":"hb","data":1760161105637}' }
{ event: '1C69209B8184', data: '{"event":"hb","data":1760161156551}' }
{
  mac: '1C69209B8184',
  id: '4',
  vial: '2',
  ref: '109167',
  instant: '2025-10-15 06:00:30'
}
{ event: '1C69209B8184', data: '{"event":"clear-log","data":[4]}' }
cmp [ '0', '0', '0', '0', '0', '0' ]
log-data {
  pb_device_unique_id: '1C69209B8184',
  box_comp_id: 3,
  id: 109167,
  battery_status: 100,
  taken_time: '2025-10-15 06:00:30',
  device_type: 'pillbox-v2_5',
  cbs: '000000',
  vilePosition: '000000',
  env: 'sit'
}
{ success: true, message: 'Success.', data: [] }
v2_5:vp {"mac":"1C69209B8184","vials":"001000"}
{ mac: '1C69209B8184', vials: '001000' }
{ event: '1C69209B8184', data: '{"event":"v2_5:vpr","data":""}' }
{ event: '1C69209993A4', data: '{"event":"hb","data":1760161225637}' }
{
  mac: '1C69209B8184',
  id: '5',
  vial: '2',
  ref: '109168',
  instant: '2025-10-17 06:00:05'
}
{ event: '1C69209B8184', data: '{"event":"clear-log","data":[5]}' }
cmp [ '0', '0', '0', '0', '0', '0' ]
log-data {
  pb_device_unique_id: '1C69209B8184',
  box_comp_id: 3,
  id: 109168,
  battery_status: 100,
  taken_time: '2025-10-17 06:00:05',
  device_type: 'pillbox-v2_5',
  cbs: '000000',
  vilePosition: '000000',
  env: 'sit'
}
{ success: true, message: 'Success.', data: [] }
v2_5:vp {"mac":"1C69209B8184","vials":"001000"}
{ mac: '1C69209B8184', vials: '001000' }
{ event: '1C69209B8184', data: '{"event":"v2_5:vpr","data":""}' }
{
  mac: '1C69209B8184',
  id: '6',
  vial: '2',
  ref: '109169',
  instant: '2025-10-19 06:00:08'
}
{ event: '1C69209B8184', data: '{"event":"clear-log","data":[6]}' }
cmp [ '0', '0', '0', '0', '0', '0' ]
log-data {
  pb_device_unique_id: '1C69209B8184',
  box_comp_id: 3,
  id: 109169,
  battery_status: 100,
  taken_time: '2025-10-19 06:00:08',
  device_type: 'pillbox-v2_5',
  cbs: '000000',
  vilePosition: '000000',
  env: 'sit'
}
{ success: true, message: 'Success.', data: [] }
v2_5:vp {"mac":"1C69209B8184","vials":"001000"}
{ mac: '1C69209B8184', vials: '001000' }
{ event: '1C69209B8184', data: '{"event":"v2_5:vpr","data":""}' }
{ event: '1C69209993A4', data: '{"event":"hb","data":1760161345636}' }
{ event: '1C69209B8184', data: '{"event":"hb","data":1760161458631}' }
{ event: '1C69209993A4', data: '{"event":"hb","data":1760161465636}' }
{ event: '1C69209B8184', data: '{"event":"hb","data":1760161578630}' }
{ event: '1C69209993A4', data: '{"event":"hb","data":1760161585637}' }
{ event: '1C69209B8184', data: '{"event":"hb","data":1760161698631}' }
{ event: '1C69209993A4', data: '{"event":"hb","data":1760161705638}' }
v2_5:shutdown 1C69209993A4
Connected clients:  6
{ event: '1C69209B8184', data: '{"event":"hb","data":1760161818630}' }
v2_5:charging {"mac":"1C69209B8184","status":"1"}
{ mac: '1C69209B8184', status: '1' }
[ 109170, 109171, 109172, 109173, 109174 ]
sending remove med for 1C69209B8184
{
  event: '1C69209B8184',
  data: '{"event":"remove-med","data":[109174]}'
}
resending remove med for 1C69209B8184
{
  event: '1C69209B8184',
  data: '{"event":"remove-med","data":[109174]}'
}
disconnetion reported after 1 minute
[
  {
    mac: '1C69209B8184',
    time: '2025-10-11 06:30:00',
    vile: '1',
    pills: 1,
    repeat: 10,
    reference: 109177,
    windowSize: 20,
    muted: 1
  },
  {
    mac: '1C69209B8184',
    time: '2025-10-11 12:30:00',
    vile: '1',
    pills: 1,
    repeat: 10,
    reference: 109178,
    windowSize: 20,
    muted: 1
  },
  {
    mac: '1C69209B8184',
    time: '2025-10-12 06:30:00',
    vile: '1',
    pills: 1,
    repeat: 10,
    reference: 109179,
    windowSize: 20,
    muted: 1
  },
  {
    mac: '1C69209B8184',
    time: '2025-10-12 12:30:00',
    vile: '1',
    pills: 1,
    repeat: 10,
    reference: 109180,
    windowSize: 20,
    muted: 1
  },
  {
    mac: '1C69209B8184',
    time: '2025-10-13 06:30:00',
    vile: '1',
    pills: 1,
    repeat: 10,
    reference: 109181,
    windowSize: 20,
    muted: 1
  },
  {
    mac: '1C69209B8184',
    time: '2025-10-13 12:30:00',
    vile: '1',
    pills: 1,
    repeat: 10,
    reference: 109182,
    windowSize: 20,
    muted: 1
  },
  {
    mac: '1C69209B8184',
    time: '2025-10-14 06:30:00',
    vile: '1',
    pills: 1,
    repeat: 10,
    reference: 109183,
    windowSize: 20,
    muted: 1
  },
  {
    mac: '1C69209B8184',
    time: '2025-10-14 12:30:00',
    vile: '1',
    pills: 1,
    repeat: 10,
    reference: 109184,
    windowSize: 20,
    muted: 1
  },
  {
    mac: '1C69209B8184',
    time: '2025-10-15 06:30:00',
    vile: '1',
    pills: 1,
    repeat: 10,
    reference: 109185,
    windowSize: 20,
    muted: 1
  },
  {
    mac: '1C69209B8184',
    time: '2025-10-15 12:30:00',
    vile: '1',
    pills: 1,
    repeat: 10,
    reference: 109186,
    windowSize: 20,
    muted: 1
  }
]
2025-10-11 06:30:00
2025-10-11 12:30:00
2025-10-12 06:30:00
2025-10-12 12:30:00
2025-10-13 06:30:00
2025-10-13 12:30:00
2025-10-14 06:30:00
2025-10-14 12:30:00
2025-10-15 06:30:00
2025-10-15 12:30:00
[ 109186, 0, 0, 20, 10, 1440, 10, [ 29336070, 29336430 ] ]
sending medicine for 1C69209B8184
{
  event: '1C69209B8184',
  data: '{"event":"medicine","data":[109186,0,0,20,10,1440,10,[29336070,29336430]]}'
}
clearing medicine informer for 1C69209B8184
medicine fetched UpdateResult { generatedMaps: [], raw: [], affected: 1 }
[ 109177, 109179, 109181, 109183, 109185 ]
sending remove med for 1C69209B8184
{
  event: '1C69209B8184',
  data: '{"event":"remove-med","data":[109186]}'
}
[ 109178, 109180, 109182, 109184, 109186 ]
{ event: '1C69209B8184', data: '{"event":"hb","data":1760161941233}' }
v2_5:shutdown 1C69209B8184
v2_5:connect ["1C69209B8184","sim",0,"0813:009A98",24,"2.5.02",0]
["1C69209B8184","sim",0,"0813:009A98",24,"2.5.02",0]
{
  mac: '1C69209B8184',
  mode: 'sim',
  state: 0,
  apName: '0813:009A98',
  apPass: 24,
  version: '2.5.02',
  manual_reset: 0
}
{
  event: '1C69209B8184',
  data: '{"event":"utc-now","data":1760161966}'
}
utc done
state does not match
updating connection {
  id: 28,
  state: 1,
  currentVersion: '2.5.02',
  newVersion: '2.5.02',
  mac: '1C69209B8184',
  volume: 100,
  type: 'pillbox-v2_5',
  env: 'sit',
  charging: true,
  resetRequired: false,
  compartments: '001000',
  operationMode: 'sim',
  battery: 100,
  heartbeat: 2025-10-01T15:39:27.000Z,
  online: true,
  viles: '000000',
  lac: '0813',
  ci: '009A98',
  strength: 24
}
{ success: true, message: 'Success.', data: [] }
{ event: '1C69209B8184', data: '{"event":"hb","data":1760162086350}' }
[
  {
    mac: '1C69209B8184',
    time: '2025-10-11 06:30:00',
    vile: '2',
    pills: 1,
    repeat: 10,
    reference: 109187,
    windowSize: 20,
    muted: 1
  },
  {
    mac: '1C69209B8184',
    time: '2025-10-11 12:30:00',
    vile: '2',
    pills: 1,
    repeat: 10,
    reference: 109188,
    windowSize: 20,
    muted: 1
  },
  {
    mac: '1C69209B8184',
    time: '2025-10-12 06:30:00',
    vile: '2',
    pills: 1,
    repeat: 10,
    reference: 109189,
    windowSize: 20,
    muted: 1
  },
  {
    mac: '1C69209B8184',
    time: '2025-10-12 12:30:00',
    vile: '2',
    pills: 1,
    repeat: 10,
    reference: 109190,
    windowSize: 20,
    muted: 1
  },
  {
    mac: '1C69209B8184',
    time: '2025-10-13 06:30:00',
    vile: '2',
    pills: 1,
    repeat: 10,
    reference: 109191,
    windowSize: 20,
    muted: 1
  },
  {
    mac: '1C69209B8184',
    time: '2025-10-13 12:30:00',
    vile: '2',
    pills: 1,
    repeat: 10,
    reference: 109192,
    windowSize: 20,
    muted: 1
  },
  {
    mac: '1C69209B8184',
    time: '2025-10-14 06:30:00',
    vile: '2',
    pills: 1,
    repeat: 10,
    reference: 109193,
    windowSize: 20,
    muted: 1
  },
  {
    mac: '1C69209B8184',
    time: '2025-10-14 12:30:00',
    vile: '2',
    pills: 1,
    repeat: 10,
    reference: 109194,
    windowSize: 20,
    muted: 1
  },
  {
    mac: '1C69209B8184',
    time: '2025-10-15 06:30:00',
    vile: '2',
    pills: 1,
    repeat: 10,
    reference: 109195,
    windowSize: 20,
    muted: 1
  },
  {
    mac: '1C69209B8184',
    time: '2025-10-15 12:30:00',
    vile: '2',
    pills: 1,
    repeat: 10,
    reference: 109196,
    windowSize: 20,
    muted: 1
  }
]
2025-10-11 06:30:00
2025-10-11 12:30:00
2025-10-12 06:30:00
2025-10-12 12:30:00
2025-10-13 06:30:00
2025-10-13 12:30:00
2025-10-14 06:30:00
2025-10-14 12:30:00
2025-10-15 06:30:00
2025-10-15 12:30:00
[ 109196, 0, 1, 20, 10, 1440, 10, [ 29336070, 29336430 ] ]
sending medicine for 1C69209B8184
{
  event: '1C69209B8184',
  data: '{"event":"medicine","data":[109196,0,1,20,10,1440,10,[29336070,29336430]]}'
}
clearing medicine informer for 1C69209B8184
medicine fetched UpdateResult { generatedMaps: [], raw: [], affected: 1 }
v2_5:vp {"mac":"1C69209B8184","vials":"010000"}
{ mac: '1C69209B8184', vials: '010000' }
{ event: '1C69209B8184', data: '{"event":"v2_5:vpr","data":""}' }
{
  mac: '1C69209B8184',
  id: '0',
  vial: '1',
  ref: '109187',
  instant: '2025-10-11 06:30:05'
}
{ event: '1C69209B8184', data: '{"event":"clear-log","data":[0]}' }
cmp [ '0', '0', '0', '0', '0', '0' ]
log-data {
  pb_device_unique_id: '1C69209B8184',
  box_comp_id: 2,
  id: 109187,
  battery_status: 100,
  taken_time: '2025-10-11 06:30:05',
  device_type: 'pillbox-v2_5',
  cbs: '000000',
  vilePosition: '000000',
  env: 'sit'
}
{ success: true, message: 'Success.', data: [] }
v2_5:vp {"mac":"1C69209B8184","vials":"010000"}
{ mac: '1C69209B8184', vials: '010000' }
{ event: '1C69209B8184', data: '{"event":"v2_5:vpr","data":""}' }
{
  mac: '1C69209B8184',
  id: '1',
  vial: '1',
  ref: '109188',
  instant: '2025-10-11 12:30:05'
}
{ event: '1C69209B8184', data: '{"event":"clear-log","data":[1]}' }
cmp [ '0', '0', '0', '0', '0', '0' ]
log-data {
  pb_device_unique_id: '1C69209B8184',
  box_comp_id: 2,
  id: 109188,
  battery_status: 100,
  taken_time: '2025-10-11 12:30:05',
  device_type: 'pillbox-v2_5',
  cbs: '000000',
  vilePosition: '000000',
  env: 'sit'
}
{ success: true, message: 'Success.', data: [] }
v2_5:vp {"mac":"1C69209B8184","vials":"010000"}
{ mac: '1C69209B8184', vials: '010000' }
{ event: '1C69209B8184', data: '{"event":"v2_5:vpr","data":""}' }
{ event: '1C69209B8184', data: '{"event":"hb","data":1760162396770}' }
{ event: '1C69209B8184', data: '{"event":"hb","data":1760162516771}' }
{ event: '1C69209B8184', data: '{"event":"hb","data":1760162636770}' }
v2_5:connect ["1C69209993A4","sim",0,"5D9D:0061B4",20,"2.5.02",0]
["1C69209993A4","sim",0,"5D9D:0061B4",20,"2.5.02",0]
{
  mac: '1C69209993A4',
  mode: 'sim',
  state: 0,
  apName: '5D9D:0061B4',
  apPass: 20,
  version: '2.5.02',
  manual_reset: 0
}
{
  event: '1C69209993A4',
  data: '{"event":"utc-now","data":1760162649}'
}
utc done
state does not match
updating connection {
  id: 24,
  state: 1,
  currentVersion: '2.5.02',
  newVersion: '2.5.02',
  mac: '1C69209993A4',
  volume: 100,
  type: 'pillbox-v2_5',
  env: 'sit',
  charging: true,
  resetRequired: false,
  compartments: '001011',
  operationMode: 'sim',
  battery: 100,
  heartbeat: 2025-10-01T16:13:35.000Z,
  online: true,
  viles: '001000',
  lac: '5D9D',
  ci: '0061B4',
  strength: 20
}
{ success: true, message: 'Success.', data: [] }
Connected clients:  7
{
  mac: '1C69209B8184',
  id: '2',
  vial: '1',
  ref: '109189',
  instant: '2025-10-12 06:31:01'
}
{ event: '1C69209B8184', data: '{"event":"clear-log","data":[2]}' }
cmp [ '0', '0', '0', '0', '0', '0' ]
log-data {
  pb_device_unique_id: '1C69209B8184',
  box_comp_id: 2,
  id: 109189,
  battery_status: 100,
  taken_time: '2025-10-12 06:31:01',
  device_type: 'pillbox-v2_5',
  cbs: '000000',
  vilePosition: '000000',
  env: 'sit'
}
{ success: true, message: 'Success.', data: [] }
v2_5:vp {"mac":"1C69209B8184","vials":"010000"}
{ mac: '1C69209B8184', vials: '010000' }
{ event: '1C69209B8184', data: '{"event":"v2_5:vpr","data":""}' }
{ event: '1C69209993A4', data: '{"event":"hb","data":1760162769073}' }
{ event: '1C69209B8184', data: '{"event":"hb","data":1760162814887}' }
{ event: '1C69209993A4', data: '{"event":"hb","data":1760162889073}' }
{ event: '1C69209B8184', data: '{"event":"hb","data":1760162934887}' }
{
  mac: '1C69209B8184',
  id: '3',
  vial: '1',
  ref: '109190',
  instant: '2025-10-12 12:35:34'
}
{ event: '1C69209B8184', data: '{"event":"clear-log","data":[3]}' }
cmp [ '0', '0', '0', '0', '0', '0' ]
log-data {
  pb_device_unique_id: '1C69209B8184',
  box_comp_id: 2,
  id: 109190,
  battery_status: 100,
  taken_time: '2025-10-12 12:35:34',
  device_type: 'pillbox-v2_5',
  cbs: '000000',
  vilePosition: '000000',
  env: 'sit'
}
{ success: true, message: 'Success.', data: [] }
v2_5:vp {"mac":"1C69209B8184","vials":"010000"}
{ mac: '1C69209B8184', vials: '010000' }
{ event: '1C69209B8184', data: '{"event":"v2_5:vpr","data":""}' }
{ event: '1C69209993A4', data: '{"event":"hb","data":1760163009074}' }
{ event: '1C69209B8184', data: '{"event":"hb","data":1760163089117}' }
{ event: '1C69209993A4', data: '{"event":"hb","data":1760163129074}' }
{ event: '1C69209B8184', data: '{"event":"hb","data":1760163209118}' }
{ event: '1C69209993A4', data: '{"event":"hb","data":1760163249074}' }
{ event: '1C69209B8184', data: '{"event":"hb","data":1760163329118}' }
{ event: '1C69209993A4', data: '{"event":"hb","data":1760163369074}' }
{ event: '1C69209B8184', data: '{"event":"hb","data":1760163449118}' }
{ event: '1C69209993A4', data: '{"event":"hb","data":1760163489074}' }
{ event: '1C69209B8184', data: '{"event":"hb","data":1760163569119}' }
{ event: '1C69209993A4', data: '{"event":"hb","data":1760163609074}' }
{ event: '1C69209B8184', data: '{"event":"hb","data":1760163689118}' }
{ event: '1C69209993A4', data: '{"event":"hb","data":1760163729074}' }
{ event: '1C69209B8184', data: '{"event":"hb","data":1760163809119}' }
v2_5:shutdown 1C69209B8184
Connected clients:  6
{ event: '1C69209993A4', data: '{"event":"hb","data":1760163849074}' }
disconnetion reported after 1 minute
{ event: '1C69209993A4', data: '{"event":"hb","data":1760163969073}' }
{ event: '1C69209993A4', data: '{"event":"hb","data":1760164089073}' }
109124
{ event: '1C69209993A4', data: '{"event":"hb","data":1760164209073}' }
{ event: '1C69209993A4', data: '{"event":"hb","data":1760164329074}' }
{ event: '1C69209993A4', data: '{"event":"hb","data":1760164449074}' }
{ event: '1C69209993A4', data: '{"event":"hb","data":1760164569074}' }
v2_5:shutdown 1C69209993A4
Connected clients:  5
disconnetion reported after 1 minute
Connected clients:  6
v2_5:connect ["1C69209B8184","sim",0,"0813:009A98",24,"2.5.02",0]
["1C69209B8184","sim",0,"0813:009A98",24,"2.5.02",0]
{
  mac: '1C69209B8184',
  mode: 'sim',
  state: 0,
  apName: '0813:009A98',
  apPass: 24,
  version: '2.5.02',
  manual_reset: 0
}
{
  event: '1C69209B8184',
  data: '{"event":"utc-now","data":1760164833}'
}
utc done
state does not match
updating connection {
  id: 28,
  state: 1,
  currentVersion: '2.5.02',
  newVersion: '2.5.02',
  mac: '1C69209B8184',
  volume: 100,
  type: 'pillbox-v2_5',
  env: 'sit',
  charging: true,
  resetRequired: false,
  compartments: '010000',
  operationMode: 'sim',
  battery: 100,
  heartbeat: 2025-10-01T15:39:27.000Z,
  online: true,
  viles: '010000',
  lac: '0813',
  ci: '009A98',
  strength: 24
}
{ success: true, message: 'Success.', data: [] }
{
  mac: '1C69209B8184',
  id: '5',
  vial: '1',
  ref: '109191',
  instant: '2025-10-13 06:30:09'
}
{ event: '1C69209B8184', data: '{"event":"clear-log","data":[5]}' }
cmp [ '0', '0', '0', '0', '0', '0' ]
log-data {
  pb_device_unique_id: '1C69209B8184',
  box_comp_id: 2,
  id: 109191,
  battery_status: 100,
  taken_time: '2025-10-13 06:30:09',
  device_type: 'pillbox-v2_5',
  cbs: '000000',
  vilePosition: '000000',
  env: 'sit'
}
{ success: true, message: 'Success.', data: [] }
{ event: '1C69209B8184', data: '{"event":"hb","data":1760164953444}' }
{ event: '1C69209B8184', data: '{"event":"hb","data":1760165073445}' }
{ event: '1C69209B8184', data: '{"event":"hb","data":1760165193446}' }
{ event: '1C69209B8184', data: '{"event":"hb","data":1760165313446}' }
Connected clients:  7
{ event: '1C69209B8184', data: '{"event":"hb","data":1760165433446}' }
["1C69209B8184","6","1","0","2025-10-13 06:50:58","sit"]
cmp [ '0', '0', '0', '0', '0', '0' ]
log-data {
  pb_device_unique_id: '1C69209B8184',
  box_comp_id: 2,
  id: 0,
  battery_status: 100,
  taken_time: '2025-10-13 06:50:58',
  device_type: 'pillbox-v2_5',
  cbs: '000000',
  vilePosition: '000000',
  env: 'sit'
}
{ success: true, message: 'Success.', data: [] }
{ event: '1C69209B8184', data: '{"event":"clear-log","data":[6]}' }
v2_5:vp {"mac":"1C69209B8184","vials":"010000"}
{ mac: '1C69209B8184', vials: '010000' }
{ event: '1C69209B8184', data: '{"event":"v2_5:vpr","data":""}' }
["1C69209B8184","7","1","0","2025-10-13 06:51:14","sit"]
cmp [ '0', '0', '0', '0', '0', '0' ]
log-data {
  pb_device_unique_id: '1C69209B8184',
  box_comp_id: 2,
  id: 0,
  battery_status: 100,
  taken_time: '2025-10-13 06:51:14',
  device_type: 'pillbox-v2_5',
  cbs: '000000',
  vilePosition: '000000',
  env: 'sit'
}
{ success: true, message: 'Success.', data: [] }
v2_5:vp {"mac":"1C69209B8184","vials":"010000"}
{ mac: '1C69209B8184', vials: '010000' }
{ event: '1C69209B8184', data: '{"event":"v2_5:vpr","data":""}' }
{ event: '1C69209B8184', data: '{"event":"clear-log","data":[7]}' }
["1C69209B8184","8","1","0","2025-10-13 06:51:42","sit"]
cmp [ '0', '0', '0', '0', '0', '0' ]
log-data {
  pb_device_unique_id: '1C69209B8184',
  box_comp_id: 2,
  id: 0,
  battery_status: 100,
  taken_time: '2025-10-13 06:51:42',
  device_type: 'pillbox-v2_5',
  cbs: '000000',
  vilePosition: '000000',
  env: 'sit'
}
{ success: true, message: 'Success.', data: [] }
{ event: '1C69209B8184', data: '{"event":"clear-log","data":[8]}' }
v2_5:vp {"mac":"1C69209B8184","vials":"010000"}
{ mac: '1C69209B8184', vials: '010000' }
{ event: '1C69209B8184', data: '{"event":"v2_5:vpr","data":""}' }
Connected clients:  6
["1C69209B8184","9","1","0","2025-10-13 06:51:56","sit"]
cmp [ '0', '0', '0', '0', '0', '0' ]
log-data {
  pb_device_unique_id: '1C69209B8184',
  box_comp_id: 2,
  id: 0,
  battery_status: 100,
  taken_time: '2025-10-13 06:51:56',
  device_type: 'pillbox-v2_5',
  cbs: '000000',
  vilePosition: '000000',
  env: 'sit'
}
{ success: true, message: 'Success.', data: [] }
{ event: '1C69209B8184', data: '{"event":"clear-log","data":[9]}' }
v2_5:vp {"mac":"1C69209B8184","vials":"010000"}
{ mac: '1C69209B8184', vials: '010000' }
{ event: '1C69209B8184', data: '{"event":"v2_5:vpr","data":""}' }
v2_5:connect ["1C69209993A4","sim",0,"5D9D:0061B4",19,"2.5.02",0]
["1C69209993A4","sim",0,"5D9D:0061B4",19,"2.5.02",0]
{
  mac: '1C69209993A4',
  mode: 'sim',
  state: 0,
  apName: '5D9D:0061B4',
  apPass: 19,
  version: '2.5.02',
  manual_reset: 0
}
{
  event: '1C69209993A4',
  data: '{"event":"utc-now","data":1760165518}'
}
utc done
state does not match
updating connection {
  id: 24,
  state: 1,
  currentVersion: '2.5.02',
  newVersion: '2.5.02',
  mac: '1C69209993A4',
  volume: 100,
  type: 'pillbox-v2_5',
  env: 'sit',
  charging: true,
  resetRequired: false,
  compartments: '001011',
  operationMode: 'sim',
  battery: 100,
  heartbeat: 2025-10-01T16:13:35.000Z,
  online: true,
  viles: '001000',
  lac: '5D9D',
  ci: '0061B4',
  strength: 19
}
{ success: true, message: 'Success.', data: [] }
Connected clients:  7
{ event: '1C69209B8184', data: '{"event":"hb","data":1760165634951}' }
{ event: '1C69209993A4', data: '{"event":"hb","data":1760165637748}' }
{ event: '1C69209B8184', data: '{"event":"hb","data":1760165754952}' }
{ event: '1C69209993A4', data: '{"event":"hb","data":1760165757748}' }
{ event: '1C69209B8184', data: '{"event":"hb","data":1760165874953}' }
{ event: '1C69209993A4', data: '{"event":"hb","data":1760165877748}' }
{ event: '1C69209B8184', data: '{"event":"hb","data":1760165994952}' }
{ event: '1C69209993A4', data: '{"event":"hb","data":1760165997748}' }
{ event: '1C69209B8184', data: '{"event":"hb","data":1760166114953}' }
{ event: '1C69209993A4', data: '{"event":"hb","data":1760166117748}' }
{ event: '1C69209B8184', data: '{"event":"hb","data":1760166234953}' }
{ event: '1C69209993A4', data: '{"event":"hb","data":1760166237748}' }
{ event: '1C69209B8184', data: '{"event":"hb","data":1760166354954}' }
{ event: '1C69209993A4', data: '{"event":"hb","data":1760166357748}' }
{ event: '1C69209B8184', data: '{"event":"hb","data":1760166474955}' }
{ event: '1C69209993A4', data: '{"event":"hb","data":1760166477748}' }
{ event: '1C69209B8184', data: '{"event":"hb","data":1760166594955}' }
{ event: '1C69209993A4', data: '{"event":"hb","data":1760166597749}' }
{ event: '1C69209B8184', data: '{"event":"hb","data":1760166714956}' }
v2_5:shutdown 1C69209B8184
{ event: '1C69209993A4', data: '{"event":"hb","data":1760166717749}' }
Connected clients:  6
disconnetion reported after 1 minute
{ event: '1C69209993A4', data: '{"event":"hb","data":1760166837748}' }
104027
{ event: '1C69209993A4', data: '{"event":"hb","data":1760166957748}' }
{ event: '1C69209993A4', data: '{"event":"hb","data":1760167077749}' }
{ event: '1C69209993A4', data: '{"event":"hb","data":1760167197750}' }
{ event: '1C69209993A4', data: '{"event":"hb","data":1760167317751}' }
Connected clients:  7
{ event: '1C69209993A4', data: '{"event":"hb","data":1760167437753}' }
v2_5:shutdown 1C69209993A4
Connected clients:  6
Connected clients:  5
disconnetion reported after 1 minute
Connected clients:  6
v2_5:connect ["1C69209B8184","sim",0,"0813:009A98",24,"2.5.02",0]
["1C69209B8184","sim",0,"0813:009A98",24,"2.5.02",0]
{
  mac: '1C69209B8184',
  mode: 'sim',
  state: 0,
  apName: '0813:009A98',
  apPass: 24,
  version: '2.5.02',
  manual_reset: 0
}
{
  event: '1C69209B8184',
  data: '{"event":"utc-now","data":1760167707}'
}
utc done
state does not match
updating connection {
  id: 28,
  state: 1,
  currentVersion: '2.5.02',
  newVersion: '2.5.02',
  mac: '1C69209B8184',
  volume: 100,
  type: 'pillbox-v2_5',
  env: 'sit',
  charging: true,
  resetRequired: false,
  compartments: '010000',
  operationMode: 'sim',
  battery: 100,
  heartbeat: 2025-10-01T15:39:27.000Z,
  online: true,
  viles: '010000',
  lac: '0813',
  ci: '009A98',
  strength: 24
}
{ success: true, message: 'Success.', data: [] }
{ event: '1C69209B8184', data: '{"event":"hb","data":1760167826788}' }
{ event: '1C69209B8184', data: '{"event":"hb","data":1760167946788}' }
{ event: '1C69209B8184', data: '{"event":"hb","data":1760168066789}' }
{ event: '1C69209B8184', data: '{"event":"hb","data":1760168186789}' }
{ event: '1C69209B8184', data: '{"event":"hb","data":1760168306789}' }
["1C69209B8184","10","1","0","2025-10-11 07:38:47","sit"]
cmp [ '0', '0', '0', '0', '0', '0' ]
log-data {
  pb_device_unique_id: '1C69209B8184',
  box_comp_id: 2,
  id: 0,
  battery_status: 100,
  taken_time: '2025-10-11 07:38:47',
  device_type: 'pillbox-v2_5',
  cbs: '000000',
  vilePosition: '000000',
  env: 'sit'
}
{ success: true, message: 'Success.', data: [] }
{ event: '1C69209B8184', data: '{"event":"clear-log","data":[10]}' }
v2_5:vp {"mac":"1C69209B8184","vials":"010000"}
{ mac: '1C69209B8184', vials: '010000' }
{ event: '1C69209B8184', data: '{"event":"v2_5:vpr","data":""}' }
["1C69209B8184","11","1","0","2025-10-11 07:38:58","sit"]
cmp [ '0', '0', '0', '0', '0', '0' ]
log-data {
  pb_device_unique_id: '1C69209B8184',
  box_comp_id: 2,
  id: 0,
  battery_status: 100,
  taken_time: '2025-10-11 07:38:58',
  device_type: 'pillbox-v2_5',
  cbs: '000000',
  vilePosition: '000000',
  env: 'sit'
}
{ success: true, message: 'Success.', data: [] }
{ event: '1C69209B8184', data: '{"event":"clear-log","data":[11]}' }
v2_5:vp {"mac":"1C69209B8184","vials":"010000"}
{ mac: '1C69209B8184', vials: '010000' }
{ event: '1C69209B8184', data: '{"event":"v2_5:vpr","data":""}' }
v2_5:connect ["1C69209993A4","sim",0,"5D9D:0061B4",20,"2.5.02",0]
["1C69209993A4","sim",0,"5D9D:0061B4",20,"2.5.02",0]
{
  mac: '1C69209993A4',
  mode: 'sim',
  state: 0,
  apName: '5D9D:0061B4',
  apPass: 20,
  version: '2.5.02',
  manual_reset: 0
}
{
  event: '1C69209993A4',
  data: '{"event":"utc-now","data":1760168379}'
}
utc done
state does not match
updating connection {
  id: 24,
  state: 1,
  currentVersion: '2.5.02',
  newVersion: '2.5.02',
  mac: '1C69209993A4',
  volume: 100,
  type: 'pillbox-v2_5',
  env: 'sit',
  charging: true,
  resetRequired: false,
  compartments: '001011',
  operationMode: 'sim',
  battery: 100,
  heartbeat: 2025-10-01T16:13:35.000Z,
  online: true,
  viles: '001000',
  lac: '5D9D',
  ci: '0061B4',
  strength: 20
}
{ success: true, message: 'Success.', data: [] }
Connected clients:  7
{ event: '1C69209B8184', data: '{"event":"hb","data":1760168482610}' }
{ event: '1C69209993A4', data: '{"event":"hb","data":1760168499176}' }
{ event: '1C69209B8184', data: '{"event":"hb","data":1760168602609}' }
{ event: '1C69209993A4', data: '{"event":"hb","data":1760168619176}' }
{ event: '1C69209B8184', data: '{"event":"hb","data":1760168722610}' }
{ event: '1C69209993A4', data: '{"event":"hb","data":1760168739176}' }
{ event: '1C69209B8184', data: '{"event":"env","data":"sit"}' }
{ event: '1C69209B8184', data: '{"event":"env","data":"sit"}' }
Connected clients:  8
{ event: '1C69209B8184', data: '{"event":"hb","data":1760168842610}' }
{ event: '1C69209993A4', data: '{"event":"hb","data":1760168859175}' }
{ event: '1C69209B8184', data: '{"event":"hb","data":1760168962610}' }
{ event: '1C69209993A4', data: '{"event":"hb","data":1760168979176}' }
Connected clients:  7
{ event: '1C69209B8184', data: '{"event":"hb","data":1760169082610}' }
{ event: '1C69209993A4', data: '{"event":"hb","data":1760169099176}' }
{ event: '1C69209B8184', data: '{"event":"hb","data":1760169202609}' }
{ event: '1C69209993A4', data: '{"event":"hb","data":1760169219176}' }
{ event: '1C69209B8184', data: '{"event":"hb","data":1760169322610}' }
{ event: '1C69209993A4', data: '{"event":"hb","data":1760169339176}' }
{ event: '1C69209B8184', data: '{"event":"hb","data":1760169442610}' }
{ event: '1C69209993A4', data: '{"event":"hb","data":1760169459176}' }
{ event: '1C69209B8184', data: '{"event":"hb","data":1760169562610}' }
v2_5:shutdown 1C69209B8184
Connected clients:  6
{ event: '1C69209993A4', data: '{"event":"hb","data":1760169579175}' }
disconnetion reported after 1 minute
{ event: '1C69209993A4', data: '{"event":"hb","data":1760169699176}' }
{ event: '1C69209993A4', data: '{"event":"hb","data":1760169819175}' }
{ event: '1C69209993A4', data: '{"event":"hb","data":1760169939176}' }
{ event: '1C69209993A4', data: '{"event":"hb","data":1760170059177}' }
{ event: '1C69209993A4', data: '{"event":"hb","data":1760170179177}' }
{ event: '1C69209993A4', data: '{"event":"hb","data":1760170299177}' }
v2_5:shutdown 1C69209993A4
Connected clients:  5
disconnetion reported after 1 minute
v2_5:connect ["1C69209B8184","sim",0,"0813:009A98",24,"2.5.02",0]
["1C69209B8184","sim",0,"0813:009A98",24,"2.5.02",0]
{
  mac: '1C69209B8184',
  mode: 'sim',
  state: 0,
  apName: '0813:009A98',
  apPass: 24,
  version: '2.5.02',
  manual_reset: 0
}
{
  event: '1C69209B8184',
  data: '{"event":"utc-now","data":1760170574}'
}
utc done
state does not match
updating connection {
  id: 28,
  state: 1,
  currentVersion: '2.5.02',
  newVersion: '2.5.02',
  mac: '1C69209B8184',
  volume: 100,
  type: 'pillbox-v2_5',
  env: 'sit',
  charging: true,
  resetRequired: false,
  compartments: '010000',
  operationMode: 'sim',
  battery: 100,
  heartbeat: 2025-10-01T15:39:27.000Z,
  online: true,
  viles: '010000',
  lac: '0813',
  ci: '009A98',
  strength: 24
}
{ success: true, message: 'Success.', data: [] }
Connected clients:  6
{ event: '1C69209B8184', data: '{"event":"hb","data":1760170693593}' }
{ event: '1C69209B8184', data: '{"event":"hb","data":1760170813594}' }
{ event: '1C69209B8184', data: '{"event":"hb","data":1760170933594}' }
{ event: '1C69209B8184', data: '{"event":"hb","data":1760171053594}' }
{ event: '1C69209B8184', data: '{"event":"hb","data":1760171173595}' }
v2_5:connect ["1C69209993A4","sim",0,"5D9D:0061B4",22,"2.5.02",0]
["1C69209993A4","sim",0,"5D9D:0061B4",22,"2.5.02",0]
{
  mac: '1C69209993A4',
  mode: 'sim',
  state: 0,
  apName: '5D9D:0061B4',
  apPass: 22,
  version: '2.5.02',
  manual_reset: 0
}
{
  event: '1C69209993A4',
  data: '{"event":"utc-now","data":1760171243}'
}
utc done
state does not match
updating connection {
  id: 24,
  state: 1,
  currentVersion: '2.5.02',
  newVersion: '2.5.02',
  mac: '1C69209993A4',
  volume: 100,
  type: 'pillbox-v2_5',
  env: 'sit',
  charging: true,
  resetRequired: false,
  compartments: '001011',
  operationMode: 'sim',
  battery: 100,
  heartbeat: 2025-10-01T16:13:35.000Z,
  online: true,
  viles: '001000',
  lac: '5D9D',
  ci: '0061B4',
  strength: 22
}
{ success: true, message: 'Success.', data: [] }
Connected clients:  7
["1C69209B8184","12","1","0","2025-10-11 08:27:53","sit"]
cmp [ '0', '0', '0', '0', '0', '0' ]
log-data {
  pb_device_unique_id: '1C69209B8184',
  box_comp_id: 2,
  id: 0,
  battery_status: 100,
  taken_time: '2025-10-11 08:27:53',
  device_type: 'pillbox-v2_5',
  cbs: '000000',
  vilePosition: '000000',
  env: 'sit'
}
{ success: true, message: 'Success.', data: [] }
{ event: '1C69209B8184', data: '{"event":"clear-log","data":[12]}' }
v2_5:vp {"mac":"1C69209B8184","vials":"010000"}
{ mac: '1C69209B8184', vials: '010000' }
{ event: '1C69209B8184', data: '{"event":"v2_5:vpr","data":""}' }
["1C69209B8184","13","1","0","2025-10-11 08:28:12","sit"]
cmp [ '0', '0', '0', '0', '0', '0' ]
log-data {
  pb_device_unique_id: '1C69209B8184',
  box_comp_id: 2,
  id: 0,
  battery_status: 100,
  taken_time: '2025-10-11 08:28:12',
  device_type: 'pillbox-v2_5',
  cbs: '000000',
  vilePosition: '000000',
  env: 'sit'
}
{ success: true, message: 'Success.', data: [] }
{ event: '1C69209B8184', data: '{"event":"clear-log","data":[13]}' }
v2_5:vp {"mac":"1C69209B8184","vials":"010000"}
{ mac: '1C69209B8184', vials: '010000' }
{ event: '1C69209B8184', data: '{"event":"v2_5:vpr","data":""}' }
["1C69209B8184","14","1","0","2025-10-11 08:28:19","sit"]
cmp [ '0', '0', '0', '0', '0', '0' ]
log-data {
  pb_device_unique_id: '1C69209B8184',
  box_comp_id: 2,
  id: 0,
  battery_status: 100,
  taken_time: '2025-10-11 08:28:19',
  device_type: 'pillbox-v2_5',
  cbs: '000000',
  vilePosition: '000000',
  env: 'sit'
}
{ success: true, message: 'Success.', data: [] }
v2_5:vp {"mac":"1C69209B8184","vials":"010000"}
{ mac: '1C69209B8184', vials: '010000' }
{ event: '1C69209B8184', data: '{"event":"v2_5:vpr","data":""}' }
{ event: '1C69209B8184', data: '{"event":"clear-log","data":[14]}' }
["1C69209B8184","15","1","0","2025-10-11 08:29:16","sit"]
cmp [ '0', '0', '0', '0', '0', '0' ]
log-data {
  pb_device_unique_id: '1C69209B8184',
  box_comp_id: 2,
  id: 0,
  battery_status: 100,
  taken_time: '2025-10-11 08:29:16',
  device_type: 'pillbox-v2_5',
  cbs: '000000',
  vilePosition: '000000',
  env: 'sit'
}
{ success: true, message: 'Success.', data: [] }
v2_5:vp {"mac":"1C69209B8184","vials":"010000"}
{ mac: '1C69209B8184', vials: '010000' }
{ event: '1C69209B8184', data: '{"event":"v2_5:vpr","data":""}' }
{ event: '1C69209B8184', data: '{"event":"clear-log","data":[15]}' }
{ event: '1C69209993A4', data: '{"event":"hb","data":1760171363232}' }
{ event: '1C69209B8184', data: '{"event":"hb","data":1760171479973}' }
{ event: '1C69209993A4', data: '{"event":"hb","data":1760171483232}' }
{ event: '1C69209B8184', data: '{"event":"hb","data":1760171599973}' }
{ event: '1C69209993A4', data: '{"event":"hb","data":1760171603232}' }
Connected clients:  8
Connected clients:  7
{ event: '1C69209B8184', data: '{"event":"hb","data":1760171719973}' }
{ event: '1C69209993A4', data: '{"event":"hb","data":1760171723233}' }
{ event: '1C69209B8184', data: '{"event":"hb","data":1760171839973}' }
{ event: '1C69209993A4', data: '{"event":"hb","data":1760171843232}' }
{ event: '1C69209B8184', data: '{"event":"hb","data":1760171959974}' }
{ event: '1C69209993A4', data: '{"event":"hb","data":1760171963233}' }
{ event: '1C69209B8184', data: '{"event":"hb","data":1760172079974}' }
{ event: '1C69209993A4', data: '{"event":"hb","data":1760172083233}' }
{ event: '1C69209B8184', data: '{"event":"hb","data":1760172199974}' }
{ event: '1C69209993A4', data: '{"event":"hb","data":1760172203233}' }
{ event: '1C69209B8184', data: '{"event":"hb","data":1760172319975}' }
{ event: '1C69209993A4', data: '{"event":"hb","data":1760172323235}' }
{ event: '1C69209B8184', data: '{"event":"hb","data":1760172439976}' }
v2_5:shutdown 1C69209B8184
{ event: '1C69209993A4', data: '{"event":"hb","data":1760172443234}' }
Connected clients:  6
disconnetion reported after 1 minute
{ event: '1C69209993A4', data: '{"event":"hb","data":1760172563235}' }
{ event: '1C69209993A4', data: '{"event":"hb","data":1760172683236}' }
{ event: '1C69209993A4', data: '{"event":"hb","data":1760172803236}' }
{ event: '1C69209993A4', data: '{"event":"hb","data":1760172923236}' }
{ event: '1C69209993A4', data: '{"event":"hb","data":1760173043236}' }
{ event: '1C69209993A4', data: '{"event":"hb","data":1760173163236}' }
v2_5:shutdown 1C69209993A4
Connected clients:  5
disconnetion reported after 1 minute
Connected clients:  6
v2_5:connect ["1C69209993A4","sim",0,"5D9D:0061B4",20,"2.5.02",0]
["1C69209993A4","sim",0,"5D9D:0061B4",20,"2.5.02",0]
{
  mac: '1C69209993A4',
  mode: 'sim',
  state: 0,
  apName: '5D9D:0061B4',
  apPass: 20,
  version: '2.5.02',
  manual_reset: 0
}
{
  event: '1C69209993A4',
  data: '{"event":"utc-now","data":1760174096}'
}
utc done
state does not match
updating connection {
  id: 24,
  state: 1,
  currentVersion: '2.5.02',
  newVersion: '2.5.02',
  mac: '1C69209993A4',
  volume: 100,
  type: 'pillbox-v2_5',
  env: 'sit',
  charging: true,
  resetRequired: false,
  compartments: '001011',
  operationMode: 'sim',
  battery: 100,
  heartbeat: 2025-10-01T16:13:35.000Z,
  online: true,
  viles: '001000',
  lac: '5D9D',
  ci: '0061B4',
  strength: 20
}
{ success: true, message: 'Success.', data: [] }
{ event: '1C69209993A4', data: '{"event":"hb","data":1760174215851}' }
{ event: '1C69209993A4', data: '{"event":"hb","data":1760174335852}' }
{ event: '1C69209993A4', data: '{"event":"hb","data":1760174455852}' }
{ event: '1C69209993A4', data: '{"event":"hb","data":1760174575852}' }
{ event: '1C69209993A4', data: '{"event":"hb","data":1760174695852}' }
{ event: '1C69209993A4', data: '{"event":"hb","data":1760174815853}' }
{ event: '1C69209993A4', data: '{"event":"hb","data":1760174935853}' }
{ event: '1C69209993A4', data: '{"event":"hb","data":1760175055852}' }
{ event: '1C69209993A4', data: '{"event":"hb","data":1760175175853}' }
{ event: '1C69209993A4', data: '{"event":"hb","data":1760175295854}' }
{ event: '1C69209993A4', data: '{"event":"hb","data":1760175415853}' }
{ event: '1C69209993A4', data: '{"event":"hb","data":1760175535854}' }
{ event: '1C69209993A4', data: '{"event":"hb","data":1760175655853}' }
{ event: '1C69209993A4', data: '{"event":"hb","data":1760175775854}' }
{ event: '1C69209993A4', data: '{"event":"hb","data":1760175895854}' }
{ event: '1C69209993A4', data: '{"event":"hb","data":1760176015854}' }
v2_5:shutdown 1C69209993A4
disconnetion reported after 1 minute
Connected clients:  5
108608
v2_5:connect ["1C69209993A4","sim",0,"5D9D:0061B4",22,"2.5.02",0]
["1C69209993A4","sim",0,"5D9D:0061B4",22,"2.5.02",0]
{
  mac: '1C69209993A4',
  mode: 'sim',
  state: 0,
  apName: '5D9D:0061B4',
  apPass: 22,
  version: '2.5.02',
  manual_reset: 0
}
{
  event: '1C69209993A4',
  data: '{"event":"utc-now","data":1760177004}'
}
utc done
state does not match
updating connection {
  id: 24,
  state: 1,
  currentVersion: '2.5.02',
  newVersion: '2.5.02',
  mac: '1C69209993A4',
  volume: 100,
  type: 'pillbox-v2_5',
  env: 'sit',
  charging: true,
  resetRequired: false,
  compartments: '001011',
  operationMode: 'sim',
  battery: 100,
  heartbeat: 2025-10-01T16:13:35.000Z,
  online: true,
  viles: '001000',
  lac: '5D9D',
  ci: '0061B4',
  strength: 22
}
{ success: true, message: 'Success.', data: [] }
Connected clients:  6
108588
{ event: '1C69209993A4', data: '{"event":"hb","data":1760177123732}' }
{ event: '1C69209993A4', data: '{"event":"hb","data":1760177243733}' }
{ event: '1C69209993A4', data: '{"event":"hb","data":1760177363733}' }
{ event: '1C69209993A4', data: '{"event":"hb","data":1760177483733}' }
{ event: '1C69209993A4', data: '{"event":"hb","data":1760177603734}' }
105624
{ event: '1C69209993A4', data: '{"event":"hb","data":1760177723734}' }
{ event: '1C69209993A4', data: '{"event":"hb","data":1760177843735}' }
{ event: '1C69209993A4', data: '{"event":"hb","data":1760177963736}' }
{ event: '1C69209993A4', data: '{"event":"hb","data":1760178083735}' }
{ event: '1C69209993A4', data: '{"event":"hb","data":1760178203735}' }
{ event: '1C69209993A4', data: '{"event":"hb","data":1760178323735}' }
{ event: '1C69209993A4', data: '{"event":"hb","data":1760178443736}' }
{ event: '1C69209993A4', data: '{"event":"hb","data":1760178563735}' }
{ event: '1C69209993A4', data: '{"event":"hb","data":1760178683736}' }
{ event: '1C69209993A4', data: '{"event":"hb","data":1760178803736}' }
{ event: '1C69209993A4', data: '{"event":"hb","data":1760178923736}' }
v2_5:shutdown 1C69209993A4
Connected clients:  5
disconnetion reported after 1 minute
v2_5:connect ["1C69209993A4","sim",0,"5D9D:0061B4",22,"2.5.02",0]
["1C69209993A4","sim",0,"5D9D:0061B4",22,"2.5.02",0]
{
  mac: '1C69209993A4',
  mode: 'sim',
  state: 0,
  apName: '5D9D:0061B4',
  apPass: 22,
  version: '2.5.02',
  manual_reset: 0
}
{
  event: '1C69209993A4',
  data: '{"event":"utc-now","data":1760179866}'
}
utc done
state does not match
updating connection {
  id: 24,
  state: 1,
  currentVersion: '2.5.02',
  newVersion: '2.5.02',
  mac: '1C69209993A4',
  volume: 100,
  type: 'pillbox-v2_5',
  env: 'sit',
  charging: true,
  resetRequired: false,
  compartments: '001011',
  operationMode: 'sim',
  battery: 100,
  heartbeat: 2025-10-01T16:13:35.000Z,
  online: true,
  viles: '001000',
  lac: '5D9D',
  ci: '0061B4',
  strength: 22
}
{ success: true, message: 'Success.', data: [] }
Connected clients:  6
{ event: '1C69209993A4', data: '{"event":"hb","data":1760179985612}' }
{ event: '1C69209993A4', data: '{"event":"hb","data":1760180105613}' }
{ event: '1C69209993A4', data: '{"event":"hb","data":1760180225613}' }
{ event: '1C69209993A4', data: '{"event":"hb","data":1760180345612}' }
{ event: '1C69209993A4', data: '{"event":"hb","data":1760180465613}' }
{ event: '1C69209993A4', data: '{"event":"hb","data":1760180585614}' }
{ event: '1C69209993A4', data: '{"event":"hb","data":1760180705614}' }
{ event: '1C69209993A4', data: '{"event":"hb","data":1760180825613}' }
{ event: '1C69209993A4', data: '{"event":"hb","data":1760180945614}' }
{ event: '1C69209993A4', data: '{"event":"hb","data":1760181065615}' }
{ event: '1C69209993A4', data: '{"event":"hb","data":1760181185615}' }
{ event: '1C69209993A4', data: '{"event":"hb","data":1760181305617}' }
{ event: '1C69209993A4', data: '{"event":"hb","data":1760181425617}' }
{ event: '1C69209993A4', data: '{"event":"hb","data":1760181545617}' }
{ event: '1C69209993A4', data: '{"event":"hb","data":1760181665618}' }
Connected clients:  7
{ event: '1C69209993A4', data: '{"event":"hb","data":1760181785618}' }
v2_5:shutdown 1C69209993A4
Connected clients:  5
disconnetion reported after 1 minute
v2_5:connect ["1C69209993A4","sim",0,"5D9D:0061B4",20,"2.5.02",0]
["1C69209993A4","sim",0,"5D9D:0061B4",20,"2.5.02",0]
{
  mac: '1C69209993A4',
  mode: 'sim',
  state: 0,
  apName: '5D9D:0061B4',
  apPass: 20,
  version: '2.5.02',
  manual_reset: 0
}
{
  event: '1C69209993A4',
  data: '{"event":"utc-now","data":1760182733}'
}
utc done
state does not match
updating connection {
  id: 24,
  state: 1,
  currentVersion: '2.5.02',
  newVersion: '2.5.02',
  mac: '1C69209993A4',
  volume: 100,
  type: 'pillbox-v2_5',
  env: 'sit',
  charging: true,
  resetRequired: false,
  compartments: '001011',
  operationMode: 'sim',
  battery: 100,
  heartbeat: 2025-10-01T16:13:35.000Z,
  online: true,
  viles: '001000',
  lac: '5D9D',
  ci: '0061B4',
  strength: 20
}
{ success: true, message: 'Success.', data: [] }
Connected clients:  6
{ event: '1C69209993A4', data: '{"event":"hb","data":1760182853488}' }
{ event: '1C69209993A4', data: '{"event":"hb","data":1760182973488}' }
{ event: '1C69209993A4', data: '{"event":"hb","data":1760183093489}' }
{ event: '1C69209993A4', data: '{"event":"hb","data":1760183213490}' }
{ event: '1C69209993A4', data: '{"event":"hb","data":1760183333491}' }
{ event: '1C69209993A4', data: '{"event":"hb","data":1760183453492}' }
{ event: '1C69209993A4', data: '{"event":"hb","data":1760183573492}' }
{ event: '1C69209993A4', data: '{"event":"hb","data":1760183693493}' }
{ event: '1C69209993A4', data: '{"event":"hb","data":1760183813493}' }
{ event: '1C69209993A4', data: '{"event":"hb","data":1760183933493}' }
{ event: '1C69209993A4', data: '{"event":"hb","data":1760184053493}' }
{ event: '1C69209993A4', data: '{"event":"hb","data":1760184173494}' }
{ event: '1C69209993A4', data: '{"event":"hb","data":1760184293495}' }
{ event: '1C69209993A4', data: '{"event":"hb","data":1760184413495}' }
{ event: '1C69209993A4', data: '{"event":"hb","data":1760184533495}' }
{ event: '1C69209993A4', data: '{"event":"hb","data":1760184653495}' }
v2_5:shutdown 1C69209993A4
Connected clients:  5
disconnetion reported after 1 minute
Connected clients:  4
Connected clients:  5
v2_5:connect ["1C69209993A4","sim",0,"5D9D:0061B4",21,"2.5.02",0]
["1C69209993A4","sim",0,"5D9D:0061B4",21,"2.5.02",0]
{
  mac: '1C69209993A4',
  mode: 'sim',
  state: 0,
  apName: '5D9D:0061B4',
  apPass: 21,
  version: '2.5.02',
  manual_reset: 0
}
{
  event: '1C69209993A4',
  data: '{"event":"utc-now","data":1760185601}'
}
utc done
state does not match
updating connection {
  id: 24,
  state: 1,
  currentVersion: '2.5.02',
  newVersion: '2.5.02',
  mac: '1C69209993A4',
  volume: 100,
  type: 'pillbox-v2_5',
  env: 'sit',
  charging: true,
  resetRequired: false,
  compartments: '001011',
  operationMode: 'sim',
  battery: 100,
  heartbeat: 2025-10-01T16:13:35.000Z,
  online: true,
  viles: '001000',
  lac: '5D9D',
  ci: '0061B4',
  strength: 21
}
{ success: true, message: 'Success.', data: [] }
{ event: '1C69209993A4', data: '{"event":"hb","data":1760185721285}' }
108489
108645
{ event: '1C69209993A4', data: '{"event":"hb","data":1760185841286}' }
{ event: '1C69209993A4', data: '{"event":"hb","data":1760185961286}' }
{ event: '1C69209993A4', data: '{"event":"hb","data":1760186081287}' }
{ event: '1C69209993A4', data: '{"event":"hb","data":1760186201288}' }
{ event: '1C69209993A4', data: '{"event":"hb","data":1760186321288}' }
{ event: '1C69209993A4', data: '{"event":"hb","data":1760186441290}' }
{ event: '1C69209993A4', data: '{"event":"hb","data":1760186561290}' }
{ event: '1C69209993A4', data: '{"event":"hb","data":1760186681290}' }
108629
{ event: '1C69209993A4', data: '{"event":"hb","data":1760186801289}' }
{ event: '1C69209993A4', data: '{"event":"hb","data":1760186921290}' }
Connected clients:  6
{ event: '1C69209993A4', data: '{"event":"hb","data":1760187041290}' }
Connected clients:  5
{ event: '1C69209993A4', data: '{"event":"hb","data":1760187161291}' }
{ event: '1C69209993A4', data: '{"event":"hb","data":1760187281291}' }
{ event: '1C69209993A4', data: '{"event":"hb","data":1760187401291}' }
{ event: '1C69209993A4', data: '{"event":"hb","data":1760187521292}' }
v2_5:shutdown 1C69209993A4
Connected clients:  4
disconnetion reported after 1 minute
v2_5:connect ["1C69209993A4","sim",0,"5D9D:0061B4",19,"2.5.02",0]
["1C69209993A4","sim",0,"5D9D:0061B4",19,"2.5.02",0]
{
  mac: '1C69209993A4',
  mode: 'sim',
  state: 0,
  apName: '5D9D:0061B4',
  apPass: 19,
  version: '2.5.02',
  manual_reset: 0
}
{
  event: '1C69209993A4',
  data: '{"event":"utc-now","data":1760188465}'
}
utc done
state does not match
updating connection {
  id: 24,
  state: 1,
  currentVersion: '2.5.02',
  newVersion: '2.5.02',
  mac: '1C69209993A4',
  volume: 100,
  type: 'pillbox-v2_5',
  env: 'sit',
  charging: true,
  resetRequired: false,
  compartments: '001011',
  operationMode: 'sim',
  battery: 100,
  heartbeat: 2025-10-01T16:13:35.000Z,
  online: true,
  viles: '001000',
  lac: '5D9D',
  ci: '0061B4',
  strength: 19
}
{ success: true, message: 'Success.', data: [] }
Connected clients:  5
101966
{ event: '1C69209993A4', data: '{"event":"hb","data":1760188584929}' }
{ event: '1C69209993A4', data: '{"event":"hb","data":1760188704930}' }
{ event: '1C69209993A4', data: '{"event":"hb","data":1760188824931}' }
{ event: '1C69209993A4', data: '{"event":"hb","data":1760188944931}' }
Connected clients:  6
{ event: '1C69209993A4', data: '{"event":"hb","data":1760189064931}' }
Connected clients:  5
{ event: '1C69209993A4', data: '{"event":"hb","data":1760189184931}' }
{ event: '1C69209993A4', data: '{"event":"hb","data":1760189304932}' }
{ event: '1C69209993A4', data: '{"event":"hb","data":1760189424932}' }
{ event: '1C69209993A4', data: '{"event":"hb","data":1760189544932}' }
{ event: '1C69209993A4', data: '{"event":"hb","data":1760189664933}' }
{ event: '1C69209993A4', data: '{"event":"hb","data":1760189784934}' }
{ event: '1C69209993A4', data: '{"event":"hb","data":1760189904933}' }
{ event: '1C69209993A4', data: '{"event":"hb","data":1760190024933}' }
{ event: '1C69209993A4', data: '{"event":"hb","data":1760190144933}' }
{ event: '1C69209993A4', data: '{"event":"hb","data":1760190264934}' }
108170
{ event: '1C69209993A4', data: '{"event":"hb","data":1760190384933}' }
Connected clients:  6
v2_5:shutdown 1C69209993A4
Connected clients:  5
disconnetion reported after 1 minute
Connected clients:  4
v2_5:connect ["1C69209993A4","sim",0,"5D9D:0061B4",21,"2.5.02",0]
["1C69209993A4","sim",0,"5D9D:0061B4",21,"2.5.02",0]
{
  mac: '1C69209993A4',
  mode: 'sim',
  state: 0,
  apName: '5D9D:0061B4',
  apPass: 21,
  version: '2.5.02',
  manual_reset: 0
}
{
  event: '1C69209993A4',
  data: '{"event":"utc-now","data":1760191328}'
}
utc done
state does not match
updating connection {
  id: 24,
  state: 1,
  currentVersion: '2.5.02',
  newVersion: '2.5.02',
  mac: '1C69209993A4',
  volume: 100,
  type: 'pillbox-v2_5',
  env: 'sit',
  charging: true,
  resetRequired: false,
  compartments: '001011',
  operationMode: 'sim',
  battery: 100,
  heartbeat: 2025-10-01T16:13:35.000Z,
  online: true,
  viles: '001000',
  lac: '5D9D',
  ci: '0061B4',
  strength: 21
}
{ success: true, message: 'Success.', data: [] }
Connected clients:  5
{ event: '1C69209993A4', data: '{"event":"hb","data":1760191447553}' }
{ event: '1C69209993A4', data: '{"event":"hb","data":1760191567553}' }
{ event: '1C69209993A4', data: '{"event":"hb","data":1760191687554}' }
{ event: '1C69209993A4', data: '{"event":"hb","data":1760191807553}' }
{ event: '1C69209993A4', data: '{"event":"hb","data":1760191927554}' }
{ event: '1C69209993A4', data: '{"event":"hb","data":1760192047554}' }
98319
{ event: '1C69209993A4', data: '{"event":"hb","data":1760192167554}' }
{ event: '1C69209993A4', data: '{"event":"hb","data":1760192287555}' }
{ event: '1C69209993A4', data: '{"event":"hb","data":1760192407554}' }
{ event: '1C69209993A4', data: '{"event":"hb","data":1760192527554}' }
{ event: '1C69209993A4', data: '{"event":"hb","data":1760192647555}' }
{ event: '1C69209993A4', data: '{"event":"hb","data":1760192767555}' }
{ event: '1C69209993A4', data: '{"event":"hb","data":1760192887555}' }
{ event: '1C69209993A4', data: '{"event":"hb","data":1760193007555}' }
{ event: '1C69209993A4', data: '{"event":"hb","data":1760193127556}' }
{ event: '1C69209993A4', data: '{"event":"hb","data":1760193247557}' }
v2_5:shutdown 1C69209993A4
Connected clients:  4
disconnetion reported after 1 minute
v2_5:connect ["1C69209993A4","sim",0,"5D9D:0061B4",22,"2.5.02",0]
["1C69209993A4","sim",0,"5D9D:0061B4",22,"2.5.02",0]
{
  mac: '1C69209993A4',
  mode: 'sim',
  state: 0,
  apName: '5D9D:0061B4',
  apPass: 22,
  version: '2.5.02',
  manual_reset: 0
}
{
  event: '1C69209993A4',
  data: '{"event":"utc-now","data":1760194190}'
}
utc done
state does not match
updating connection {
  id: 24,
  state: 1,
  currentVersion: '2.5.02',
  newVersion: '2.5.02',
  mac: '1C69209993A4',
  volume: 100,
  type: 'pillbox-v2_5',
  env: 'sit',
  charging: true,
  resetRequired: false,
  compartments: '001011',
  operationMode: 'sim',
  battery: 100,
  heartbeat: 2025-10-01T16:13:35.000Z,
  online: true,
  viles: '001000',
  lac: '5D9D',
  ci: '0061B4',
  strength: 22
}
{ success: true, message: 'Success.', data: [] }
Connected clients:  5
{ event: '1C69209993A4', data: '{"event":"hb","data":1760194310193}' }
{ event: '1C69209993A4', data: '{"event":"hb","data":1760194430194}' }
{ event: '1C69209993A4', data: '{"event":"hb","data":1760194550194}' }
{ event: '1C69209993A4', data: '{"event":"hb","data":1760194670195}' }
{ event: '1C69209993A4', data: '{"event":"hb","data":1760194790194}' }
{ event: '1C69209993A4', data: '{"event":"hb","data":1760194910195}' }
{ event: '1C69209993A4', data: '{"event":"hb","data":1760195030195}' }
{ event: '1C69209993A4', data: '{"event":"hb","data":1760195150196}' }
{ event: '1C69209993A4', data: '{"event":"hb","data":1760195270196}' }
{ event: '1C69209993A4', data: '{"event":"hb","data":1760195390197}' }
{ event: '1C69209993A4', data: '{"event":"hb","data":1760195510198}' }
{ event: '1C69209993A4', data: '{"event":"hb","data":1760195630198}' }
{ event: '1C69209993A4', data: '{"event":"hb","data":1760195750199}' }
{ event: '1C69209993A4', data: '{"event":"hb","data":1760195870199}' }
{ event: '1C69209993A4', data: '{"event":"hb","data":1760195990199}' }
{ event: '1C69209993A4', data: '{"event":"hb","data":1760196110200}' }
v2_5:shutdown 1C69209993A4
Connected clients:  4
disconnetion reported after 1 minute
v2_5:connect ["1C69209993A4","sim",0,"5D9D:0061B4",17,"2.5.02",0]
["1C69209993A4","sim",0,"5D9D:0061B4",17,"2.5.02",0]
{
  mac: '1C69209993A4',
  mode: 'sim',
  state: 0,
  apName: '5D9D:0061B4',
  apPass: 17,
  version: '2.5.02',
  manual_reset: 0
}
{
  event: '1C69209993A4',
  data: '{"event":"utc-now","data":1760197069}'
}
utc done
state does not match
updating connection {
  id: 24,
  state: 1,
  currentVersion: '2.5.02',
  newVersion: '2.5.02',
  mac: '1C69209993A4',
  volume: 100,
  type: 'pillbox-v2_5',
  env: 'sit',
  charging: true,
  resetRequired: false,
  compartments: '001011',
  operationMode: 'sim',
  battery: 100,
  heartbeat: 2025-10-01T16:13:35.000Z,
  online: true,
  viles: '001000',
  lac: '5D9D',
  ci: '0061B4',
  strength: 17
}
{ success: true, message: 'Success.', data: [] }
Connected clients:  5
{ event: '1C69209993A4', data: '{"event":"hb","data":1760197188786}' }
{ event: '1C69209993A4', data: '{"event":"hb","data":1760197308787}' }
{ event: '1C69209993A4', data: '{"event":"hb","data":1760197428787}' }
{ event: '1C69209993A4', data: '{"event":"hb","data":1760197548788}' }
{ event: '1C69209993A4', data: '{"event":"hb","data":1760197668788}' }
Connected clients:  6
{ event: '1C69209993A4', data: '{"event":"hb","data":1760197788788}' }
Connected clients:  5
{ event: '1C69209993A4', data: '{"event":"hb","data":1760197908789}' }
{ event: '1C69209993A4', data: '{"event":"hb","data":1760198028790}' }
{ event: '1C69209993A4', data: '{"event":"hb","data":1760198148790}' }
{ event: '1C69209993A4', data: '{"event":"hb","data":1760198268790}' }
{ event: '1C69209993A4', data: '{"event":"hb","data":1760198388791}' }
{ event: '1C69209993A4', data: '{"event":"hb","data":1760198508790}' }
{ event: '1C69209993A4', data: '{"event":"hb","data":1760198628790}' }
{ event: '1C69209993A4', data: '{"event":"hb","data":1760198748790}' }
{ event: '1C69209993A4', data: '{"event":"hb","data":1760198868790}' }
{ event: '1C69209993A4', data: '{"event":"hb","data":1760198988791}' }
v2_5:shutdown 1C69209993A4
Connected clients:  4
disconnetion reported after 1 minute
108227
Connected clients:  5
Connected clients:  4
v2_5:connect ["1C69209993A4","sim",0,"5D9D:0061B4",22,"2.5.02",0]
["1C69209993A4","sim",0,"5D9D:0061B4",22,"2.5.02",0]
{
  mac: '1C69209993A4',
  mode: 'sim',
  state: 0,
  apName: '5D9D:0061B4',
  apPass: 22,
  version: '2.5.02',
  manual_reset: 0
}
{
  event: '1C69209993A4',
  data: '{"event":"utc-now","data":1760199942}'
}
utc done
state does not match
updating connection {
  id: 24,
  state: 1,
  currentVersion: '2.5.02',
  newVersion: '2.5.02',
  mac: '1C69209993A4',
  volume: 100,
  type: 'pillbox-v2_5',
  env: 'sit',
  charging: true,
  resetRequired: false,
  compartments: '001011',
  operationMode: 'sim',
  battery: 100,
  heartbeat: 2025-10-01T16:13:35.000Z,
  online: true,
  viles: '001000',
  lac: '5D9D',
  ci: '0061B4',
  strength: 22
}
{ success: true, message: 'Success.', data: [] }
Connected clients:  5
{ event: '1C69209993A4', data: '{"event":"hb","data":1760200061769}' }
{ event: '1C69209993A4', data: '{"event":"hb","data":1760200181768}' }
{ event: '1C69209993A4', data: '{"event":"hb","data":1760200301769}' }
{ event: '1C69209993A4', data: '{"event":"hb","data":1760200421769}' }
{ event: '1C69209993A4', data: '{"event":"hb","data":1760200541769}' }
{ event: '1C69209993A4', data: '{"event":"hb","data":1760200661769}' }
{ event: '1C69209993A4', data: '{"event":"hb","data":1760200781770}' }
{ event: '1C69209993A4', data: '{"event":"hb","data":1760200901769}' }
{ event: '1C69209993A4', data: '{"event":"hb","data":1760201021770}' }
{ event: '1C69209993A4', data: '{"event":"hb","data":1760201141769}' }
{ event: '1C69209993A4', data: '{"event":"hb","data":1760201261769}' }
{ event: '1C69209993A4', data: '{"event":"hb","data":1760201381770}' }
{ event: '1C69209993A4', data: '{"event":"hb","data":1760201501770}' }
{ event: '1C69209993A4', data: '{"event":"hb","data":1760201621770}' }
{ event: '1C69209993A4', data: '{"event":"hb","data":1760201741771}' }
{ event: '1C69209993A4', data: '{"event":"hb","data":1760201861771}' }
v2_5:shutdown 1C69209993A4
Connected clients:  4
disconnetion reported after 1 minute
v2_5:connect ["1C69209993A4","sim",0,"5D9D:0061B4",18,"2.5.02",0]
["1C69209993A4","sim",0,"5D9D:0061B4",18,"2.5.02",0]
{
  mac: '1C69209993A4',
  mode: 'sim',
  state: 0,
  apName: '5D9D:0061B4',
  apPass: 18,
  version: '2.5.02',
  manual_reset: 0
}
{
  event: '1C69209993A4',
  data: '{"event":"utc-now","data":1760202799}'
}
utc done
state does not match
updating connection {
  id: 24,
  state: 1,
  currentVersion: '2.5.02',
  newVersion: '2.5.02',
  mac: '1C69209993A4',
  volume: 100,
  type: 'pillbox-v2_5',
  env: 'sit',
  charging: true,
  resetRequired: false,
  compartments: '001011',
  operationMode: 'sim',
  battery: 100,
  heartbeat: 2025-10-01T16:13:35.000Z,
  online: true,
  viles: '001000',
  lac: '5D9D',
  ci: '0061B4',
  strength: 18
}
{ success: true, message: 'Success.', data: [] }
Connected clients:  5
108865
{ event: '1C69209993A4', data: '{"event":"hb","data":1760202918650}' }
{ event: '1C69209993A4', data: '{"event":"hb","data":1760203038651}' }
{ event: '1C69209993A4', data: '{"event":"hb","data":1760203158651}' }
Connected clients:  6
{ event: '1C69209993A4', data: '{"event":"hb","data":1760203278650}' }
{ event: '1C69209993A4', data: '{"event":"hb","data":1760203398650}' }
Connected clients:  5
{ event: '1C69209993A4', data: '{"event":"hb","data":1760203518650}' }
{ event: '1C69209993A4', data: '{"event":"hb","data":1760203638650}' }
{ event: '1C69209993A4', data: '{"event":"hb","data":1760203758650}' }
{ event: '1C69209993A4', data: '{"event":"hb","data":1760203878650}' }
{ event: '1C69209993A4', data: '{"event":"hb","data":1760203998651}' }
{ event: '1C69209993A4', data: '{"event":"hb","data":1760204118651}' }
{ event: '1C69209993A4', data: '{"event":"hb","data":1760204238652}' }
{ event: '1C69209993A4', data: '{"event":"hb","data":1760204358652}' }
{ event: '1C69209993A4', data: '{"event":"hb","data":1760204478651}' }
{ event: '1C69209993A4', data: '{"event":"hb","data":1760204598652}' }
{ event: '1C69209993A4', data: '{"event":"hb","data":1760204718652}' }
v2_5:shutdown 1C69209993A4
Connected clients:  4
disconnetion reported after 1 minute
v2_5:connect ["1C69209993A4","sim",0,"5D9D:0061B4",21,"2.5.02",0]
["1C69209993A4","sim",0,"5D9D:0061B4",21,"2.5.02",0]
{
  mac: '1C69209993A4',
  mode: 'sim',
  state: 0,
  apName: '5D9D:0061B4',
  apPass: 21,
  version: '2.5.02',
  manual_reset: 0
}
{
  event: '1C69209993A4',
  data: '{"event":"utc-now","data":1760205653}'
}
utc done
state does not match
updating connection {
  id: 24,
  state: 1,
  currentVersion: '2.5.02',
  newVersion: '2.5.02',
  mac: '1C69209993A4',
  volume: 100,
  type: 'pillbox-v2_5',
  env: 'sit',
  charging: true,
  resetRequired: false,
  compartments: '001011',
  operationMode: 'sim',
  battery: 100,
  heartbeat: 2025-10-01T16:13:35.000Z,
  online: true,
  viles: '001000',
  lac: '5D9D',
  ci: '0061B4',
  strength: 21
}
{ success: true, message: 'Success.', data: [] }
Connected clients:  5
{ event: '1C69209993A4', data: '{"event":"hb","data":1760205772609}' }
{ event: '1C69209993A4', data: '{"event":"hb","data":1760205892609}' }
{ event: '1C69209993A4', data: '{"event":"hb","data":1760206012610}' }
{ event: '1C69209993A4', data: '{"event":"hb","data":1760206132609}' }
{ event: '1C69209993A4', data: '{"event":"hb","data":1760206252610}' }
{ event: '1C69209993A4', data: '{"event":"hb","data":1760206372611}' }
{ event: '1C69209993A4', data: '{"event":"hb","data":1760206492611}' }
109016
{ event: '1C69209993A4', data: '{"event":"hb","data":1760206612611}' }
{ event: '1C69209993A4', data: '{"event":"hb","data":1760206732611}' }
{ event: '1C69209993A4', data: '{"event":"hb","data":1760206852612}' }
{ event: '1C69209993A4', data: '{"event":"hb","data":1760206972613}' }
{ event: '1C69209993A4', data: '{"event":"hb","data":1760207092613}' }
{ event: '1C69209993A4', data: '{"event":"hb","data":1760207212613}' }
{ event: '1C69209993A4', data: '{"event":"hb","data":1760207332613}' }
{ event: '1C69209993A4', data: '{"event":"hb","data":1760207452613}' }
{ event: '1C69209993A4', data: '{"event":"hb","data":1760207572614}' }
v2_5:shutdown 1C69209993A4
Connected clients:  4
disconnetion reported after 1 minute
v2_5:connect ["1C69209993A4","sim",0,"5D9D:0061B4",22,"2.5.02",0]
["1C69209993A4","sim",0,"5D9D:0061B4",22,"2.5.02",0]
{
  mac: '1C69209993A4',
  mode: 'sim',
  state: 0,
  apName: '5D9D:0061B4',
  apPass: 22,
  version: '2.5.02',
  manual_reset: 0
}
{
  event: '1C69209993A4',
  data: '{"event":"utc-now","data":1760208506}'
}
utc done
state does not match
updating connection {
  id: 24,
  state: 1,
  currentVersion: '2.5.02',
  newVersion: '2.5.02',
  mac: '1C69209993A4',
  volume: 100,
  type: 'pillbox-v2_5',
  env: 'sit',
  charging: true,
  resetRequired: false,
  compartments: '001011',
  operationMode: 'sim',
  battery: 100,
  heartbeat: 2025-10-01T16:13:35.000Z,
  online: true,
  viles: '001000',
  lac: '5D9D',
  ci: '0061B4',
  strength: 22
}
{ success: true, message: 'Success.', data: [] }
Connected clients:  5
Connected clients:  6
{ event: '1C69209993A4', data: '{"event":"hb","data":1760208626404}' }
Connected clients:  5
{ event: '1C69209993A4', data: '{"event":"hb","data":1760208746405}' }
{ event: '1C69209993A4', data: '{"event":"hb","data":1760208866405}' }
{ event: '1C69209993A4', data: '{"event":"hb","data":1760208986405}' }
{ event: '1C69209993A4', data: '{"event":"hb","data":1760209106406}' }
{ event: '1C69209993A4', data: '{"event":"hb","data":1760209226407}' }
{ event: '1C69209993A4', data: '{"event":"hb","data":1760209346407}' }
{ event: '1C69209993A4', data: '{"event":"hb","data":1760209466408}' }
{ event: '1C69209993A4', data: '{"event":"hb","data":1760209586408}' }
{ event: '1C69209993A4', data: '{"event":"hb","data":1760209706408}' }
{ event: '1C69209993A4', data: '{"event":"hb","data":1760209826409}' }
{ event: '1C69209993A4', data: '{"event":"hb","data":1760209946410}' }
{ event: '1C69209993A4', data: '{"event":"hb","data":1760210066411}' }
98320
{ event: '1C69209993A4', data: '{"event":"hb","data":1760210186411}' }
{ event: '1C69209993A4', data: '{"event":"hb","data":1760210306411}' }
{ event: '1C69209993A4', data: '{"event":"hb","data":1760210426411}' }
v2_5:shutdown 1C69209993A4
Connected clients:  4
disconnetion reported after 1 minute
Connected clients:  5
Connected clients:  4
v2_5:connect ["1C69209993A4","sim",0,"5D9D:0061B4",19,"2.5.02",0]
["1C69209993A4","sim",0,"5D9D:0061B4",19,"2.5.02",0]
{
  mac: '1C69209993A4',
  mode: 'sim',
  state: 0,
  apName: '5D9D:0061B4',
  apPass: 19,
  version: '2.5.02',
  manual_reset: 0
}
{
  event: '1C69209993A4',
  data: '{"event":"utc-now","data":1760211371}'
}
utc done
state does not match
updating connection {
  id: 24,
  state: 1,
  currentVersion: '2.5.02',
  newVersion: '2.5.02',
  mac: '1C69209993A4',
  volume: 100,
  type: 'pillbox-v2_5',
  env: 'sit',
  charging: true,
  resetRequired: false,
  compartments: '001011',
  operationMode: 'sim',
  battery: 100,
  heartbeat: 2025-10-01T16:13:35.000Z,
  online: true,
  viles: '001000',
  lac: '5D9D',
  ci: '0061B4',
  strength: 19
}
{ success: true, message: 'Success.', data: [] }
Connected clients:  5
{ event: '1C69209993A4', data: '{"event":"hb","data":1760211490618}' }
{ event: '1C69209993A4', data: '{"event":"hb","data":1760211610618}' }
{ event: '1C69209993A4', data: '{"event":"hb","data":1760211730619}' }
{ event: '1C69209993A4', data: '{"event":"hb","data":1760211850619}' }
{ event: '1C69209993A4', data: '{"event":"hb","data":1760211970619}' }
Connected clients:  6
{ event: '1C69209993A4', data: '{"event":"hb","data":1760212090619}' }
{ event: '1C69209993A4', data: '{"event":"hb","data":1760212210620}' }
Connected clients:  5
{ event: '1C69209993A4', data: '{"event":"hb","data":1760212330620}' }
{ event: '1C69209993A4', data: '{"event":"hb","data":1760212450620}' }
{ event: '1C69209993A4', data: '{"event":"hb","data":1760212570620}' }
{ event: '1C69209993A4', data: '{"event":"hb","data":1760212690620}' }
{ event: '1C69209993A4', data: '{"event":"hb","data":1760212810621}' }
{ event: '1C69209993A4', data: '{"event":"hb","data":1760212930621}' }
{ event: '1C69209993A4', data: '{"event":"hb","data":1760213050621}' }
{ event: '1C69209993A4', data: '{"event":"hb","data":1760213170620}' }
{ event: '1C69209993A4', data: '{"event":"hb","data":1760213290620}' }
v2_5:shutdown 1C69209993A4
Connected clients:  4
disconnetion reported after 1 minute
v2_5:connect ["1C69209993A4","sim",0,"5D9D:0061B4",18,"2.5.02",0]
["1C69209993A4","sim",0,"5D9D:0061B4",18,"2.5.02",0]
{
  mac: '1C69209993A4',
  mode: 'sim',
  state: 0,
  apName: '5D9D:0061B4',
  apPass: 18,
  version: '2.5.02',
  manual_reset: 0
}
{
  event: '1C69209993A4',
  data: '{"event":"utc-now","data":1760214233}'
}
utc done
state does not match
updating connection {
  id: 24,
  state: 1,
  currentVersion: '2.5.02',
  newVersion: '2.5.02',
  mac: '1C69209993A4',
  volume: 100,
  type: 'pillbox-v2_5',
  env: 'sit',
  charging: true,
  resetRequired: false,
  compartments: '001011',
  operationMode: 'sim',
  battery: 100,
  heartbeat: 2025-10-01T16:13:35.000Z,
  online: true,
  viles: '001000',
  lac: '5D9D',
  ci: '0061B4',
  strength: 18
}
{ success: true, message: 'Success.', data: [] }
Connected clients:  5
{ event: '1C69209993A4', data: '{"event":"hb","data":1760214352588}' }
{ event: '1C69209993A4', data: '{"event":"hb","data":1760214472588}' }
{ event: '1C69209993A4', data: '{"event":"hb","data":1760214592588}' }
{ event: '1C69209993A4', data: '{"event":"hb","data":1760214712589}' }
{ event: '1C69209993A4', data: '{"event":"hb","data":1760214832590}' }
{ event: '1C69209993A4', data: '{"event":"hb","data":1760214952590}' }
{ event: '1C69209993A4', data: '{"event":"hb","data":1760215072589}' }
{ event: '1C69209993A4', data: '{"event":"hb","data":1760215192589}' }
{ event: '1C69209993A4', data: '{"event":"hb","data":1760215312590}' }
{ event: '1C69209993A4', data: '{"event":"hb","data":1760215432590}' }
{ event: '1C69209993A4', data: '{"event":"hb","data":1760215552590}' }
{ event: '1C69209993A4', data: '{"event":"hb","data":1760215672591}' }
{ event: '1C69209993A4', data: '{"event":"hb","data":1760215792592}' }
{ event: '1C69209993A4', data: '{"event":"hb","data":1760215912593}' }
{ event: '1C69209993A4', data: '{"event":"hb","data":1760216032593}' }
{ event: '1C69209993A4', data: '{"event":"hb","data":1760216152593}' }
v2_5:shutdown 1C69209993A4
Connected clients:  4
disconnetion reported after 1 minute
v2_5:connect ["1C69209993A4","sim",0,"5D9D:0061B4",21,"2.5.02",0]
["1C69209993A4","sim",0,"5D9D:0061B4",21,"2.5.02",0]
{
  mac: '1C69209993A4',
  mode: 'sim',
  state: 0,
  apName: '5D9D:0061B4',
  apPass: 21,
  version: '2.5.02',
  manual_reset: 0
}
{
  event: '1C69209993A4',
  data: '{"event":"utc-now","data":1760217091}'
}
utc done
state does not match
updating connection {
  id: 24,
  state: 1,
  currentVersion: '2.5.02',
  newVersion: '2.5.02',
  mac: '1C69209993A4',
  volume: 100,
  type: 'pillbox-v2_5',
  env: 'sit',
  charging: true,
  resetRequired: false,
  compartments: '001011',
  operationMode: 'sim',
  battery: 100,
  heartbeat: 2025-10-01T16:13:35.000Z,
  online: true,
  viles: '001000',
  lac: '5D9D',
  ci: '0061B4',
  strength: 21
}
{ success: true, message: 'Success.', data: [] }
Connected clients:  5
{ event: '1C69209993A4', data: '{"event":"hb","data":1760217211443}' }
{ event: '1C69209993A4', data: '{"event":"hb","data":1760217331444}' }
{ event: '1C69209993A4', data: '{"event":"hb","data":1760217451444}' }
{ event: '1C69209993A4', data: '{"event":"hb","data":1760217571445}' }
{ event: '1C69209993A4', data: '{"event":"hb","data":1760217691446}' }
{ event: '1C69209993A4', data: '{"event":"hb","data":1760217811446}' }
{ event: '1C69209993A4', data: '{"event":"hb","data":1760217931445}' }
{ event: '1C69209993A4', data: '{"event":"hb","data":1760218051445}' }
{ event: '1C69209993A4', data: '{"event":"hb","data":1760218171445}' }
{ event: '1C69209993A4', data: '{"event":"hb","data":1760218291446}' }
{ event: '1C69209993A4', data: '{"event":"hb","data":1760218411446}' }
{ event: '1C69209993A4', data: '{"event":"hb","data":1760218531446}' }
{ event: '1C69209993A4', data: '{"event":"hb","data":1760218651447}' }
{ event: '1C69209993A4', data: '{"event":"hb","data":1760218771448}' }
{ event: '1C69209993A4', data: '{"event":"hb","data":1760218891448}' }
{ event: '1C69209993A4', data: '{"event":"hb","data":1760219011448}' }
v2_5:shutdown 1C69209993A4
Connected clients:  4
disconnetion reported after 1 minute
Connected clients:  5
Connected clients:  4
v2_5:connect ["1C69209993A4","sim",0,"5D9D:0061B4",19,"2.5.02",0]
["1C69209993A4","sim",0,"5D9D:0061B4",19,"2.5.02",0]
{
  mac: '1C69209993A4',
  mode: 'sim',
  state: 0,
  apName: '5D9D:0061B4',
  apPass: 19,
  version: '2.5.02',
  manual_reset: 0
}
{
  event: '1C69209993A4',
  data: '{"event":"utc-now","data":1760219956}'
}
utc done
state does not match
updating connection {
  id: 24,
  state: 1,
  currentVersion: '2.5.02',
  newVersion: '2.5.02',
  mac: '1C69209993A4',
  volume: 100,
  type: 'pillbox-v2_5',
  env: 'sit',
  charging: true,
  resetRequired: false,
  compartments: '001011',
  operationMode: 'sim',
  battery: 100,
  heartbeat: 2025-10-01T16:13:35.000Z,
  online: true,
  viles: '001000',
  lac: '5D9D',
  ci: '0061B4',
  strength: 19
}
{ success: true, message: 'Success.', data: [] }
Connected clients:  5
{ event: '1C69209993A4', data: '{"event":"hb","data":1760220075532}' }
{ event: '1C69209993A4', data: '{"event":"hb","data":1760220195533}' }
{ event: '1C69209993A4', data: '{"event":"hb","data":1760220315532}' }
{ event: '1C69209993A4', data: '{"event":"hb","data":1760220435533}' }
{ event: '1C69209993A4', data: '{"event":"hb","data":1760220555532}' }
{ event: '1C69209993A4', data: '{"event":"hb","data":1760220675533}' }
{ event: '1C69209993A4', data: '{"event":"hb","data":1760220795534}' }
{ event: '1C69209993A4', data: '{"event":"hb","data":1760220915534}' }
{ event: '1C69209993A4', data: '{"event":"hb","data":1760221035534}' }
{ event: '1C69209993A4', data: '{"event":"hb","data":1760221155533}' }
{ event: '1C69209993A4', data: '{"event":"hb","data":1760221275534}' }
{ event: '1C69209993A4', data: '{"event":"hb","data":1760221395534}' }
{ event: '1C69209993A4', data: '{"event":"hb","data":1760221515534}' }
{ event: '1C69209993A4', data: '{"event":"hb","data":1760221635534}' }
{ event: '1C69209993A4', data: '{"event":"hb","data":1760221755534}' }
{ event: '1C69209993A4', data: '{"event":"hb","data":1760221875535}' }
v2_5:shutdown 1C69209993A4
Connected clients:  4
disconnetion reported after 1 minute
v2_5:connect ["1C69209993A4","sim",0,"5D9D:0061B4",21,"2.5.02",0]
["1C69209993A4","sim",0,"5D9D:0061B4",21,"2.5.02",0]
{
  mac: '1C69209993A4',
  mode: 'sim',
  state: 0,
  apName: '5D9D:0061B4',
  apPass: 21,
  version: '2.5.02',
  manual_reset: 0
}
{
  event: '1C69209993A4',
  data: '{"event":"utc-now","data":1760222809}'
}
utc done
state does not match
updating connection {
  id: 24,
  state: 1,
  currentVersion: '2.5.02',
  newVersion: '2.5.02',
  mac: '1C69209993A4',
  volume: 100,
  type: 'pillbox-v2_5',
  env: 'sit',
  charging: true,
  resetRequired: false,
  compartments: '001011',
  operationMode: 'sim',
  battery: 100,
  heartbeat: 2025-10-01T16:13:35.000Z,
  online: true,
  viles: '001000',
  lac: '5D9D',
  ci: '0061B4',
  strength: 21
}
{ success: true, message: 'Success.', data: [] }
Connected clients:  5
{ event: '1C69209993A4', data: '{"event":"hb","data":1760222929445}' }
{ event: '1C69209993A4', data: '{"event":"hb","data":1760223049444}' }
{ event: '1C69209993A4', data: '{"event":"hb","data":1760223169445}' }
{ event: '1C69209993A4', data: '{"event":"hb","data":1760223289444}' }
Connected clients:  6
{ event: '1C69209993A4', data: '{"event":"hb","data":1760223409444}' }
Connected clients:  5
{ event: '1C69209993A4', data: '{"event":"hb","data":1760223529445}' }
{ event: '1C69209993A4', data: '{"event":"hb","data":1760223649444}' }
{ event: '1C69209993A4', data: '{"event":"hb","data":1760223769445}' }
{ event: '1C69209993A4', data: '{"event":"hb","data":1760223889444}' }
{ event: '1C69209993A4', data: '{"event":"hb","data":1760224009445}' }
{ event: '1C69209993A4', data: '{"event":"hb","data":1760224129445}' }
{ event: '1C69209993A4', data: '{"event":"hb","data":1760224249446}' }
{ event: '1C69209993A4', data: '{"event":"hb","data":1760224369446}' }
{ event: '1C69209993A4', data: '{"event":"hb","data":1760224489447}' }
{ event: '1C69209993A4', data: '{"event":"hb","data":1760224609448}' }
{ event: '1C69209993A4', data: '{"event":"hb","data":1760224729449}' }
v2_5:shutdown 1C69209993A4
Connected clients:  4
disconnetion reported after 1 minute
Connected clients:  5
Connected clients:  4
v2_5:connect ["1C69209993A4","sim",0,"5D9D:0061B4",20,"2.5.02",0]
["1C69209993A4","sim",0,"5D9D:0061B4",20,"2.5.02",0]
{
  mac: '1C69209993A4',
  mode: 'sim',
  state: 0,
  apName: '5D9D:0061B4',
  apPass: 20,
  version: '2.5.02',
  manual_reset: 0
}
{
  event: '1C69209993A4',
  data: '{"event":"utc-now","data":1760225671}'
}
utc done
state does not match
updating connection {
  id: 24,
  state: 1,
  currentVersion: '2.5.02',
  newVersion: '2.5.02',
  mac: '1C69209993A4',
  volume: 100,
  type: 'pillbox-v2_5',
  env: 'sit',
  charging: true,
  resetRequired: false,
  compartments: '001011',
  operationMode: 'sim',
  battery: 100,
  heartbeat: 2025-10-01T16:13:35.000Z,
  online: true,
  viles: '001000',
  lac: '5D9D',
  ci: '0061B4',
  strength: 20
}
{ success: true, message: 'Success.', data: [] }
Connected clients:  5
{ event: '1C69209993A4', data: '{"event":"hb","data":1760225791412}' }
{ event: '1C69209993A4', data: '{"event":"hb","data":1760225911412}' }
{ event: '1C69209993A4', data: '{"event":"hb","data":1760226031412}' }
{ event: '1C69209993A4', data: '{"event":"hb","data":1760226151412}' }
{ event: '1C69209993A4', data: '{"event":"hb","data":1760226271413}' }
{ event: '1C69209993A4', data: '{"event":"hb","data":1760226391412}' }
{ event: '1C69209993A4', data: '{"event":"hb","data":1760226511412}' }
{ event: '1C69209993A4', data: '{"event":"hb","data":1760226631413}' }
{ event: '1C69209993A4', data: '{"event":"hb","data":1760226751413}' }
{ event: '1C69209993A4', data: '{"event":"hb","data":1760226871413}' }
{ event: '1C69209993A4', data: '{"event":"hb","data":1760226991414}' }
{ event: '1C69209993A4', data: '{"event":"hb","data":1760227111414}' }
{ event: '1C69209993A4', data: '{"event":"hb","data":1760227231413}' }
{ event: '1C69209993A4', data: '{"event":"hb","data":1760227351414}' }
{ event: '1C69209993A4', data: '{"event":"hb","data":1760227471414}' }
{ event: '1C69209993A4', data: '{"event":"hb","data":1760227591414}' }
v2_5:shutdown 1C69209993A4
Connected clients:  4
disconnetion reported after 1 minute
Connected clients:  5
v2_5:connect ["1C69209993A4","sim",0,"5D9D:0061B4",23,"2.5.02",0]
["1C69209993A4","sim",0,"5D9D:0061B4",23,"2.5.02",0]
{
  mac: '1C69209993A4',
  mode: 'sim',
  state: 0,
  apName: '5D9D:0061B4',
  apPass: 23,
  version: '2.5.02',
  manual_reset: 0
}
{
  event: '1C69209993A4',
  data: '{"event":"utc-now","data":1760228535}'
}
utc done
state does not match
updating connection {
  id: 24,
  state: 1,
  currentVersion: '2.5.02',
  newVersion: '2.5.02',
  mac: '1C69209993A4',
  volume: 100,
  type: 'pillbox-v2_5',
  env: 'sit',
  charging: true,
  resetRequired: false,
  compartments: '001011',
  operationMode: 'sim',
  battery: 100,
  heartbeat: 2025-10-01T16:13:35.000Z,
  online: true,
  viles: '001000',
  lac: '5D9D',
  ci: '0061B4',
  strength: 23
}
{ success: true, message: 'Success.', data: [] }
{ event: '1C69209993A4', data: '{"event":"hb","data":1760228654771}' }
{ event: '1C69209993A4', data: '{"event":"hb","data":1760228774771}' }
{ event: '1C69209993A4', data: '{"event":"hb","data":1760228894772}' }
{ event: '1C69209993A4', data: '{"event":"hb","data":1760229014772}' }
{ event: '1C69209993A4', data: '{"event":"hb","data":1760229134771}' }
{ event: '1C69209993A4', data: '{"event":"hb","data":1760229254772}' }
{ event: '1C69209993A4', data: '{"event":"hb","data":1760229374772}' }
{ event: '1C69209993A4', data: '{"event":"hb","data":1760229494772}' }
{ event: '1C69209993A4', data: '{"event":"hb","data":1760229614772}' }
{ event: '1C69209993A4', data: '{"event":"hb","data":1760229734772}' }
{ event: '1C69209993A4', data: '{"event":"hb","data":1760229854772}' }
{ event: '1C69209993A4', data: '{"event":"hb","data":1760229974773}' }
{ event: '1C69209993A4', data: '{"event":"hb","data":1760230094773}' }
Connected clients:  6
{ event: '1C69209993A4', data: '{"event":"hb","data":1760230214773}' }
Connected clients:  5
{ event: '1C69209993A4', data: '{"event":"hb","data":1760230334773}' }
{ event: '1C69209993A4', data: '{"event":"hb","data":1760230454774}' }
v2_5:shutdown 1C69209993A4
Connected clients:  4
disconnetion reported after 1 minute
v2_5:connect ["1C69209993A4","sim",0,"5D9D:0061B4",22,"2.5.02",0]
["1C69209993A4","sim",0,"5D9D:0061B4",22,"2.5.02",0]
{
  mac: '1C69209993A4',
  mode: 'sim',
  state: 0,
  apName: '5D9D:0061B4',
  apPass: 22,
  version: '2.5.02',
  manual_reset: 0
}
{
  event: '1C69209993A4',
  data: '{"event":"utc-now","data":1760231398}'
}
utc done
state does not match
updating connection {
  id: 24,
  state: 1,
  currentVersion: '2.5.02',
  newVersion: '2.5.02',
  mac: '1C69209993A4',
  volume: 100,
  type: 'pillbox-v2_5',
  env: 'sit',
  charging: true,
  resetRequired: false,
  compartments: '001011',
  operationMode: 'sim',
  battery: 100,
  heartbeat: 2025-10-01T16:13:35.000Z,
  online: true,
  viles: '001000',
  lac: '5D9D',
  ci: '0061B4',
  strength: 22
}
{ success: true, message: 'Success.', data: [] }
Connected clients:  5
{ event: '1C69209993A4', data: '{"event":"hb","data":1760231517767}' }
{ event: '1C69209993A4', data: '{"event":"hb","data":1760231637767}' }
{ event: '1C69209993A4', data: '{"event":"hb","data":1760231757768}' }
{ event: '1C69209993A4', data: '{"event":"hb","data":1760231877768}' }
{ event: '1C69209993A4', data: '{"event":"hb","data":1760231997769}' }
{ event: '1C69209993A4', data: '{"event":"hb","data":1760232117768}' }
Connected clients:  6
{ event: '1C69209993A4', data: '{"event":"hb","data":1760232237768}' }
Connected clients:  5
{ event: '1C69209993A4', data: '{"event":"hb","data":1760232357769}' }
{ event: '1C69209993A4', data: '{"event":"hb","data":1760232477769}' }
{ event: '1C69209993A4', data: '{"event":"hb","data":1760232597770}' }
{ event: '1C69209993A4', data: '{"event":"hb","data":1760232717770}' }
{ event: '1C69209993A4', data: '{"event":"hb","data":1760232837771}' }
{ event: '1C69209993A4', data: '{"event":"hb","data":1760232957772}' }
{ event: '1C69209993A4', data: '{"event":"hb","data":1760233077771}' }
{ event: '1C69209993A4', data: '{"event":"hb","data":1760233197772}' }
{ event: '1C69209993A4', data: '{"event":"hb","data":1760233317772}' }
v2_5:shutdown 1C69209993A4
Connected clients:  4
disconnetion reported after 1 minute
Connected clients:  5
Connected clients:  4
v2_5:connect ["1C69209993A4","sim",0,"5D9D:0061B4",20,"2.5.02",0]
["1C69209993A4","sim",0,"5D9D:0061B4",20,"2.5.02",0]
{
  mac: '1C69209993A4',
  mode: 'sim',
  state: 0,
  apName: '5D9D:0061B4',
  apPass: 20,
  version: '2.5.02',
  manual_reset: 0
}
{
  event: '1C69209993A4',
  data: '{"event":"utc-now","data":1760234255}'
}
utc done
state does not match
updating connection {
  id: 24,
  state: 1,
  currentVersion: '2.5.02',
  newVersion: '2.5.02',
  mac: '1C69209993A4',
  volume: 100,
  type: 'pillbox-v2_5',
  env: 'sit',
  charging: true,
  resetRequired: false,
  compartments: '001011',
  operationMode: 'sim',
  battery: 100,
  heartbeat: 2025-10-01T16:13:35.000Z,
  online: true,
  viles: '001000',
  lac: '5D9D',
  ci: '0061B4',
  strength: 20
}
{ success: true, message: 'Success.', data: [] }
Connected clients:  5
{ event: '1C69209993A4', data: '{"event":"hb","data":1760234375479}' }
{ event: '1C69209993A4', data: '{"event":"hb","data":1760234495480}' }
{ event: '1C69209993A4', data: '{"event":"hb","data":1760234615480}' }
{ event: '1C69209993A4', data: '{"event":"hb","data":1760234735480}' }
{ event: '1C69209993A4', data: '{"event":"hb","data":1760234855481}' }
{ event: '1C69209993A4', data: '{"event":"hb","data":1760234975481}' }
{ event: '1C69209993A4', data: '{"event":"hb","data":1760235095481}' }
{ event: '1C69209993A4', data: '{"event":"hb","data":1760235215481}' }
{ event: '1C69209993A4', data: '{"event":"hb","data":1760235335482}' }
{ event: '1C69209993A4', data: '{"event":"hb","data":1760235455482}' }
{ event: '1C69209993A4', data: '{"event":"hb","data":1760235575483}' }
{ event: '1C69209993A4', data: '{"event":"hb","data":1760235695483}' }
{ event: '1C69209993A4', data: '{"event":"hb","data":1760235815484}' }
{ event: '1C69209993A4', data: '{"event":"hb","data":1760235935484}' }
{ event: '1C69209993A4', data: '{"event":"hb","data":1760236055484}' }
{ event: '1C69209993A4', data: '{"event":"hb","data":1760236175485}' }
v2_5:shutdown 1C69209993A4
Connected clients:  4
disconnetion reported after 1 minute
Connected clients:  5
v2_5:connect ["1C69209993A4","sim",0,"5D9D:0061B4",19,"2.5.02",0]
["1C69209993A4","sim",0,"5D9D:0061B4",19,"2.5.02",0]
{
  mac: '1C69209993A4',
  mode: 'sim',
  state: 0,
  apName: '5D9D:0061B4',
  apPass: 19,
  version: '2.5.02',
  manual_reset: 0
}
{
  event: '1C69209993A4',
  data: '{"event":"utc-now","data":1760237114}'
}
utc done
state does not match
updating connection {
  id: 24,
  state: 1,
  currentVersion: '2.5.02',
  newVersion: '2.5.02',
  mac: '1C69209993A4',
  volume: 100,
  type: 'pillbox-v2_5',
  env: 'sit',
  charging: true,
  resetRequired: false,
  compartments: '001011',
  operationMode: 'sim',
  battery: 100,
  heartbeat: 2025-10-01T16:13:35.000Z,
  online: true,
  viles: '001000',
  lac: '5D9D',
  ci: '0061B4',
  strength: 19
}
{ success: true, message: 'Success.', data: [] }
{ event: '1C69209993A4', data: '{"event":"hb","data":1760237233858}' }
{ event: '1C69209993A4', data: '{"event":"hb","data":1760237353858}' }
{ event: '1C69209993A4', data: '{"event":"hb","data":1760237473858}' }
{ event: '1C69209993A4', data: '{"event":"hb","data":1760237593859}' }
{ event: '1C69209993A4', data: '{"event":"hb","data":1760237713859}' }
{ event: '1C69209993A4', data: '{"event":"hb","data":1760237833859}' }
{ event: '1C69209993A4', data: '{"event":"hb","data":1760237953858}' }
{ event: '1C69209993A4', data: '{"event":"hb","data":1760238073859}' }
{ event: '1C69209993A4', data: '{"event":"hb","data":1760238193860}' }
{ event: '1C69209993A4', data: '{"event":"hb","data":1760238313861}' }
{ event: '1C69209993A4', data: '{"event":"hb","data":1760238433861}' }
{ event: '1C69209993A4', data: '{"event":"hb","data":1760238553860}' }
{ event: '1C69209993A4', data: '{"event":"hb","data":1760238673861}' }
{ event: '1C69209993A4', data: '{"event":"hb","data":1760238793861}' }
{ event: '1C69209993A4', data: '{"event":"hb","data":1760238913861}' }
{ event: '1C69209993A4', data: '{"event":"hb","data":1760239033862}' }
v2_5:shutdown 1C69209993A4
Connected clients:  4
disconnetion reported after 1 minute
v2_5:connect ["1C69209993A4","sim",0,"5D9D:0061B4",22,"2.5.02",0]
["1C69209993A4","sim",0,"5D9D:0061B4",22,"2.5.02",0]
{
  mac: '1C69209993A4',
  mode: 'sim',
  state: 0,
  apName: '5D9D:0061B4',
  apPass: 22,
  version: '2.5.02',
  manual_reset: 0
}
{
  event: '1C69209993A4',
  data: '{"event":"utc-now","data":1760239972}'
}
utc done
state does not match
updating connection {
  id: 24,
  state: 1,
  currentVersion: '2.5.02',
  newVersion: '2.5.02',
  mac: '1C69209993A4',
  volume: 100,
  type: 'pillbox-v2_5',
  env: 'sit',
  charging: true,
  resetRequired: false,
  compartments: '001011',
  operationMode: 'sim',
  battery: 100,
  heartbeat: 2025-10-01T16:13:35.000Z,
  online: true,
  viles: '001000',
  lac: '5D9D',
  ci: '0061B4',
  strength: 22
}
{ success: true, message: 'Success.', data: [] }
Connected clients:  5
{ event: '1C69209993A4', data: '{"event":"hb","data":1760240091975}' }
{ event: '1C69209993A4', data: '{"event":"hb","data":1760240211975}' }
{ event: '1C69209993A4', data: '{"event":"hb","data":1760240331975}' }
{ event: '1C69209993A4', data: '{"event":"hb","data":1760240451976}' }
{ event: '1C69209993A4', data: '{"event":"hb","data":1760240571976}' }
{ event: '1C69209993A4', data: '{"event":"hb","data":1760240691976}' }
{ event: '1C69209993A4', data: '{"event":"hb","data":1760240811977}' }
Connected clients:  6
{ event: '1C69209993A4', data: '{"event":"hb","data":1760240931978}' }
{ event: '1C69209993A4', data: '{"event":"hb","data":1760241051979}' }
Connected clients:  5
{ event: '1C69209993A4', data: '{"event":"hb","data":1760241171980}' }
{ event: '1C69209993A4', data: '{"event":"hb","data":1760241291980}' }
{ event: '1C69209993A4', data: '{"event":"hb","data":1760241411980}' }
{ event: '1C69209993A4', data: '{"event":"hb","data":1760241531980}' }
{ event: '1C69209993A4', data: '{"event":"hb","data":1760241651980}' }
{ event: '1C69209993A4', data: '{"event":"hb","data":1760241771981}' }
{ event: '1C69209993A4', data: '{"event":"hb","data":1760241891981}' }
v2_5:shutdown 1C69209993A4
Connected clients:  4
disconnetion reported after 1 minute
v2_5:connect ["1C69209993A4","sim",0,"5D9D:0061B4",21,"2.5.02",0]
["1C69209993A4","sim",0,"5D9D:0061B4",21,"2.5.02",0]
{
  mac: '1C69209993A4',
  mode: 'sim',
  state: 0,
  apName: '5D9D:0061B4',
  apPass: 21,
  version: '2.5.02',
  manual_reset: 0
}
{
  event: '1C69209993A4',
  data: '{"event":"utc-now","data":1760242841}'
}
utc done
state does not match
updating connection {
  id: 24,
  state: 1,
  currentVersion: '2.5.02',
  newVersion: '2.5.02',
  mac: '1C69209993A4',
  volume: 100,
  type: 'pillbox-v2_5',
  env: 'sit',
  charging: true,
  resetRequired: false,
  compartments: '001011',
  operationMode: 'sim',
  battery: 100,
  heartbeat: 2025-10-01T16:13:35.000Z,
  online: true,
  viles: '001000',
  lac: '5D9D',
  ci: '0061B4',
  strength: 21
}
{ success: true, message: 'Success.', data: [] }
Connected clients:  5
{ event: '1C69209993A4', data: '{"event":"hb","data":1760242960714}' }
{ event: '1C69209993A4', data: '{"event":"hb","data":1760243080715}' }
{ event: '1C69209993A4', data: '{"event":"hb","data":1760243200715}' }
{ event: '1C69209993A4', data: '{"event":"hb","data":1760243320714}' }
{ event: '1C69209993A4', data: '{"event":"hb","data":1760243440714}' }
{ event: '1C69209993A4', data: '{"event":"hb","data":1760243560714}' }
{ event: '1C69209993A4', data: '{"event":"hb","data":1760243680715}' }
{ event: '1C69209993A4', data: '{"event":"hb","data":1760243800716}' }
{ event: '1C69209993A4', data: '{"event":"hb","data":1760243920716}' }
Connected clients:  6
Connected clients:  5
{ event: '1C69209993A4', data: '{"event":"hb","data":1760244040717}' }
{ event: '1C69209993A4', data: '{"event":"hb","data":1760244160718}' }
{ event: '1C69209993A4', data: '{"event":"hb","data":1760244280719}' }
{ event: '1C69209993A4', data: '{"event":"hb","data":1760244400718}' }
{ event: '1C69209993A4', data: '{"event":"hb","data":1760244520719}' }
{ event: '1C69209993A4', data: '{"event":"hb","data":1760244640719}' }
{ event: '1C69209993A4', data: '{"event":"hb","data":1760244760720}' }
v2_5:shutdown 1C69209993A4
Connected clients:  4
disconnetion reported after 1 minute
Connected clients:  5
v2_5:connect ["1C69209993A4","sim",0,"5D9D:0061B4",23,"2.5.02",0]
["1C69209993A4","sim",0,"5D9D:0061B4",23,"2.5.02",0]
{
  mac: '1C69209993A4',
  mode: 'sim',
  state: 0,
  apName: '5D9D:0061B4',
  apPass: 23,
  version: '2.5.02',
  manual_reset: 0
}
{
  event: '1C69209993A4',
  data: '{"event":"utc-now","data":1760245704}'
}
utc done
state does not match
updating connection {
  id: 24,
  state: 1,
  currentVersion: '2.5.02',
  newVersion: '2.5.02',
  mac: '1C69209993A4',
  volume: 100,
  type: 'pillbox-v2_5',
  env: 'sit',
  charging: true,
  resetRequired: false,
  compartments: '001011',
  operationMode: 'sim',
  battery: 100,
  heartbeat: 2025-10-01T16:13:35.000Z,
  online: true,
  viles: '001000',
  lac: '5D9D',
  ci: '0061B4',
  strength: 23
}
{ success: true, message: 'Success.', data: [] }
{ event: '1C69209993A4', data: '{"event":"hb","data":1760245824384}' }
{ event: '1C69209993A4', data: '{"event":"hb","data":1760245944385}' }
{ event: '1C69209993A4', data: '{"event":"hb","data":1760246064385}' }
{ event: '1C69209993A4', data: '{"event":"hb","data":1760246184385}' }
{ event: '1C69209993A4', data: '{"event":"hb","data":1760246304385}' }
{ event: '1C69209993A4', data: '{"event":"hb","data":1760246424384}' }
Connected clients:  6
{ event: '1C69209993A4', data: '{"event":"hb","data":1760246544385}' }
{ event: '1C69209993A4', data: '{"event":"hb","data":1760246664386}' }
Connected clients:  5
{ event: '1C69209993A4', data: '{"event":"hb","data":1760246784387}' }
{ event: '1C69209993A4', data: '{"event":"hb","data":1760246904387}' }
{ event: '1C69209993A4', data: '{"event":"hb","data":1760247024387}' }
{ event: '1C69209993A4', data: '{"event":"hb","data":1760247144387}' }
{ event: '1C69209993A4', data: '{"event":"hb","data":1760247264388}' }
{ event: '1C69209993A4', data: '{"event":"hb","data":1760247384389}' }
{ event: '1C69209993A4', data: '{"event":"hb","data":1760247504389}' }
Connected clients:  6
v2_5:shutdown 1C69209993A4
v2_5:connect ["1C69209993A4","sim",0,"5D9D:0061B4",21,"2.5.02",0]
["1C69209993A4","sim",0,"5D9D:0061B4",21,"2.5.02",0]
{
  mac: '1C69209993A4',
  mode: 'sim',
  state: 0,
  apName: '5D9D:0061B4',
  apPass: 21,
  version: '2.5.02',
  manual_reset: 0
}
{
  event: '1C69209993A4',
  data: '{"event":"utc-now","data":1760247532}'
}
utc done
state does not match
updating connection {
  id: 24,
  state: 1,
  currentVersion: '2.5.02',
  newVersion: '2.5.02',
  mac: '1C69209993A4',
  volume: 100,
  type: 'pillbox-v2_5',
  env: 'sit',
  charging: true,
  resetRequired: false,
  compartments: '001011',
  operationMode: 'sim',
  battery: 100,
  heartbeat: 2025-10-01T16:13:35.000Z,
  online: true,
  viles: '001000',
  lac: '5D9D',
  ci: '0061B4',
  strength: 21
}
{ success: true, message: 'Success.', data: [] }
Connected clients:  5
{ event: '1C69209993A4', data: '{"event":"hb","data":1760247651800}' }
{ event: '1C69209993A4', data: '{"event":"hb","data":1760247771800}' }
{ event: '1C69209993A4', data: '{"event":"hb","data":1760247891800}' }
{ event: '1C69209993A4', data: '{"event":"hb","data":1760248011801}' }
{ event: '1C69209993A4', data: '{"event":"hb","data":1760248131800}' }
{ event: '1C69209993A4', data: '{"event":"hb","data":1760248251801}' }
{ event: '1C69209993A4', data: '{"event":"hb","data":1760248371802}' }
{ event: '1C69209993A4', data: '{"event":"hb","data":1760248491803}' }
{ event: '1C69209993A4', data: '{"event":"hb","data":1760248611803}' }
{ event: '1C69209993A4', data: '{"event":"hb","data":1760248731803}' }
{ event: '1C69209993A4', data: '{"event":"hb","data":1760248851803}' }
{ event: '1C69209993A4', data: '{"event":"hb","data":1760248971804}' }
{ event: '1C69209993A4', data: '{"event":"hb","data":1760249091804}' }
{ event: '1C69209993A4', data: '{"event":"hb","data":1760249211805}' }
{ event: '1C69209993A4', data: '{"event":"hb","data":1760249331805}' }
{ event: '1C69209993A4', data: '{"event":"hb","data":1760249451804}' }
v2_5:shutdown 1C69209993A4
Connected clients:  4
disconnetion reported after 1 minute
v2_5:connect ["1C69209993A4","sim",0,"5D9D:0061B4",22,"2.5.02",0]
["1C69209993A4","sim",0,"5D9D:0061B4",22,"2.5.02",0]
{
  mac: '1C69209993A4',
  mode: 'sim',
  state: 0,
  apName: '5D9D:0061B4',
  apPass: 22,
  version: '2.5.02',
  manual_reset: 0
}
{
  event: '1C69209993A4',
  data: '{"event":"utc-now","data":1760250384}'
}
utc done
state does not match
updating connection {
  id: 24,
  state: 1,
  currentVersion: '2.5.02',
  newVersion: '2.5.02',
  mac: '1C69209993A4',
  volume: 100,
  type: 'pillbox-v2_5',
  env: 'sit',
  charging: true,
  resetRequired: false,
  compartments: '001011',
  operationMode: 'sim',
  battery: 100,
  heartbeat: 2025-10-01T16:13:35.000Z,
  online: true,
  viles: '001000',
  lac: '5D9D',
  ci: '0061B4',
  strength: 22
}
{ success: true, message: 'Success.', data: [] }
Connected clients:  5
{ event: '1C69209993A4', data: '{"event":"hb","data":1760250503965}' }
109125
{ event: '1C69209993A4', data: '{"event":"hb","data":1760250623965}' }
{ event: '1C69209993A4', data: '{"event":"hb","data":1760250743966}' }
{ event: '1C69209993A4', data: '{"event":"hb","data":1760250863967}' }
{ event: '1C69209993A4', data: '{"event":"hb","data":1760250983967}' }
{ event: '1C69209993A4', data: '{"event":"hb","data":1760251103968}' }
{ event: '1C69209993A4', data: '{"event":"hb","data":1760251223968}' }
{ event: '1C69209993A4', data: '{"event":"hb","data":1760251343969}' }
{ event: '1C69209993A4', data: '{"event":"hb","data":1760251463970}' }
{ event: '1C69209993A4', data: '{"event":"hb","data":1760251583971}' }
{ event: '1C69209993A4', data: '{"event":"hb","data":1760251703971}' }
Connected clients:  6
{ event: '1C69209993A4', data: '{"event":"hb","data":1760251823972}' }
Connected clients:  5
{ event: '1C69209993A4', data: '{"event":"hb","data":1760251943972}' }
{ event: '1C69209993A4', data: '{"event":"hb","data":1760252063972}' }
{ event: '1C69209993A4', data: '{"event":"hb","data":1760252183972}' }
{ event: '1C69209993A4', data: '{"event":"hb","data":1760252303972}' }
v2_5:shutdown 1C69209993A4
Connected clients:  4
disconnetion reported after 1 minute
v2_5:connect ["1C69209993A4","sim",0,"5D9D:0061B4",17,"2.5.02",0]
["1C69209993A4","sim",0,"5D9D:0061B4",17,"2.5.02",0]
{
  mac: '1C69209993A4',
  mode: 'sim',
  state: 0,
  apName: '5D9D:0061B4',
  apPass: 17,
  version: '2.5.02',
  manual_reset: 0
}
{
  event: '1C69209993A4',
  data: '{"event":"utc-now","data":1760253243}'
}
utc done
state does not match
updating connection {
  id: 24,
  state: 1,
  currentVersion: '2.5.02',
  newVersion: '2.5.02',
  mac: '1C69209993A4',
  volume: 100,
  type: 'pillbox-v2_5',
  env: 'sit',
  charging: true,
  resetRequired: false,
  compartments: '001011',
  operationMode: 'sim',
  battery: 100,
  heartbeat: 2025-10-01T16:13:35.000Z,
  online: true,
  viles: '001000',
  lac: '5D9D',
  ci: '0061B4',
  strength: 17
}
{ success: true, message: 'Success.', data: [] }
Connected clients:  5
{ event: '1C69209993A4', data: '{"event":"hb","data":1760253363370}' }
{ event: '1C69209993A4', data: '{"event":"hb","data":1760253483371}' }
{ event: '1C69209993A4', data: '{"event":"hb","data":1760253603372}' }
{ event: '1C69209993A4', data: '{"event":"hb","data":1760253723372}' }
Connected clients:  6
{ event: '1C69209993A4', data: '{"event":"hb","data":1760253843372}' }
Connected clients:  5
{ event: '1C69209993A4', data: '{"event":"hb","data":1760253963372}' }
{ event: '1C69209993A4', data: '{"event":"hb","data":1760254083373}' }
{ event: '1C69209993A4', data: '{"event":"hb","data":1760254203373}' }
{ event: '1C69209993A4', data: '{"event":"hb","data":1760254323372}' }
{ event: '1C69209993A4', data: '{"event":"hb","data":1760254443373}' }
{ event: '1C69209993A4', data: '{"event":"hb","data":1760254563373}' }
{ event: '1C69209993A4', data: '{"event":"hb","data":1760254683374}' }
{ event: '1C69209993A4', data: '{"event":"hb","data":1760254803373}' }
{ event: '1C69209993A4', data: '{"event":"hb","data":1760254923374}' }
{ event: '1C69209993A4', data: '{"event":"hb","data":1760255043375}' }
{ event: '1C69209993A4', data: '{"event":"hb","data":1760255163375}' }
v2_5:shutdown 1C69209993A4
disconnetion reported after 1 minute
Connected clients:  4
v2_5:connect ["1C69209993A4","sim",0,"5D9D:0061B4",21,"2.5.02",0]
["1C69209993A4","sim",0,"5D9D:0061B4",21,"2.5.02",0]
{
  mac: '1C69209993A4',
  mode: 'sim',
  state: 0,
  apName: '5D9D:0061B4',
  apPass: 21,
  version: '2.5.02',
  manual_reset: 0
}
{
  event: '1C69209993A4',
  data: '{"event":"utc-now","data":1760256096}'
}
utc done
state does not match
updating connection {
  id: 24,
  state: 1,
  currentVersion: '2.5.02',
  newVersion: '2.5.02',
  mac: '1C69209993A4',
  volume: 100,
  type: 'pillbox-v2_5',
  env: 'sit',
  charging: true,
  resetRequired: false,
  compartments: '001011',
  operationMode: 'sim',
  battery: 100,
  heartbeat: 2025-10-01T16:13:35.000Z,
  online: true,
  viles: '001000',
  lac: '5D9D',
  ci: '0061B4',
  strength: 21
}
{ success: true, message: 'Success.', data: [] }
Connected clients:  5
{ event: '1C69209993A4', data: '{"event":"hb","data":1760256216054}' }
{ event: '1C69209993A4', data: '{"event":"hb","data":1760256336054}' }
{ event: '1C69209993A4', data: '{"event":"hb","data":1760256456054}' }
{ event: '1C69209993A4', data: '{"event":"hb","data":1760256576055}' }
{ event: '1C69209993A4', data: '{"event":"hb","data":1760256696055}' }
{ event: '1C69209993A4', data: '{"event":"hb","data":1760256816055}' }
{ event: '1C69209993A4', data: '{"event":"hb","data":1760256936055}' }
{ event: '1C69209993A4', data: '{"event":"hb","data":1760257056055}' }
{ event: '1C69209993A4', data: '{"event":"hb","data":1760257176054}' }
{ event: '1C69209993A4', data: '{"event":"hb","data":1760257296055}' }
{ event: '1C69209993A4', data: '{"event":"hb","data":1760257416056}' }
{ event: '1C69209993A4', data: '{"event":"hb","data":1760257536056}' }
{ event: '1C69209993A4', data: '{"event":"hb","data":1760257656056}' }
{ event: '1C69209993A4', data: '{"event":"hb","data":1760257776057}' }
{ event: '1C69209993A4', data: '{"event":"hb","data":1760257896057}' }
{ event: '1C69209993A4', data: '{"event":"hb","data":1760258016058}' }
v2_5:shutdown 1C69209993A4
Connected clients:  4
disconnetion reported after 1 minute
v2_5:connect ["1C69209993A4","sim",0,"5D9D:0061B4",21,"2.5.02",0]
["1C69209993A4","sim",0,"5D9D:0061B4",21,"2.5.02",0]
{
  mac: '1C69209993A4',
  mode: 'sim',
  state: 0,
  apName: '5D9D:0061B4',
  apPass: 21,
  version: '2.5.02',
  manual_reset: 0
}
{
  event: '1C69209993A4',
  data: '{"event":"utc-now","data":1760258959}'
}
utc done
state does not match
Connected clients:  5
updating connection {
  id: 24,
  state: 1,
  currentVersion: '2.5.02',
  newVersion: '2.5.02',
  mac: '1C69209993A4',
  volume: 100,
  type: 'pillbox-v2_5',
  env: 'sit',
  charging: true,
  resetRequired: false,
  compartments: '001011',
  operationMode: 'sim',
  battery: 100,
  heartbeat: 2025-10-01T16:13:35.000Z,
  online: true,
  viles: '001000',
  lac: '5D9D',
  ci: '0061B4',
  strength: 21
}
{ success: true, message: 'Success.', data: [] }
{ event: '1C69209993A4', data: '{"event":"hb","data":1760259079301}' }
{ event: '1C69209993A4', data: '{"event":"hb","data":1760259199301}' }
{ event: '1C69209993A4', data: '{"event":"hb","data":1760259319301}' }
{ event: '1C69209993A4', data: '{"event":"hb","data":1760259439301}' }
{ event: '1C69209993A4', data: '{"event":"hb","data":1760259559302}' }
{ event: '1C69209993A4', data: '{"event":"hb","data":1760259679302}' }
{ event: '1C69209993A4', data: '{"event":"hb","data":1760259799302}' }
{ event: '1C69209993A4', data: '{"event":"hb","data":1760259919302}' }
{ event: '1C69209993A4', data: '{"event":"hb","data":1760260039303}' }
{ event: '1C69209993A4', data: '{"event":"hb","data":1760260159303}' }
{ event: '1C69209993A4', data: '{"event":"hb","data":1760260279303}' }
{ event: '1C69209993A4', data: '{"event":"hb","data":1760260399303}' }
{ event: '1C69209993A4', data: '{"event":"hb","data":1760260519303}' }
{ event: '1C69209993A4', data: '{"event":"hb","data":1760260639302}' }
{ event: '1C69209993A4', data: '{"event":"hb","data":1760260759303}' }
{ event: '1C69209993A4', data: '{"event":"hb","data":1760260879303}' }
v2_5:shutdown 1C69209993A4
Connected clients:  4
disconnetion reported after 1 minute
v2_5:connect ["1C69209993A4","sim",0,"5D9D:0061B4",22,"2.5.02",0]
["1C69209993A4","sim",0,"5D9D:0061B4",22,"2.5.02",0]
{
  mac: '1C69209993A4',
  mode: 'sim',
  state: 0,
  apName: '5D9D:0061B4',
  apPass: 22,
  version: '2.5.02',
  manual_reset: 0
}
{
  event: '1C69209993A4',
  data: '{"event":"utc-now","data":1760261832}'
}
utc done
state does not match
updating connection {
  id: 24,
  state: 1,
  currentVersion: '2.5.02',
  newVersion: '2.5.02',
  mac: '1C69209993A4',
  volume: 100,
  type: 'pillbox-v2_5',
  env: 'sit',
  charging: true,
  resetRequired: false,
  compartments: '001011',
  operationMode: 'sim',
  battery: 100,
  heartbeat: 2025-10-01T16:13:35.000Z,
  online: true,
  viles: '001000',
  lac: '5D9D',
  ci: '0061B4',
  strength: 22
}
{ success: true, message: 'Success.', data: [] }
Connected clients:  5
{ event: '1C69209993A4', data: '{"event":"hb","data":1760261952133}' }
{ event: '1C69209993A4', data: '{"event":"hb","data":1760262072134}' }
{ event: '1C69209993A4', data: '{"event":"hb","data":1760262192134}' }
{ event: '1C69209993A4', data: '{"event":"hb","data":1760262312133}' }
{ event: '1C69209993A4', data: '{"event":"hb","data":1760262432134}' }
Connected clients:  6
{ event: '1C69209993A4', data: '{"event":"hb","data":1760262552133}' }
Connected clients:  5
{ event: '1C69209993A4', data: '{"event":"hb","data":1760262672134}' }
{ event: '1C69209993A4', data: '{"event":"hb","data":1760262792134}' }
{ event: '1C69209993A4', data: '{"event":"hb","data":1760262912134}' }
{ event: '1C69209993A4', data: '{"event":"hb","data":1760263032135}' }
{ event: '1C69209993A4', data: '{"event":"hb","data":1760263152136}' }
108609
{ event: '1C69209993A4', data: '{"event":"hb","data":1760263272136}' }
{ event: '1C69209993A4', data: '{"event":"hb","data":1760263392135}' }
108589
{ event: '1C69209993A4', data: '{"event":"hb","data":1760263512136}' }
{ event: '1C69209993A4', data: '{"event":"hb","data":1760263632137}' }
{ event: '1C69209993A4', data: '{"event":"hb","data":1760263752137}' }
v2_5:shutdown 1C69209993A4
Connected clients:  4
disconnetion reported after 1 minute
105625
v2_5:connect ["1C69209993A4","sim",0,"5D9D:0061B4",22,"2.5.02",0]
["1C69209993A4","sim",0,"5D9D:0061B4",22,"2.5.02",0]
{
  mac: '1C69209993A4',
  mode: 'sim',
  state: 0,
  apName: '5D9D:0061B4',
  apPass: 22,
  version: '2.5.02',
  manual_reset: 0
}
{
  event: '1C69209993A4',
  data: '{"event":"utc-now","data":1760264684}'
}
utc done
state does not match
updating connection {
  id: 24,
  state: 1,
  currentVersion: '2.5.02',
  newVersion: '2.5.02',
  mac: '1C69209993A4',
  volume: 100,
  type: 'pillbox-v2_5',
  env: 'sit',
  charging: true,
  resetRequired: false,
  compartments: '001011',
  operationMode: 'sim',
  battery: 100,
  heartbeat: 2025-10-01T16:13:35.000Z,
  online: true,
  viles: '001000',
  lac: '5D9D',
  ci: '0061B4',
  strength: 22
}
{ success: true, message: 'Success.', data: [] }
Connected clients:  5
{ event: '1C69209993A4', data: '{"event":"hb","data":1760264804334}' }
{ event: '1C69209993A4', data: '{"event":"hb","data":1760264924335}' }
{ event: '1C69209993A4', data: '{"event":"hb","data":1760265044336}' }
{ event: '1C69209993A4', data: '{"event":"hb","data":1760265164336}' }
{ event: '1C69209993A4', data: '{"event":"hb","data":1760265284337}' }
{ event: '1C69209993A4', data: '{"event":"hb","data":1760265404338}' }
{ event: '1C69209993A4', data: '{"event":"hb","data":1760265524338}' }
{ event: '1C69209993A4', data: '{"event":"hb","data":1760265644338}' }
{ event: '1C69209993A4', data: '{"event":"hb","data":1760265764339}' }
{ event: '1C69209993A4', data: '{"event":"hb","data":1760265884340}' }
{ event: '1C69209993A4', data: '{"event":"hb","data":1760266004341}' }
{ event: '1C69209993A4', data: '{"event":"hb","data":1760266124341}' }
{ event: '1C69209993A4', data: '{"event":"hb","data":1760266244342}' }
{ event: '1C69209993A4', data: '{"event":"hb","data":1760266364342}' }
{ event: '1C69209993A4', data: '{"event":"hb","data":1760266484342}' }
{ event: '1C69209993A4', data: '{"event":"hb","data":1760266604341}' }
v2_5:shutdown 1C69209993A4
Connected clients:  4
disconnetion reported after 1 minute
v2_5:connect ["1C69209993A4","sim",0,"5D9D:0061B4",21,"2.5.02",0]
["1C69209993A4","sim",0,"5D9D:0061B4",21,"2.5.02",0]
{
  mac: '1C69209993A4',
  mode: 'sim',
  state: 0,
  apName: '5D9D:0061B4',
  apPass: 21,
  version: '2.5.02',
  manual_reset: 0
}
{
  event: '1C69209993A4',
  data: '{"event":"utc-now","data":1760267542}'
}
utc done
state does not match
updating connection {
  id: 24,
  state: 1,
  currentVersion: '2.5.02',
  newVersion: '2.5.02',
  mac: '1C69209993A4',
  volume: 100,
  type: 'pillbox-v2_5',
  env: 'sit',
  charging: true,
  resetRequired: false,
  compartments: '001011',
  operationMode: 'sim',
  battery: 100,
  heartbeat: 2025-10-01T16:13:35.000Z,
  online: true,
  viles: '001000',
  lac: '5D9D',
  ci: '0061B4',
  strength: 21
}
{ success: true, message: 'Success.', data: [] }
Connected clients:  5
{ event: '1C69209993A4', data: '{"event":"hb","data":1760267661504}' }
{ event: '1C69209993A4', data: '{"event":"hb","data":1760267781504}' }
{ event: '1C69209993A4', data: '{"event":"hb","data":1760267901504}' }
{ event: '1C69209993A4', data: '{"event":"hb","data":1760268021503}' }
Connected clients:  6
{ event: '1C69209993A4', data: '{"event":"hb","data":1760268141504}' }
{ event: '1C69209993A4', data: '{"event":"hb","data":1760268261505}' }
Connected clients:  5
{ event: '1C69209993A4', data: '{"event":"hb","data":1760268381506}' }
{ event: '1C69209993A4', data: '{"event":"hb","data":1760268501506}' }
{ event: '1C69209993A4', data: '{"event":"hb","data":1760268621507}' }
{ event: '1C69209993A4', data: '{"event":"hb","data":1760268741508}' }
{ event: '1C69209993A4', data: '{"event":"hb","data":1760268861507}' }
{ event: '1C69209993A4', data: '{"event":"hb","data":1760268981508}' }
{ event: '1C69209993A4', data: '{"event":"hb","data":1760269101507}' }
{ event: '1C69209993A4', data: '{"event":"hb","data":1760269221508}' }
{ event: '1C69209993A4', data: '{"event":"hb","data":1760269341509}' }
{ event: '1C69209993A4', data: '{"event":"hb","data":1760269461510}' }
v2_5:shutdown 1C69209993A4
Connected clients:  4
disconnetion reported after 1 minute
v2_5:connect ["1C69209993A4","sim",0,"5D9D:0061B4",21,"2.5.02",0]
["1C69209993A4","sim",0,"5D9D:0061B4",21,"2.5.02",0]
{
  mac: '1C69209993A4',
  mode: 'sim',
  state: 0,
  apName: '5D9D:0061B4',
  apPass: 21,
  version: '2.5.02',
  manual_reset: 0
}
{
  event: '1C69209993A4',
  data: '{"event":"utc-now","data":1760270406}'
}
utc done
state does not match
updating connection {
  id: 24,
  state: 1,
  currentVersion: '2.5.02',
  newVersion: '2.5.02',
  mac: '1C69209993A4',
  volume: 100,
  type: 'pillbox-v2_5',
  env: 'sit',
  charging: true,
  resetRequired: false,
  compartments: '001011',
  operationMode: 'sim',
  battery: 100,
  heartbeat: 2025-10-01T16:13:35.000Z,
  online: true,
  viles: '001000',
  lac: '5D9D',
  ci: '0061B4',
  strength: 21
}
{ success: true, message: 'Success.', data: [] }
Connected clients:  5
{ event: '1C69209993A4', data: '{"event":"hb","data":1760270525926}' }
{ event: '1C69209993A4', data: '{"event":"hb","data":1760270645926}' }
{ event: '1C69209993A4', data: '{"event":"hb","data":1760270765927}' }
{ event: '1C69209993A4', data: '{"event":"hb","data":1760270885928}' }
{ event: '1C69209993A4', data: '{"event":"hb","data":1760271005929}' }
{ event: '1C69209993A4', data: '{"event":"hb","data":1760271125928}' }
{ event: '1C69209993A4', data: '{"event":"hb","data":1760271245929}' }
{ event: '1C69209993A4', data: '{"event":"hb","data":1760271365929}' }
{ event: '1C69209993A4', data: '{"event":"hb","data":1760271485928}' }
{ event: '1C69209993A4', data: '{"event":"hb","data":1760271605929}' }
{ event: '1C69209993A4', data: '{"event":"hb","data":1760271725930}' }
{ event: '1C69209993A4', data: '{"event":"hb","data":1760271845930}' }
{ event: '1C69209993A4', data: '{"event":"hb","data":1760271965929}' }
{ event: '1C69209993A4', data: '{"event":"hb","data":1760272085929}' }
108490
108646
{ event: '1C69209993A4', data: '{"event":"hb","data":1760272205930}' }
{ event: '1C69209993A4', data: '{"event":"hb","data":1760272325930}' }
v2_5:shutdown 1C69209993A4
Connected clients:  4
disconnetion reported after 1 minute
108630
v2_5:connect ["1C69209993A4","sim",0,"5D9D:0061B4",21,"2.5.02",0]
["1C69209993A4","sim",0,"5D9D:0061B4",21,"2.5.02",0]
{
  mac: '1C69209993A4',
  mode: 'sim',
  state: 0,
  apName: '5D9D:0061B4',
  apPass: 21,
  version: '2.5.02',
  manual_reset: 0
}
{
  event: '1C69209993A4',
  data: '{"event":"utc-now","data":1760273273}'
}
utc done
state does not match
updating connection {
  id: 24,
  state: 1,
  currentVersion: '2.5.02',
  newVersion: '2.5.02',
  mac: '1C69209993A4',
  volume: 100,
  type: 'pillbox-v2_5',
  env: 'sit',
  charging: true,
  resetRequired: false,
  compartments: '001011',
  operationMode: 'sim',
  battery: 100,
  heartbeat: 2025-10-01T16:13:35.000Z,
  online: true,
  viles: '001000',
  lac: '5D9D',
  ci: '0061B4',
  strength: 21
}
{ success: true, message: 'Success.', data: [] }
Connected clients:  5
Connected clients:  6
{ event: '1C69209993A4', data: '{"event":"hb","data":1760273393408}' }
{ event: '1C69209993A4', data: '{"event":"hb","data":1760273513408}' }
Connected clients:  5
{ event: '1C69209993A4', data: '{"event":"hb","data":1760273633408}' }
{ event: '1C69209993A4', data: '{"event":"hb","data":1760273753408}' }
{ event: '1C69209993A4', data: '{"event":"hb","data":1760273873408}' }
{ event: '1C69209993A4', data: '{"event":"hb","data":1760273993408}' }
{ event: '1C69209993A4', data: '{"event":"hb","data":1760274113407}' }
{ event: '1C69209993A4', data: '{"event":"hb","data":1760274233408}' }
{ event: '1C69209993A4', data: '{"event":"hb","data":1760274353409}' }
{ event: '1C69209993A4', data: '{"event":"hb","data":1760274473408}' }
{ event: '1C69209993A4', data: '{"event":"hb","data":1760274593409}' }
{ event: '1C69209993A4', data: '{"event":"hb","data":1760274713409}' }
{ event: '1C69209993A4', data: '{"event":"hb","data":1760274833409}' }
{ event: '1C69209993A4', data: '{"event":"hb","data":1760274953410}' }
{ event: '1C69209993A4', data: '{"event":"hb","data":1760275073410}' }
{ event: '1C69209993A4', data: '{"event":"hb","data":1760275193410}' }
v2_5:shutdown 1C69209993A4
Connected clients:  4
disconnetion reported after 1 minute
Connected clients:  5
Connected clients:  4
v2_5:connect ["1C69209993A4","sim",0,"5D9D:0061B4",21,"2.5.02",0]
["1C69209993A4","sim",0,"5D9D:0061B4",21,"2.5.02",0]
{
  mac: '1C69209993A4',
  mode: 'sim',
  state: 0,
  apName: '5D9D:0061B4',
  apPass: 21,
  version: '2.5.02',
  manual_reset: 0
}
{
  event: '1C69209993A4',
  data: '{"event":"utc-now","data":1760276125}'
}
utc done
state does not match
updating connection {
  id: 24,
  state: 1,
  currentVersion: '2.5.02',
  newVersion: '2.5.02',
  mac: '1C69209993A4',
  volume: 100,
  type: 'pillbox-v2_5',
  env: 'sit',
  charging: true,
  resetRequired: false,
  compartments: '001011',
  operationMode: 'sim',
  battery: 100,
  heartbeat: 2025-10-01T16:13:35.000Z,
  online: true,
  viles: '001000',
  lac: '5D9D',
  ci: '0061B4',
  strength: 21
}
{ success: true, message: 'Success.', data: [] }
Connected clients:  5
{ event: '1C69209993A4', data: '{"event":"hb","data":1760276244867}' }
{ event: '1C69209993A4', data: '{"event":"hb","data":1760276364867}' }
{ event: '1C69209993A4', data: '{"event":"hb","data":1760276484868}' }
{ event: '1C69209993A4', data: '{"event":"hb","data":1760276604868}' }
108171
{ event: '1C69209993A4', data: '{"event":"hb","data":1760276724868}' }
Connected clients:  7
{ event: '1C69209993A4', data: '{"event":"hb","data":1760276844869}' }
Connected clients:  6
{ event: '1C69209993A4', data: '{"event":"hb","data":1760276964869}' }
Connected clients:  5
{ event: '1C69209993A4', data: '{"event":"hb","data":1760277084869}' }
{ event: '1C69209993A4', data: '{"event":"hb","data":1760277204870}' }
{ event: '1C69209993A4', data: '{"event":"hb","data":1760277324870}' }
{ event: '1C69209993A4', data: '{"event":"hb","data":1760277444869}' }
{ event: '1C69209993A4', data: '{"event":"hb","data":1760277564870}' }
{ event: '1C69209993A4', data: '{"event":"hb","data":1760277684869}' }
{ event: '1C69209993A4', data: '{"event":"hb","data":1760277804869}' }
{ event: '1C69209993A4', data: '{"event":"hb","data":1760277924869}' }
{ event: '1C69209993A4', data: '{"event":"hb","data":1760278044869}' }
v2_5:shutdown 1C69209993A4
Connected clients:  4
disconnetion reported after 1 minute
98321
v2_5:connect ["1C69209993A4","sim",0,"5D9D:0061B4",21,"2.5.02",0]
["1C69209993A4","sim",0,"5D9D:0061B4",21,"2.5.02",0]
{
  mac: '1C69209993A4',
  mode: 'sim',
  state: 0,
  apName: '5D9D:0061B4',
  apPass: 21,
  version: '2.5.02',
  manual_reset: 0
}
{
  event: '1C69209993A4',
  data: '{"event":"utc-now","data":1760278988}'
}
utc done
state does not match
updating connection {
  id: 24,
  state: 1,
  currentVersion: '2.5.02',
  newVersion: '2.5.02',
  mac: '1C69209993A4',
  volume: 100,
  type: 'pillbox-v2_5',
  env: 'sit',
  charging: true,
  resetRequired: false,
  compartments: '001011',
  operationMode: 'sim',
  battery: 100,
  heartbeat: 2025-10-01T16:13:35.000Z,
  online: true,
  viles: '001000',
  lac: '5D9D',
  ci: '0061B4',
  strength: 21
}
{ success: true, message: 'Success.', data: [] }
Connected clients:  5
{ event: '1C69209993A4', data: '{"event":"hb","data":1760279107745}' }
{ event: '1C69209993A4', data: '{"event":"hb","data":1760279227745}' }
{ event: '1C69209993A4', data: '{"event":"hb","data":1760279347745}' }
{ event: '1C69209993A4', data: '{"event":"hb","data":1760279467745}' }
{ event: '1C69209993A4', data: '{"event":"hb","data":1760279587746}' }
{ event: '1C69209993A4', data: '{"event":"hb","data":1760279707747}' }
{ event: '1C69209993A4', data: '{"event":"hb","data":1760279827747}' }
{ event: '1C69209993A4', data: '{"event":"hb","data":1760279947747}' }
{ event: '1C69209993A4', data: '{"event":"hb","data":1760280067747}' }
{ event: '1C69209993A4', data: '{"event":"hb","data":1760280187748}' }
{ event: '1C69209993A4', data: '{"event":"hb","data":1760280307748}' }
{ event: '1C69209993A4', data: '{"event":"hb","data":1760280427748}' }
{ event: '1C69209993A4', data: '{"event":"hb","data":1760280547748}' }
{ event: '1C69209993A4', data: '{"event":"hb","data":1760280667749}' }
{ event: '1C69209993A4', data: '{"event":"hb","data":1760280787748}' }
{ event: '1C69209993A4', data: '{"event":"hb","data":1760280907749}' }
v2_5:shutdown 1C69209993A4
Connected clients:  4
disconnetion reported after 1 minute
v2_5:connect ["1C69209993A4","sim",0,"5D9D:0061B4",22,"2.5.02",0]
["1C69209993A4","sim",0,"5D9D:0061B4",22,"2.5.02",0]
{
  mac: '1C69209993A4',
  mode: 'sim',
  state: 0,
  apName: '5D9D:0061B4',
  apPass: 22,
  version: '2.5.02',
  manual_reset: 0
}
{
  event: '1C69209993A4',
  data: '{"event":"utc-now","data":1760281846}'
}
utc done
state does not match
updating connection {
  id: 24,
  state: 1,
  currentVersion: '2.5.02',
  newVersion: '2.5.02',
  mac: '1C69209993A4',
  volume: 100,
  type: 'pillbox-v2_5',
  env: 'sit',
  charging: true,
  resetRequired: false,
  compartments: '001011',
  operationMode: 'sim',
  battery: 100,
  heartbeat: 2025-10-01T16:13:35.000Z,
  online: true,
  viles: '001000',
  lac: '5D9D',
  ci: '0061B4',
  strength: 22
}
{ success: true, message: 'Success.', data: [] }
Connected clients:  5
{ event: '1C69209993A4', data: '{"event":"hb","data":1760281965526}' }
{ event: '1C69209993A4', data: '{"event":"hb","data":1760282085527}' }
{ event: '1C69209993A4', data: '{"event":"hb","data":1760282205527}' }
{ event: '1C69209993A4', data: '{"event":"hb","data":1760282325528}' }
{ event: '1C69209993A4', data: '{"event":"hb","data":1760282445528}' }
{ event: '1C69209993A4', data: '{"event":"hb","data":1760282565529}' }
{ event: '1C69209993A4', data: '{"event":"hb","data":1760282685529}' }
{ event: '1C69209993A4', data: '{"event":"hb","data":1760282805528}' }
{ event: '1C69209993A4', data: '{"event":"hb","data":1760282925529}' }
{ event: '1C69209993A4', data: '{"event":"hb","data":1760283045530}' }
{ event: '1C69209993A4', data: '{"event":"hb","data":1760283165529}' }
{ event: '1C69209993A4', data: '{"event":"hb","data":1760283285530}' }
{ event: '1C69209993A4', data: '{"event":"hb","data":1760283405530}' }
{ event: '1C69209993A4', data: '{"event":"hb","data":1760283525531}' }
{ event: '1C69209993A4', data: '{"event":"hb","data":1760283645532}' }
v2_5:shutdown 1C69209993A4
v2_5:connect ["1C69209993A4","sim",0,"5D9D:0061B4",22,"2.5.02",0]
["1C69209993A4","sim",0,"5D9D:0061B4",22,"2.5.02",0]
{
  mac: '1C69209993A4',
  mode: 'sim',
  state: 0,
  apName: '5D9D:0061B4',
  apPass: 22,
  version: '2.5.02',
  manual_reset: 0
}
{
  event: '1C69209993A4',
  data: '{"event":"utc-now","data":1760283684}'
}
utc done
state does not match
updating connection {
  id: 24,
  state: 1,
  currentVersion: '2.5.02',
  newVersion: '2.5.02',
  mac: '1C69209993A4',
  volume: 100,
  type: 'pillbox-v2_5',
  env: 'sit',
  charging: true,
  resetRequired: false,
  compartments: '001011',
  operationMode: 'sim',
  battery: 100,
  heartbeat: 2025-10-01T16:13:35.000Z,
  online: true,
  viles: '001000',
  lac: '5D9D',
  ci: '0061B4',
  strength: 22
}
{ success: true, message: 'Success.', data: [] }
{ event: '1C69209993A4', data: '{"event":"hb","data":1760283803844}' }
{ event: '1C69209993A4', data: '{"event":"hb","data":1760283923845}' }
{ event: '1C69209993A4', data: '{"event":"hb","data":1760284043845}' }
Connected clients:  6
{ event: '1C69209993A4', data: '{"event":"hb","data":1760284163844}' }
Connected clients:  5
{ event: '1C69209993A4', data: '{"event":"hb","data":1760284283845}' }
{ event: '1C69209993A4', data: '{"event":"hb","data":1760284403845}' }
{ event: '1C69209993A4', data: '{"event":"hb","data":1760284523844}' }
{ event: '1C69209993A4', data: '{"event":"hb","data":1760284643845}' }
{ event: '1C69209993A4', data: '{"event":"hb","data":1760284763845}' }
{ event: '1C69209993A4', data: '{"event":"hb","data":1760284883846}' }
{ event: '1C69209993A4', data: '{"event":"hb","data":1760285003847}' }
{ event: '1C69209993A4', data: '{"event":"hb","data":1760285123848}' }
{ event: '1C69209993A4', data: '{"event":"hb","data":1760285243849}' }
{ event: '1C69209993A4', data: '{"event":"hb","data":1760285363850}' }
{ event: '1C69209993A4', data: '{"event":"hb","data":1760285483850}' }
{ event: '1C69209993A4', data: '{"event":"hb","data":1760285603850}' }
v2_5:shutdown 1C69209993A4
Connected clients:  4
108228
disconnetion reported after 1 minute
v2_5:connect ["1C69209993A4","sim",0,"5D9D:0061B4",22,"2.5.02",0]
["1C69209993A4","sim",0,"5D9D:0061B4",22,"2.5.02",0]
{
  mac: '1C69209993A4',
  mode: 'sim',
  state: 0,
  apName: '5D9D:0061B4',
  apPass: 22,
  version: '2.5.02',
  manual_reset: 0
}
{
  event: '1C69209993A4',
  data: '{"event":"utc-now","data":1760286553}'
}
utc done
state does not match
updating connection {
  id: 24,
  state: 1,
  currentVersion: '2.5.02',
  newVersion: '2.5.02',
  mac: '1C69209993A4',
  volume: 100,
  type: 'pillbox-v2_5',
  env: 'sit',
  charging: true,
  resetRequired: false,
  compartments: '001011',
  operationMode: 'sim',
  battery: 100,
  heartbeat: 2025-10-01T16:13:35.000Z,
  online: true,
  viles: '001000',
  lac: '5D9D',
  ci: '0061B4',
  strength: 22
}
{ success: true, message: 'Success.', data: [] }
Connected clients:  5
{ event: '1C69209993A4', data: '{"event":"hb","data":1760286672875}' }
{ event: '1C69209993A4', data: '{"event":"hb","data":1760286792875}' }
{ event: '1C69209993A4', data: '{"event":"hb","data":1760286912874}' }
{ event: '1C69209993A4', data: '{"event":"hb","data":1760287032875}' }
{ event: '1C69209993A4', data: '{"event":"hb","data":1760287152874}' }
{ event: '1C69209993A4', data: '{"event":"hb","data":1760287272875}' }
{ event: '1C69209993A4', data: '{"event":"hb","data":1760287392876}' }
{ event: '1C69209993A4', data: '{"event":"hb","data":1760287512877}' }
{ event: '1C69209993A4', data: '{"event":"hb","data":1760287632877}' }
{ event: '1C69209993A4', data: '{"event":"hb","data":1760287752877}' }
{ event: '1C69209993A4', data: '{"event":"hb","data":1760287872877}' }
{ event: '1C69209993A4', data: '{"event":"hb","data":1760287992876}' }
{ event: '1C69209993A4', data: '{"event":"hb","data":1760288112876}' }
{ event: '1C69209993A4', data: '{"event":"hb","data":1760288232877}' }
{ event: '1C69209993A4', data: '{"event":"hb","data":1760288352877}' }
{ event: '1C69209993A4', data: '{"event":"hb","data":1760288472877}' }
v2_5:shutdown 1C69209993A4
Connected clients:  4
disconnetion reported after 1 minute
Connected clients:  5
108866
Connected clients:  4
v2_5:connect ["1C69209993A4","sim",0,"5D9D:0061B4",22,"2.5.02",0]
["1C69209993A4","sim",0,"5D9D:0061B4",22,"2.5.02",0]
{
  mac: '1C69209993A4',
  mode: 'sim',
  state: 0,
  apName: '5D9D:0061B4',
  apPass: 22,
  version: '2.5.02',
  manual_reset: 0
}
{
  event: '1C69209993A4',
  data: '{"event":"utc-now","data":1760289405}'
}
utc done
state does not match
updating connection {
  id: 24,
  state: 1,
  currentVersion: '2.5.02',
  newVersion: '2.5.02',
  mac: '1C69209993A4',
  volume: 100,
  type: 'pillbox-v2_5',
  env: 'sit',
  charging: true,
  resetRequired: false,
  compartments: '001011',
  operationMode: 'sim',
  battery: 100,
  heartbeat: 2025-10-01T16:13:35.000Z,
  online: true,
  viles: '001000',
  lac: '5D9D',
  ci: '0061B4',
  strength: 22
}
{ success: true, message: 'Success.', data: [] }
Connected clients:  5
{ event: '1C69209993A4', data: '{"event":"hb","data":1760289524872}' }
{ event: '1C69209993A4', data: '{"event":"hb","data":1760289644873}' }
{ event: '1C69209993A4', data: '{"event":"hb","data":1760289764873}' }
{ event: '1C69209993A4', data: '{"event":"hb","data":1760289884874}' }
{ event: '1C69209993A4', data: '{"event":"hb","data":1760290004874}' }
{ event: '1C69209993A4', data: '{"event":"hb","data":1760290124874}' }
{ event: '1C69209993A4', data: '{"event":"hb","data":1760290244873}' }
{ event: '1C69209993A4', data: '{"event":"hb","data":1760290364873}' }
{ event: '1C69209993A4', data: '{"event":"hb","data":1760290484874}' }
{ event: '1C69209993A4', data: '{"event":"hb","data":1760290604875}' }
{ event: '1C69209993A4', data: '{"event":"hb","data":1760290724874}' }
{ event: '1C69209993A4', data: '{"event":"hb","data":1760290844875}' }
{ event: '1C69209993A4', data: '{"event":"hb","data":1760290964875}' }
{ event: '1C69209993A4', data: '{"event":"hb","data":1760291084875}' }
{ event: '1C69209993A4', data: '{"event":"hb","data":1760291204876}' }
{ event: '1C69209993A4', data: '{"event":"hb","data":1760291324876}' }
v2_5:shutdown 1C69209993A4
Connected clients:  4
disconnetion reported after 1 minute
Connected clients:  5
v2_5:connect ["1C69209993A4","sim",0,"5D9D:0061B4",21,"2.5.02",0]
["1C69209993A4","sim",0,"5D9D:0061B4",21,"2.5.02",0]
{
  mac: '1C69209993A4',
  mode: 'sim',
  state: 0,
  apName: '5D9D:0061B4',
  apPass: 21,
  version: '2.5.02',
  manual_reset: 0
}
{
  event: '1C69209993A4',
  data: '{"event":"utc-now","data":1760292257}'
}
utc done
state does not match
updating connection {
  id: 24,
  state: 1,
  currentVersion: '2.5.02',
  newVersion: '2.5.02',
  mac: '1C69209993A4',
  volume: 100,
  type: 'pillbox-v2_5',
  env: 'sit',
  charging: true,
  resetRequired: false,
  compartments: '001011',
  operationMode: 'sim',
  battery: 100,
  heartbeat: 2025-10-01T16:13:35.000Z,
  online: true,
  viles: '001000',
  lac: '5D9D',
  ci: '0061B4',
  strength: 21
}
{ success: true, message: 'Success.', data: [] }
{ event: '1C69209993A4', data: '{"event":"hb","data":1760292376858}' }
{ event: '1C69209993A4', data: '{"event":"hb","data":1760292496859}' }
{ event: '1C69209993A4', data: '{"event":"hb","data":1760292616858}' }
{ event: '1C69209993A4', data: '{"event":"hb","data":1760292736858}' }
{ event: '1C69209993A4', data: '{"event":"hb","data":1760292856859}' }
109017
{ event: '1C69209993A4', data: '{"event":"hb","data":1760292976860}' }
{ event: '1C69209993A4', data: '{"event":"hb","data":1760293096860}' }
{ event: '1C69209993A4', data: '{"event":"hb","data":1760293216861}' }
{ event: '1C69209993A4', data: '{"event":"hb","data":1760293336862}' }
{ event: '1C69209993A4', data: '{"event":"hb","data":1760293456863}' }
{ event: '1C69209993A4', data: '{"event":"hb","data":1760293576863}' }
{ event: '1C69209993A4', data: '{"event":"hb","data":1760293696862}' }
{ event: '1C69209993A4', data: '{"event":"hb","data":1760293816863}' }
{ event: '1C69209993A4', data: '{"event":"hb","data":1760293936864}' }
{ event: '1C69209993A4', data: '{"event":"hb","data":1760294056865}' }
v2_5:shutdown 1C69209993A4
v2_5:connect ["1C69209993A4","sim",0,"5D9D:0061B4",22,"2.5.02",0]
["1C69209993A4","sim",0,"5D9D:0061B4",22,"2.5.02",0]
{
  mac: '1C69209993A4',
  mode: 'sim',
  state: 0,
  apName: '5D9D:0061B4',
  apPass: 22,
  version: '2.5.02',
  manual_reset: 0
}
{
  event: '1C69209993A4',
  data: '{"event":"utc-now","data":1760294086}'
}
utc done
state does not match
updating connection {
  id: 24,
  state: 1,
  currentVersion: '2.5.02',
  newVersion: '2.5.02',
  mac: '1C69209993A4',
  volume: 100,
  type: 'pillbox-v2_5',
  env: 'sit',
  charging: true,
  resetRequired: false,
  compartments: '001011',
  operationMode: 'sim',
  battery: 100,
  heartbeat: 2025-10-01T16:13:35.000Z,
  online: true,
  viles: '001000',
  lac: '5D9D',
  ci: '0061B4',
  strength: 22
}
{ success: true, message: 'Success.', data: [] }
{ event: '1C69209993A4', data: '{"event":"hb","data":1760294205675}' }
{ event: '1C69209993A4', data: '{"event":"hb","data":1760294325676}' }
{ event: '1C69209993A4', data: '{"event":"hb","data":1760294445676}' }
{ event: '1C69209993A4', data: '{"event":"hb","data":1760294565676}' }
{ event: '1C69209993A4', data: '{"event":"hb","data":1760294685676}' }
{ event: '1C69209993A4', data: '{"event":"hb","data":1760294805677}' }
{ event: '1C69209993A4', data: '{"event":"hb","data":1760294925678}' }
Connected clients:  6
{ event: '1C69209993A4', data: '{"event":"hb","data":1760295045678}' }
Connected clients:  5
{ event: '1C69209993A4', data: '{"event":"hb","data":1760295165679}' }
{ event: '1C69209993A4', data: '{"event":"hb","data":1760295285679}' }
{ event: '1C69209993A4', data: '{"event":"hb","data":1760295405680}' }
{ event: '1C69209993A4', data: '{"event":"hb","data":1760295525680}' }
{ event: '1C69209993A4', data: '{"event":"hb","data":1760295645680}' }
{ event: '1C69209993A4', data: '{"event":"hb","data":1760295765680}' }
{ event: '1C69209993A4', data: '{"event":"hb","data":1760295885679}' }
{ event: '1C69209993A4', data: '{"event":"hb","data":1760296005680}' }
v2_5:shutdown 1C69209993A4
Connected clients:  4
disconnetion reported after 1 minute
98322
v2_5:connect ["1C69209993A4","sim",0,"5D9D:0061B4",20,"2.5.02",0]
["1C69209993A4","sim",0,"5D9D:0061B4",20,"2.5.02",0]
{
  mac: '1C69209993A4',
  mode: 'sim',
  state: 0,
  apName: '5D9D:0061B4',
  apPass: 20,
  version: '2.5.02',
  manual_reset: 0
}
{
  event: '1C69209993A4',
  data: '{"event":"utc-now","data":1760296944}'
}
utc done
state does not match
updating connection {
  id: 24,
  state: 1,
  currentVersion: '2.5.02',
  newVersion: '2.5.02',
  mac: '1C69209993A4',
  volume: 100,
  type: 'pillbox-v2_5',
  env: 'sit',
  charging: true,
  resetRequired: false,
  compartments: '001011',
  operationMode: 'sim',
  battery: 100,
  heartbeat: 2025-10-01T16:13:35.000Z,
  online: true,
  viles: '001000',
  lac: '5D9D',
  ci: '0061B4',
  strength: 20
}
{ success: true, message: 'Success.', data: [] }
Connected clients:  5
Connected clients:  6
{ event: '1C69209993A4', data: '{"event":"hb","data":1760297064202}' }
Connected clients:  5
{ event: '1C69209993A4', data: '{"event":"hb","data":1760297184201}' }
{ event: '1C69209993A4', data: '{"event":"hb","data":1760297304201}' }
{ event: '1C69209993A4', data: '{"event":"hb","data":1760297424201}' }
{ event: '1C69209993A4', data: '{"event":"hb","data":1760297544202}' }
{ event: '1C69209993A4', data: '{"event":"hb","data":1760297664201}' }
{ event: '1C69209993A4', data: '{"event":"hb","data":1760297784202}' }
{ event: '1C69209993A4', data: '{"event":"hb","data":1760297904203}' }
{ event: '1C69209993A4', data: '{"event":"hb","data":1760298024203}' }
{ event: '1C69209993A4', data: '{"event":"hb","data":1760298144203}' }
{ event: '1C69209993A4', data: '{"event":"hb","data":1760298264203}' }
{ event: '1C69209993A4', data: '{"event":"hb","data":1760298384202}' }
Connected clients:  6
{ event: '1C69209993A4', data: '{"event":"hb","data":1760298504203}' }
Connected clients:  5
{ event: '1C69209993A4', data: '{"event":"hb","data":1760298624203}' }
{ event: '1C69209993A4', data: '{"event":"hb","data":1760298744203}' }
{ event: '1C69209993A4', data: '{"event":"hb","data":1760298864204}' }
v2_5:shutdown 1C69209993A4
Connected clients:  4
disconnetion reported after 1 minute
v2_5:connect ["1C69209993A4","sim",0,"5D9D:0061B4",21,"2.5.02",0]
["1C69209993A4","sim",0,"5D9D:0061B4",21,"2.5.02",0]
{
  mac: '1C69209993A4',
  mode: 'sim',
  state: 0,
  apName: '5D9D:0061B4',
  apPass: 21,
  version: '2.5.02',
  manual_reset: 0
}
{
  event: '1C69209993A4',
  data: '{"event":"utc-now","data":1760299807}'
}
utc done
state does not match
updating connection {
  id: 24,
  state: 1,
  currentVersion: '2.5.02',
  newVersion: '2.5.02',
  mac: '1C69209993A4',
  volume: 100,
  type: 'pillbox-v2_5',
  env: 'sit',
  charging: true,
  resetRequired: false,
  compartments: '001011',
  operationMode: 'sim',
  battery: 100,
  heartbeat: 2025-10-01T16:13:35.000Z,
  online: true,
  viles: '001000',
  lac: '5D9D',
  ci: '0061B4',
  strength: 21
}
{ success: true, message: 'Success.', data: [] }
Connected clients:  5
{ event: '1C69209993A4', data: '{"event":"hb","data":1760299927187}' }
{ event: '1C69209993A4', data: '{"event":"hb","data":1760300047188}' }
{ event: '1C69209993A4', data: '{"event":"hb","data":1760300167189}' }
{ event: '1C69209993A4', data: '{"event":"hb","data":1760300287188}' }
{ event: '1C69209993A4', data: '{"event":"hb","data":1760300407189}' }
{ event: '1C69209993A4', data: '{"event":"hb","data":1760300527189}' }
{ event: '1C69209993A4', data: '{"event":"hb","data":1760300647190}' }
{ event: '1C69209993A4', data: '{"event":"hb","data":1760300767190}' }
{ event: '1C69209993A4', data: '{"event":"hb","data":1760300887190}' }
{ event: '1C69209993A4', data: '{"event":"hb","data":1760301007191}' }
{ event: '1C69209993A4', data: '{"event":"hb","data":1760301127190}' }
{ event: '1C69209993A4', data: '{"event":"hb","data":1760301247190}' }
{ event: '1C69209993A4', data: '{"event":"hb","data":1760301367191}' }
{ event: '1C69209993A4', data: '{"event":"hb","data":1760301487191}' }
{ event: '1C69209993A4', data: '{"event":"hb","data":1760301607192}' }
v2_5:shutdown 1C69209993A4
v2_5:connect ["1C69209993A4","sim",0,"5D9D:0061B4",21,"2.5.02",0]
["1C69209993A4","sim",0,"5D9D:0061B4",21,"2.5.02",0]
{
  mac: '1C69209993A4',
  mode: 'sim',
  state: 0,
  apName: '5D9D:0061B4',
  apPass: 21,
  version: '2.5.02',
  manual_reset: 0
}
{
  event: '1C69209993A4',
  data: '{"event":"utc-now","data":1760301631}'
}
utc done
state does not match
updating connection {
  id: 24,
  state: 1,
  currentVersion: '2.5.02',
  newVersion: '2.5.02',
  mac: '1C69209993A4',
  volume: 100,
  type: 'pillbox-v2_5',
  env: 'sit',
  charging: true,
  resetRequired: false,
  compartments: '001011',
  operationMode: 'sim',
  battery: 100,
  heartbeat: 2025-10-01T16:13:35.000Z,
  online: true,
  viles: '001000',
  lac: '5D9D',
  ci: '0061B4',
  strength: 21
}
{ success: true, message: 'Success.', data: [] }
{ event: '1C69209993A4', data: '{"event":"hb","data":1760301750741}' }
{ event: '1C69209993A4', data: '{"event":"hb","data":1760301870741}' }
{ event: '1C69209993A4', data: '{"event":"hb","data":1760301990741}' }
{ event: '1C69209993A4', data: '{"event":"hb","data":1760302110742}' }
{ event: '1C69209993A4', data: '{"event":"hb","data":1760302230742}' }
{ event: '1C69209993A4', data: '{"event":"hb","data":1760302350742}' }
{ event: '1C69209993A4', data: '{"event":"hb","data":1760302470743}' }
{ event: '1C69209993A4', data: '{"event":"hb","data":1760302590742}' }
{ event: '1C69209993A4', data: '{"event":"hb","data":1760302710743}' }
{ event: '1C69209993A4', data: '{"event":"hb","data":1760302830742}' }
{ event: '1C69209993A4', data: '{"event":"hb","data":1760302950743}' }
{ event: '1C69209993A4', data: '{"event":"hb","data":1760303070743}' }
{ event: '1C69209993A4', data: '{"event":"hb","data":1760303190744}' }
{ event: '1C69209993A4', data: '{"event":"hb","data":1760303310746}' }
{ event: '1C69209993A4', data: '{"event":"hb","data":1760303430746}' }
{ event: '1C69209993A4', data: '{"event":"hb","data":1760303550747}' }
v2_5:shutdown 1C69209993A4
Connected clients:  4
disconnetion reported after 1 minute
v2_5:connect ["1C69209993A4","sim",0,"5D9D:0061B4",17,"2.5.02",0]
["1C69209993A4","sim",0,"5D9D:0061B4",17,"2.5.02",0]
{
  mac: '1C69209993A4',
  mode: 'sim',
  state: 0,
  apName: '5D9D:0061B4',
  apPass: 17,
  version: '2.5.02',
  manual_reset: 0
}
{
  event: '1C69209993A4',
  data: '{"event":"utc-now","data":1760304484}'
}
utc done
state does not match
updating connection {
  id: 24,
  state: 1,
  currentVersion: '2.5.02',
  newVersion: '2.5.02',
  mac: '1C69209993A4',
  volume: 100,
  type: 'pillbox-v2_5',
  env: 'sit',
  charging: true,
  resetRequired: false,
  compartments: '001011',
  operationMode: 'sim',
  battery: 100,
  heartbeat: 2025-10-01T16:13:35.000Z,
  online: true,
  viles: '001000',
  lac: '5D9D',
  ci: '0061B4',
  strength: 17
}
{ success: true, message: 'Success.', data: [] }
Connected clients:  5
{ event: '1C69209993A4', data: '{"event":"hb","data":1760304604114}' }
{ event: '1C69209993A4', data: '{"event":"hb","data":1760304724115}' }
{ event: '1C69209993A4', data: '{"event":"hb","data":1760304844116}' }
{ event: '1C69209993A4', data: '{"event":"hb","data":1760304964116}' }
{ event: '1C69209993A4', data: '{"event":"hb","data":1760305084116}' }
{ event: '1C69209993A4', data: '{"event":"hb","data":1760305204116}' }
{ event: '1C69209993A4', data: '{"event":"hb","data":1760305324117}' }
{ event: '1C69209993A4', data: '{"event":"hb","data":1760305444117}' }
{ event: '1C69209993A4', data: '{"event":"hb","data":1760305564117}' }
{ event: '1C69209993A4', data: '{"event":"hb","data":1760305684117}' }
Connected clients:  6
{ event: '1C69209993A4', data: '{"event":"hb","data":1760305804116}' }
Connected clients:  5
{ event: '1C69209993A4', data: '{"event":"hb","data":1760305924117}' }
{ event: '1C69209993A4', data: '{"event":"hb","data":1760306044118}' }
{ event: '1C69209993A4', data: '{"event":"hb","data":1760306164119}' }
{ event: '1C69209993A4', data: '{"event":"hb","data":1760306284120}' }
{ event: '1C69209993A4', data: '{"event":"hb","data":1760306404120}' }
v2_5:shutdown 1C69209993A4
Connected clients:  4
disconnetion reported after 1 minute
v2_5:connect ["1C69209993A4","sim",0,"5D9D:0061B4",22,"2.5.02",0]
["1C69209993A4","sim",0,"5D9D:0061B4",22,"2.5.02",0]
{
  mac: '1C69209993A4',
  mode: 'sim',
  state: 0,
  apName: '5D9D:0061B4',
  apPass: 22,
  version: '2.5.02',
  manual_reset: 0
}
{
  event: '1C69209993A4',
  data: '{"event":"utc-now","data":1760307353}'
}
utc done
state does not match
updating connection {
  id: 24,
  state: 1,
  currentVersion: '2.5.02',
  newVersion: '2.5.02',
  mac: '1C69209993A4',
  volume: 100,
  type: 'pillbox-v2_5',
  env: 'sit',
  charging: true,
  resetRequired: false,
  compartments: '001011',
  operationMode: 'sim',
  battery: 100,
  heartbeat: 2025-10-01T16:13:35.000Z,
  online: true,
  viles: '001000',
  lac: '5D9D',
  ci: '0061B4',
  strength: 22
}
{ success: true, message: 'Success.', data: [] }
Connected clients:  5
{ event: '1C69209993A4', data: '{"event":"hb","data":1760307472704}' }
{ event: '1C69209993A4', data: '{"event":"hb","data":1760307592704}' }
{ event: '1C69209993A4', data: '{"event":"hb","data":1760307712704}' }
{ event: '1C69209993A4', data: '{"event":"hb","data":1760307832705}' }
{ event: '1C69209993A4', data: '{"event":"hb","data":1760307952706}' }
{ event: '1C69209993A4', data: '{"event":"hb","data":1760308072705}' }
{ event: '1C69209993A4', data: '{"event":"hb","data":1760308192705}' }
{ event: '1C69209993A4', data: '{"event":"hb","data":1760308312705}' }
{ event: '1C69209993A4', data: '{"event":"hb","data":1760308432705}' }
{ event: '1C69209993A4', data: '{"event":"hb","data":1760308552706}' }
{ event: '1C69209993A4', data: '{"event":"hb","data":1760308672706}' }
{ event: '1C69209993A4', data: '{"event":"hb","data":1760308792705}' }
{ event: '1C69209993A4', data: '{"event":"hb","data":1760308912706}' }
{ event: '1C69209993A4', data: '{"event":"hb","data":1760309032706}' }
{ event: '1C69209993A4', data: '{"event":"hb","data":1760309152706}' }
{ event: '1C69209993A4', data: '{"event":"hb","data":1760309272707}' }
v2_5:shutdown 1C69209993A4
Connected clients:  4
disconnetion reported after 1 minute
v2_5:connect ["1C69209993A4","sim",0,"5D9D:0061B4",21,"2.5.02",0]
["1C69209993A4","sim",0,"5D9D:0061B4",21,"2.5.02",0]
{
  mac: '1C69209993A4',
  mode: 'sim',
  state: 0,
  apName: '5D9D:0061B4',
  apPass: 21,
  version: '2.5.02',
  manual_reset: 0
}
{
  event: '1C69209993A4',
  data: '{"event":"utc-now","data":1760310211}'
}
utc done
state does not match
updating connection {
  id: 24,
  state: 1,
  currentVersion: '2.5.02',
  newVersion: '2.5.02',
  mac: '1C69209993A4',
  volume: 100,
  type: 'pillbox-v2_5',
  env: 'sit',
  charging: true,
  resetRequired: false,
  compartments: '001011',
  operationMode: 'sim',
  battery: 100,
  heartbeat: 2025-10-01T16:13:35.000Z,
  online: true,
  viles: '001000',
  lac: '5D9D',
  ci: '0061B4',
  strength: 21
}
{ success: true, message: 'Success.', data: [] }
Connected clients:  5
{ event: '1C69209993A4', data: '{"event":"hb","data":1760310330650}' }
{ event: '1C69209993A4', data: '{"event":"hb","data":1760310450650}' }
{ event: '1C69209993A4', data: '{"event":"hb","data":1760310570650}' }
{ event: '1C69209993A4', data: '{"event":"hb","data":1760310690651}' }
Connected clients:  6
{ event: '1C69209993A4', data: '{"event":"hb","data":1760310810651}' }
Connected clients:  5
{ event: '1C69209993A4', data: '{"event":"hb","data":1760310930650}' }
{ event: '1C69209993A4', data: '{"event":"hb","data":1760311050650}' }
{ event: '1C69209993A4', data: '{"event":"hb","data":1760311170651}' }
{ event: '1C69209993A4', data: '{"event":"hb","data":1760311290651}' }
{ event: '1C69209993A4', data: '{"event":"hb","data":1760311410651}' }
{ event: '1C69209993A4', data: '{"event":"hb","data":1760311530651}' }
{ event: '1C69209993A4', data: '{"event":"hb","data":1760311650652}' }
{ event: '1C69209993A4', data: '{"event":"hb","data":1760311770652}' }
{ event: '1C69209993A4', data: '{"event":"hb","data":1760311890652}' }
{ event: '1C69209993A4', data: '{"event":"hb","data":1760312010653}' }
{ event: '1C69209993A4', data: '{"event":"hb","data":1760312130654}' }
v2_5:shutdown 1C69209993A4
Connected clients:  4
disconnetion reported after 1 minute
v2_5:connect ["1C69209993A4","sim",0,"5D9D:0061B4",21,"2.5.02",0]
["1C69209993A4","sim",0,"5D9D:0061B4",21,"2.5.02",0]
{
  mac: '1C69209993A4',
  mode: 'sim',
  state: 0,
  apName: '5D9D:0061B4',
  apPass: 21,
  version: '2.5.02',
  manual_reset: 0
}
{
  event: '1C69209993A4',
  data: '{"event":"utc-now","data":1760313075}'
}
utc done
state does not match
updating connection {
  id: 24,
  state: 1,
  currentVersion: '2.5.02',
  newVersion: '2.5.02',
  mac: '1C69209993A4',
  volume: 100,
  type: 'pillbox-v2_5',
  env: 'sit',
  charging: true,
  resetRequired: false,
  compartments: '001011',
  operationMode: 'sim',
  battery: 100,
  heartbeat: 2025-10-01T16:13:35.000Z,
  online: true,
  viles: '001000',
  lac: '5D9D',
  ci: '0061B4',
  strength: 21
}
{ success: true, message: 'Success.', data: [] }
Connected clients:  5
{ event: '1C69209993A4', data: '{"event":"hb","data":1760313194614}' }
{ event: '1C69209993A4', data: '{"event":"hb","data":1760313314615}' }
{ event: '1C69209993A4', data: '{"event":"hb","data":1760313434615}' }
{ event: '1C69209993A4', data: '{"event":"hb","data":1760313554616}' }
{ event: '1C69209993A4', data: '{"event":"hb","data":1760313674616}' }
{ event: '1C69209993A4', data: '{"event":"hb","data":1760313794616}' }
{ event: '1C69209993A4', data: '{"event":"hb","data":1760313914616}' }
{ event: '1C69209993A4', data: '{"event":"hb","data":1760314034617}' }
{ event: '1C69209993A4', data: '{"event":"hb","data":1760314154617}' }
{ event: '1C69209993A4', data: '{"event":"hb","data":1760314274617}' }
{ event: '1C69209993A4', data: '{"event":"hb","data":1760314394617}' }
{ event: '1C69209993A4', data: '{"event":"hb","data":1760314514618}' }
{ event: '1C69209993A4', data: '{"event":"hb","data":1760314634617}' }
{ event: '1C69209993A4', data: '{"event":"hb","data":1760314754618}' }
{ event: '1C69209993A4', data: '{"event":"hb","data":1760314874617}' }
{ event: '1C69209993A4', data: '{"event":"hb","data":1760314994617}' }
v2_5:shutdown 1C69209993A4
Connected clients:  4
disconnetion reported after 1 minute
v2_5:connect ["1C69209993A4","sim",0,"5D9D:0061B4",21,"2.5.02",0]
["1C69209993A4","sim",0,"5D9D:0061B4",21,"2.5.02",0]
{
  mac: '1C69209993A4',
  mode: 'sim',
  state: 0,
  apName: '5D9D:0061B4',
  apPass: 21,
  version: '2.5.02',
  manual_reset: 0
}
{
  event: '1C69209993A4',
  data: '{"event":"utc-now","data":1760315938}'
}
utc done
state does not match
updating connection {
  id: 24,
  state: 1,
  currentVersion: '2.5.02',
  newVersion: '2.5.02',
  mac: '1C69209993A4',
  volume: 100,
  type: 'pillbox-v2_5',
  env: 'sit',
  charging: true,
  resetRequired: false,
  compartments: '001011',
  operationMode: 'sim',
  battery: 100,
  heartbeat: 2025-10-01T16:13:35.000Z,
  online: true,
  viles: '001000',
  lac: '5D9D',
  ci: '0061B4',
  strength: 21
}
{ success: true, message: 'Success.', data: [] }
Connected clients:  5
{ event: '1C69209993A4', data: '{"event":"hb","data":1760316058093}' }
{ event: '1C69209993A4', data: '{"event":"hb","data":1760316178093}' }
{ event: '1C69209993A4', data: '{"event":"hb","data":1760316298093}' }
{ event: '1C69209993A4', data: '{"event":"hb","data":1760316418093}' }
Connected clients:  6
{ event: '1C69209993A4', data: '{"event":"hb","data":1760316538093}' }
{ event: '1C69209993A4', data: '{"event":"hb","data":1760316658093}' }
Connected clients:  5
{ event: '1C69209993A4', data: '{"event":"hb","data":1760316778094}' }
{ event: '1C69209993A4', data: '{"event":"hb","data":1760316898094}' }
{ event: '1C69209993A4', data: '{"event":"hb","data":1760317018093}' }
{ event: '1C69209993A4', data: '{"event":"hb","data":1760317138094}' }
{ event: '1C69209993A4', data: '{"event":"hb","data":1760317258095}' }
{ event: '1C69209993A4', data: '{"event":"hb","data":1760317378094}' }
{ event: '1C69209993A4', data: '{"event":"hb","data":1760317498095}' }
{ event: '1C69209993A4', data: '{"event":"hb","data":1760317618095}' }
{ event: '1C69209993A4', data: '{"event":"hb","data":1760317738094}' }
{ event: '1C69209993A4', data: '{"event":"hb","data":1760317858094}' }
v2_5:shutdown 1C69209993A4
Connected clients:  4
disconnetion reported after 1 minute
Connected clients:  5
Connected clients:  4
v2_5:connect ["1C69209993A4","sim",0,"5D9D:0061B4",21,"2.5.02",0]
["1C69209993A4","sim",0,"5D9D:0061B4",21,"2.5.02",0]
{
  mac: '1C69209993A4',
  mode: 'sim',
  state: 0,
  apName: '5D9D:0061B4',
  apPass: 21,
  version: '2.5.02',
  manual_reset: 0
}
{
  event: '1C69209993A4',
  data: '{"event":"utc-now","data":1760318792}'
}
utc done
state does not match
updating connection {
  id: 24,
  state: 1,
  currentVersion: '2.5.02',
  newVersion: '2.5.02',
  mac: '1C69209993A4',
  volume: 100,
  type: 'pillbox-v2_5',
  env: 'sit',
  charging: true,
  resetRequired: false,
  compartments: '001011',
  operationMode: 'sim',
  battery: 100,
  heartbeat: 2025-10-01T16:13:35.000Z,
  online: true,
  viles: '001000',
  lac: '5D9D',
  ci: '0061B4',
  strength: 21
}
{ success: true, message: 'Success.', data: [] }
Connected clients:  5
{ event: '1C69209993A4', data: '{"event":"hb","data":1760318911875}' }
{ event: '1C69209993A4', data: '{"event":"hb","data":1760319031875}' }
{ event: '1C69209993A4', data: '{"event":"hb","data":1760319151876}' }
{ event: '1C69209993A4', data: '{"event":"hb","data":1760319271876}' }
30619
30711
{ event: '1C69209993A4', data: '{"event":"hb","data":1760319391876}' }
{ event: '1C69209993A4', data: '{"event":"hb","data":1760319511876}' }
{ event: '1C69209993A4', data: '{"event":"hb","data":1760319631875}' }
{ event: '1C69209993A4', data: '{"event":"hb","data":1760319751876}' }
{ event: '1C69209993A4', data: '{"event":"hb","data":1760319871877}' }
{ event: '1C69209993A4', data: '{"event":"hb","data":1760319991876}' }
{ event: '1C69209993A4', data: '{"event":"hb","data":1760320111876}' }
{ event: '1C69209993A4', data: '{"event":"hb","data":1760320231876}' }
{ event: '1C69209993A4', data: '{"event":"hb","data":1760320351877}' }
{ event: '1C69209993A4', data: '{"event":"hb","data":1760320471877}' }
{ event: '1C69209993A4', data: '{"event":"hb","data":1760320591878}' }
{ event: '1C69209993A4', data: '{"event":"hb","data":1760320711878}' }
v2_5:shutdown 1C69209993A4
Connected clients:  4
disconnetion reported after 1 minute
Connected clients:  5
v2_5:connect ["1C69209993A4","sim",0,"5D9D:0061B4",21,"2.5.02",0]
["1C69209993A4","sim",0,"5D9D:0061B4",21,"2.5.02",0]
{
  mac: '1C69209993A4',
  mode: 'sim',
  state: 0,
  apName: '5D9D:0061B4',
  apPass: 21,
  version: '2.5.02',
  manual_reset: 0
}
{
  event: '1C69209993A4',
  data: '{"event":"utc-now","data":1760321660}'
}
utc done
state does not match
updating connection {
  id: 24,
  state: 1,
  currentVersion: '2.5.02',
  newVersion: '2.5.02',
  mac: '1C69209993A4',
  volume: 100,
  type: 'pillbox-v2_5',
  env: 'sit',
  charging: true,
  resetRequired: false,
  compartments: '001011',
  operationMode: 'sim',
  battery: 100,
  heartbeat: 2025-10-01T16:13:35.000Z,
  online: true,
  viles: '001000',
  lac: '5D9D',
  ci: '0061B4',
  strength: 21
}
{ success: true, message: 'Success.', data: [] }
{ event: '1C69209993A4', data: '{"event":"hb","data":1760321779850}' }
{ event: '1C69209993A4', data: '{"event":"hb","data":1760321899850}' }
{ event: '1C69209993A4', data: '{"event":"hb","data":1760322019851}' }
{ event: '1C69209993A4', data: '{"event":"hb","data":1760322139852}' }
{ event: '1C69209993A4', data: '{"event":"hb","data":1760322259852}' }
{ event: '1C69209993A4', data: '{"event":"hb","data":1760322379852}' }
{ event: '1C69209993A4', data: '{"event":"hb","data":1760322499852}' }
{ event: '1C69209993A4', data: '{"event":"hb","data":1760322619853}' }
{ event: '1C69209993A4', data: '{"event":"hb","data":1760322739853}' }
{ event: '1C69209993A4', data: '{"event":"hb","data":1760322859853}' }
{ event: '1C69209993A4', data: '{"event":"hb","data":1760322979853}' }
{ event: '1C69209993A4', data: '{"event":"hb","data":1760323099853}' }
{ event: '1C69209993A4', data: '{"event":"hb","data":1760323219854}' }
{ event: '1C69209993A4', data: '{"event":"hb","data":1760323339854}' }
{ event: '1C69209993A4', data: '{"event":"hb","data":1760323459855}' }
{ event: '1C69209993A4', data: '{"event":"hb","data":1760323579855}' }
v2_5:shutdown 1C69209993A4
Connected clients:  4
disconnetion reported after 1 minute
v2_5:connect ["1C69209993A4","sim",0,"5D9D:0061B4",21,"2.5.02",0]
["1C69209993A4","sim",0,"5D9D:0061B4",21,"2.5.02",0]
{
  mac: '1C69209993A4',
  mode: 'sim',
  state: 0,
  apName: '5D9D:0061B4',
  apPass: 21,
  version: '2.5.02',
  manual_reset: 0
}
{
  event: '1C69209993A4',
  data: '{"event":"utc-now","data":1760324522}'
}
utc done
state does not match
updating connection {
  id: 24,
  state: 1,
  currentVersion: '2.5.02',
  newVersion: '2.5.02',
  mac: '1C69209993A4',
  volume: 100,
  type: 'pillbox-v2_5',
  env: 'sit',
  charging: true,
  resetRequired: false,
  compartments: '001011',
  operationMode: 'sim',
  battery: 100,
  heartbeat: 2025-10-01T16:13:35.000Z,
  online: true,
  viles: '001000',
  lac: '5D9D',
  ci: '0061B4',
  strength: 21
}
{ success: true, message: 'Success.', data: [] }
Connected clients:  5
{ event: '1C69209993A4', data: '{"event":"hb","data":1760324641938}' }
{ event: '1C69209993A4', data: '{"event":"hb","data":1760324761938}' }
{ event: '1C69209993A4', data: '{"event":"hb","data":1760324881939}' }
{ event: '1C69209993A4', data: '{"event":"hb","data":1760325001940}' }
{ event: '1C69209993A4', data: '{"event":"hb","data":1760325121939}' }
{ event: '1C69209993A4', data: '{"event":"hb","data":1760325241940}' }
{ event: '1C69209993A4', data: '{"event":"hb","data":1760325361940}' }
{ event: '1C69209993A4', data: '{"event":"hb","data":1760325481941}' }
{ event: '1C69209993A4', data: '{"event":"hb","data":1760325601942}' }
{ event: '1C69209993A4', data: '{"event":"hb","data":1760325721941}' }
{ event: '1C69209993A4', data: '{"event":"hb","data":1760325841942}' }
{ event: '1C69209993A4', data: '{"event":"hb","data":1760325961941}' }
{ event: '1C69209993A4', data: '{"event":"hb","data":1760326081942}' }
{ event: '1C69209993A4', data: '{"event":"hb","data":1760326201943}' }
{ event: '1C69209993A4', data: '{"event":"hb","data":1760326321942}' }
{ event: '1C69209993A4', data: '{"event":"hb","data":1760326441942}' }
v2_5:shutdown 1C69209993A4
Connected clients:  4
disconnetion reported after 1 minute
Connected clients:  5
v2_5:connect ["1C69209993A4","sim",0,"5D9D:0061B4",21,"2.5.02",0]
["1C69209993A4","sim",0,"5D9D:0061B4",21,"2.5.02",0]
{
  mac: '1C69209993A4',
  mode: 'sim',
  state: 0,
  apName: '5D9D:0061B4',
  apPass: 21,
  version: '2.5.02',
  manual_reset: 0
}
{
  event: '1C69209993A4',
  data: '{"event":"utc-now","data":1760327385}'
}
utc done
state does not match
updating connection {
  id: 24,
  state: 1,
  currentVersion: '2.5.02',
  newVersion: '2.5.02',
  mac: '1C69209993A4',
  volume: 100,
  type: 'pillbox-v2_5',
  env: 'sit',
  charging: true,
  resetRequired: false,
  compartments: '001011',
  operationMode: 'sim',
  battery: 100,
  heartbeat: 2025-10-01T16:13:35.000Z,
  online: true,
  viles: '001000',
  lac: '5D9D',
  ci: '0061B4',
  strength: 21
}
{ success: true, message: 'Success.', data: [] }
Connected clients:  6
Connected clients:  5
{ event: '1C69209993A4', data: '{"event":"hb","data":1760327504503}' }
{ event: '1C69209993A4', data: '{"event":"hb","data":1760327624503}' }
{ event: '1C69209993A4', data: '{"event":"hb","data":1760327744504}' }
{ event: '1C69209993A4', data: '{"event":"hb","data":1760327864504}' }
{ event: '1C69209993A4', data: '{"event":"hb","data":1760327984505}' }
{ event: '1C69209993A4', data: '{"event":"hb","data":1760328104506}' }
{ event: '1C69209993A4', data: '{"event":"hb","data":1760328224506}' }
{ event: '1C69209993A4', data: '{"event":"hb","data":1760328344506}' }
{ event: '1C69209993A4', data: '{"event":"hb","data":1760328464507}' }
{ event: '1C69209993A4', data: '{"event":"hb","data":1760328584508}' }
{ event: '1C69209993A4', data: '{"event":"hb","data":1760328704508}' }
{ event: '1C69209993A4', data: '{"event":"hb","data":1760328824509}' }
{ event: '1C69209993A4', data: '{"event":"hb","data":1760328944510}' }
{ event: '1C69209993A4', data: '{"event":"hb","data":1760329064510}' }
{ event: '1C69209993A4', data: '{"event":"hb","data":1760329184510}' }
{ event: '1C69209993A4', data: '{"event":"hb","data":1760329304511}' }
v2_5:shutdown 1C69209993A4
Connected clients:  4
disconnetion reported after 1 minute
v2_5:connect ["1C69209993A4","sim",0,"5D9D:0061B4",21,"2.5.02",0]
["1C69209993A4","sim",0,"5D9D:0061B4",21,"2.5.02",0]
{
  mac: '1C69209993A4',
  mode: 'sim',
  state: 0,
  apName: '5D9D:0061B4',
  apPass: 21,
  version: '2.5.02',
  manual_reset: 0
}
{
  event: '1C69209993A4',
  data: '{"event":"utc-now","data":1760330238}'
}
utc done
state does not match
updating connection {
  id: 24,
  state: 1,
  currentVersion: '2.5.02',
  newVersion: '2.5.02',
  mac: '1C69209993A4',
  volume: 100,
  type: 'pillbox-v2_5',
  env: 'sit',
  charging: true,
  resetRequired: false,
  compartments: '001011',
  operationMode: 'sim',
  battery: 100,
  heartbeat: 2025-10-01T16:13:35.000Z,
  online: true,
  viles: '001000',
  lac: '5D9D',
  ci: '0061B4',
  strength: 21
}
{ success: true, message: 'Success.', data: [] }
Connected clients:  5
{ event: '1C69209993A4', data: '{"event":"hb","data":1760330357849}' }
{ event: '1C69209993A4', data: '{"event":"hb","data":1760330477850}' }
{ event: '1C69209993A4', data: '{"event":"hb","data":1760330597851}' }
{ event: '1C69209993A4', data: '{"event":"hb","data":1760330717852}' }
{ event: '1C69209993A4', data: '{"event":"hb","data":1760330837852}' }
{ event: '1C69209993A4', data: '{"event":"hb","data":1760330957853}' }
{ event: '1C69209993A4', data: '{"event":"hb","data":1760331077853}' }
{ event: '1C69209993A4', data: '{"event":"hb","data":1760331197853}' }
{ event: '1C69209993A4', data: '{"event":"hb","data":1760331317853}' }
{ event: '1C69209993A4', data: '{"event":"hb","data":1760331437854}' }
{ event: '1C69209993A4', data: '{"event":"hb","data":1760331557854}' }
{ event: '1C69209993A4', data: '{"event":"hb","data":1760331677855}' }
{ event: '1C69209993A4', data: '{"event":"hb","data":1760331797855}' }
{ event: '1C69209993A4', data: '{"event":"hb","data":1760331917855}' }
{ event: '1C69209993A4', data: '{"event":"hb","data":1760332037855}' }
{ event: '1C69209993A4', data: '{"event":"hb","data":1760332157856}' }
v2_5:shutdown 1C69209993A4
Connected clients:  4
disconnetion reported after 1 minute
Connected clients:  5
Connected clients:  4
v2_5:connect ["1C69209993A4","sim",0,"5D9D:0061B4",21,"2.5.02",0]
["1C69209993A4","sim",0,"5D9D:0061B4",21,"2.5.02",0]
{
  mac: '1C69209993A4',
  mode: 'sim',
  state: 0,
  apName: '5D9D:0061B4',
  apPass: 21,
  version: '2.5.02',
  manual_reset: 0
}
{
  event: '1C69209993A4',
  data: '{"event":"utc-now","data":1760333092}'
}
utc done
state does not match
updating connection {
  id: 24,
  state: 1,
  currentVersion: '2.5.02',
  newVersion: '2.5.02',
  mac: '1C69209993A4',
  volume: 100,
  type: 'pillbox-v2_5',
  env: 'sit',
  charging: true,
  resetRequired: false,
  compartments: '001011',
  operationMode: 'sim',
  battery: 100,
  heartbeat: 2025-10-01T16:13:35.000Z,
  online: true,
  viles: '001000',
  lac: '5D9D',
  ci: '0061B4',
  strength: 21
}
{ success: true, message: 'Success.', data: [] }
Connected clients:  5
{ event: '1C69209993A4', data: '{"event":"hb","data":1760333211611}' }
{ event: '1C69209993A4', data: '{"event":"hb","data":1760333331611}' }
{ event: '1C69209993A4', data: '{"event":"hb","data":1760333451610}' }
{ event: '1C69209993A4', data: '{"event":"hb","data":1760333571611}' }
{ event: '1C69209993A4', data: '{"event":"hb","data":1760333691611}' }
{ event: '1C69209993A4', data: '{"event":"hb","data":1760333811612}' }
Connected clients:  6
Connected clients:  5
{ event: '1C69209993A4', data: '{"event":"hb","data":1760333931611}' }
{ event: '1C69209993A4', data: '{"event":"hb","data":1760334051612}' }
{ event: '1C69209993A4', data: '{"event":"hb","data":1760334171612}' }
{ event: '1C69209993A4', data: '{"event":"hb","data":1760334291611}' }
{ event: '1C69209993A4', data: '{"event":"hb","data":1760334411612}' }
{ event: '1C69209993A4', data: '{"event":"hb","data":1760334531613}' }
{ event: '1C69209993A4', data: '{"event":"hb","data":1760334651614}' }
{ event: '1C69209993A4', data: '{"event":"hb","data":1760334771615}' }
{ event: '1C69209993A4', data: '{"event":"hb","data":1760334891616}' }
{ event: '1C69209993A4', data: '{"event":"hb","data":1760335011616}' }
v2_5:shutdown 1C69209993A4
Connected clients:  4
disconnetion reported after 1 minute
Connected clients:  5
v2_5:connect ["1C69209993A4","sim",0,"5D9D:0061B4",21,"2.5.02",0]
["1C69209993A4","sim",0,"5D9D:0061B4",21,"2.5.02",0]
{
  mac: '1C69209993A4',
  mode: 'sim',
  state: 0,
  apName: '5D9D:0061B4',
  apPass: 21,
  version: '2.5.02',
  manual_reset: 0
}
{
  event: '1C69209993A4',
  data: '{"event":"utc-now","data":1760335959}'
}
utc done
state does not match
updating connection {
  id: 24,
  state: 1,
  currentVersion: '2.5.02',
  newVersion: '2.5.02',
  mac: '1C69209993A4',
  volume: 100,
  type: 'pillbox-v2_5',
  env: 'sit',
  charging: true,
  resetRequired: false,
  compartments: '001011',
  operationMode: 'sim',
  battery: 100,
  heartbeat: 2025-10-01T16:13:35.000Z,
  online: true,
  viles: '001000',
  lac: '5D9D',
  ci: '0061B4',
  strength: 21
}
{ success: true, message: 'Success.', data: [] }
{ event: '1C69209993A4', data: '{"event":"hb","data":1760336079469}' }
{ event: '1C69209993A4', data: '{"event":"hb","data":1760336199470}' }
{ event: '1C69209993A4', data: '{"event":"hb","data":1760336319471}' }
{ event: '1C69209993A4', data: '{"event":"hb","data":1760336439471}' }
{ event: '1C69209993A4', data: '{"event":"hb","data":1760336559470}' }
{ event: '1C69209993A4', data: '{"event":"hb","data":1760336679470}' }
{ event: '1C69209993A4', data: '{"event":"hb","data":1760336799470}' }
{ event: '1C69209993A4', data: '{"event":"hb","data":1760336919471}' }
109126
{ event: '1C69209993A4', data: '{"event":"hb","data":1760337039470}' }
{ event: '1C69209993A4', data: '{"event":"hb","data":1760337159471}' }
{ event: '1C69209993A4', data: '{"event":"hb","data":1760337279471}' }
{ event: '1C69209993A4', data: '{"event":"hb","data":1760337399471}' }
{ event: '1C69209993A4', data: '{"event":"hb","data":1760337519471}' }
{ event: '1C69209993A4', data: '{"event":"hb","data":1760337639471}' }
{ event: '1C69209993A4', data: '{"event":"hb","data":1760337759472}' }
{ event: '1C69209993A4', data: '{"event":"hb","data":1760337879473}' }
v2_5:shutdown 1C69209993A4
Connected clients:  4
disconnetion reported after 1 minute
Connected clients:  5
Connected clients:  4
v2_5:connect ["1C69209993A4","sim",0,"5D9D:0061B4",21,"2.5.02",0]
["1C69209993A4","sim",0,"5D9D:0061B4",21,"2.5.02",0]
{
  mac: '1C69209993A4',
  mode: 'sim',
  state: 0,
  apName: '5D9D:0061B4',
  apPass: 21,
  version: '2.5.02',
  manual_reset: 0
}
{
  event: '1C69209993A4',
  data: '{"event":"utc-now","data":1760338833}'
}
utc done
state does not match
updating connection {
  id: 24,
  state: 1,
  currentVersion: '2.5.02',
  newVersion: '2.5.02',
  mac: '1C69209993A4',
  volume: 100,
  type: 'pillbox-v2_5',
  env: 'sit',
  charging: true,
  resetRequired: false,
  compartments: '001011',
  operationMode: 'sim',
  battery: 100,
  heartbeat: 2025-10-01T16:13:35.000Z,
  online: true,
  viles: '001000',
  lac: '5D9D',
  ci: '0061B4',
  strength: 21
}
{ success: true, message: 'Success.', data: [] }
Connected clients:  5
{ event: '1C69209993A4', data: '{"event":"hb","data":1760338952912}' }
{ event: '1C69209993A4', data: '{"event":"hb","data":1760339072913}' }
{ event: '1C69209993A4', data: '{"event":"hb","data":1760339192913}' }
{ event: '1C69209993A4', data: '{"event":"hb","data":1760339312914}' }
{ event: '1C69209993A4', data: '{"event":"hb","data":1760339432914}' }
{ event: '1C69209993A4', data: '{"event":"hb","data":1760339552915}' }
{ event: '1C69209993A4', data: '{"event":"hb","data":1760339672916}' }
{ event: '1C69209993A4', data: '{"event":"hb","data":1760339792917}' }
{ event: '1C69209993A4', data: '{"event":"hb","data":1760339912918}' }
{ event: '1C69209993A4', data: '{"event":"hb","data":1760340032917}' }
{ event: '1C69209993A4', data: '{"event":"hb","data":1760340152918}' }
Connected clients:  6
{ event: '1C69209993A4', data: '{"event":"hb","data":1760340272919}' }
Connected clients:  5
{ event: '1C69209993A4', data: '{"event":"hb","data":1760340392918}' }
{ event: '1C69209993A4', data: '{"event":"hb","data":1760340512918}' }
{ event: '1C69209993A4', data: '{"event":"hb","data":1760340632919}' }
{ event: '1C69209993A4', data: '{"event":"hb","data":1760340752919}' }
v2_5:shutdown 1C69209993A4
Connected clients:  4
disconnetion reported after 1 minute
v2_5:connect ["1C69209993A4","sim",0,"5D9D:0061B4",21,"2.5.02",0]
["1C69209993A4","sim",0,"5D9D:0061B4",21,"2.5.02",0]
{
  mac: '1C69209993A4',
  mode: 'sim',
  state: 0,
  apName: '5D9D:0061B4',
  apPass: 21,
  version: '2.5.02',
  manual_reset: 0
}
{
  event: '1C69209993A4',
  data: '{"event":"utc-now","data":1760341687}'
}
utc done
state does not match
updating connection {
  id: 24,
  state: 1,
  currentVersion: '2.5.02',
  newVersion: '2.5.02',
  mac: '1C69209993A4',
  volume: 100,
  type: 'pillbox-v2_5',
  env: 'sit',
  charging: true,
  resetRequired: false,
  compartments: '001011',
  operationMode: 'sim',
  battery: 100,
  heartbeat: 2025-10-01T16:13:35.000Z,
  online: true,
  viles: '001000',
  lac: '5D9D',
  ci: '0061B4',
  strength: 21
}
{ success: true, message: 'Success.', data: [] }
Connected clients:  5
{ event: '1C69209993A4', data: '{"event":"hb","data":1760341807047}' }
{ event: '1C69209993A4', data: '{"event":"hb","data":1760341927048}' }
{ event: '1C69209993A4', data: '{"event":"hb","data":1760342047048}' }
{ event: '1C69209993A4', data: '{"event":"hb","data":1760342167048}' }
{ event: '1C69209993A4', data: '{"event":"hb","data":1760342287048}' }
{ event: '1C69209993A4', data: '{"event":"hb","data":1760342407049}' }
{ event: '1C69209993A4', data: '{"event":"hb","data":1760342527050}' }
{ event: '1C69209993A4', data: '{"event":"hb","data":1760342647050}' }
{ event: '1C69209993A4', data: '{"event":"hb","data":1760342767051}' }
{ event: '1C69209993A4', data: '{"event":"hb","data":1760342887050}' }
{ event: '1C69209993A4', data: '{"event":"hb","data":1760343007051}' }
{ event: '1C69209993A4', data: '{"event":"hb","data":1760343127051}' }
{ event: '1C69209993A4', data: '{"event":"hb","data":1760343247050}' }
{ event: '1C69209993A4', data: '{"event":"hb","data":1760343367050}' }
{ event: '1C69209993A4', data: '{"event":"hb","data":1760343487051}' }
{ event: '1C69209993A4', data: '{"event":"hb","data":1760343607051}' }
v2_5:shutdown 1C69209993A4
Connected clients:  4
disconnetion reported after 1 minute
v2_5:connect ["1C69209993A4","sim",0,"5D9D:0061B4",21,"2.5.02",0]
["1C69209993A4","sim",0,"5D9D:0061B4",21,"2.5.02",0]
{
  mac: '1C69209993A4',
  mode: 'sim',
  state: 0,
  apName: '5D9D:0061B4',
  apPass: 21,
  version: '2.5.02',
  manual_reset: 0
}
{
  event: '1C69209993A4',
  data: '{"event":"utc-now","data":1760344555}'
}
utc done
state does not match
updating connection {
  id: 24,
  state: 1,
  currentVersion: '2.5.02',
  newVersion: '2.5.02',
  mac: '1C69209993A4',
  volume: 100,
  type: 'pillbox-v2_5',
  env: 'sit',
  charging: true,
  resetRequired: false,
  compartments: '001011',
  operationMode: 'sim',
  battery: 100,
  heartbeat: 2025-10-01T16:13:35.000Z,
  online: true,
  viles: '001000',
  lac: '5D9D',
  ci: '0061B4',
  strength: 21
}
{ success: true, message: 'Success.', data: [] }
Connected clients:  5
{ event: '1C69209993A4', data: '{"event":"hb","data":1760344674862}' }
{ event: '1C69209993A4', data: '{"event":"hb","data":1760344794863}' }
{ event: '1C69209993A4', data: '{"event":"hb","data":1760344914863}' }
{ event: '1C69209993A4', data: '{"event":"hb","data":1760345034864}' }
{ event: '1C69209993A4', data: '{"event":"hb","data":1760345154864}' }
{ event: '1C69209993A4', data: '{"event":"hb","data":1760345274864}' }
{ event: '1C69209993A4', data: '{"event":"hb","data":1760345394864}' }
{ event: '1C69209993A4', data: '{"event":"hb","data":1760345514864}' }
{ event: '1C69209993A4', data: '{"event":"hb","data":1760345634863}' }
{ event: '1C69209993A4', data: '{"event":"hb","data":1760345754863}' }
{ event: '1C69209993A4', data: '{"event":"hb","data":1760345874863}' }
{ event: '1C69209993A4', data: '{"event":"hb","data":1760345994864}' }
{ event: '1C69209993A4', data: '{"event":"hb","data":1760346114864}' }
{ event: '1C69209993A4', data: '{"event":"hb","data":1760346234865}' }
{ event: '1C69209993A4', data: '{"event":"hb","data":1760346354864}' }
{ event: '1C69209993A4', data: '{"event":"hb","data":1760346474864}' }
v2_5:shutdown 1C69209993A4
Connected clients:  4
disconnetion reported after 1 minute
v2_5:connect ["1C69209993A4","sim",0,"5D9D:0061B4",21,"2.5.02",0]
["1C69209993A4","sim",0,"5D9D:0061B4",21,"2.5.02",0]
{
  mac: '1C69209993A4',
  mode: 'sim',
  state: 0,
  apName: '5D9D:0061B4',
  apPass: 21,
  version: '2.5.02',
  manual_reset: 0
}
{
  event: '1C69209993A4',
  data: '{"event":"utc-now","data":1760347418}'
}
utc done
state does not match
updating connection {
  id: 24,
  state: 1,
  currentVersion: '2.5.02',
  newVersion: '2.5.02',
  mac: '1C69209993A4',
  volume: 100,
  type: 'pillbox-v2_5',
  env: 'sit',
  charging: true,
  resetRequired: false,
  compartments: '001011',
  operationMode: 'sim',
  battery: 100,
  heartbeat: 2025-10-01T16:13:35.000Z,
  online: true,
  viles: '001000',
  lac: '5D9D',
  ci: '0061B4',
  strength: 21
}
{ success: true, message: 'Success.', data: [] }
Connected clients:  5
{ event: '1C69209993A4', data: '{"event":"hb","data":1760347538433}' }
{ event: '1C69209993A4', data: '{"event":"hb","data":1760347658434}' }
{ event: '1C69209993A4', data: '{"event":"hb","data":1760347778434}' }
{ event: '1C69209993A4', data: '{"event":"hb","data":1760347898435}' }
{ event: '1C69209993A4', data: '{"event":"hb","data":1760348018436}' }
{ event: '1C69209993A4', data: '{"event":"hb","data":1760348138436}' }
{ event: '1C69209993A4', data: '{"event":"hb","data":1760348258436}' }
{ event: '1C69209993A4', data: '{"event":"hb","data":1760348378436}' }
{ event: '1C69209993A4', data: '{"event":"hb","data":1760348498436}' }
{ event: '1C69209993A4', data: '{"event":"hb","data":1760348618436}' }
{ event: '1C69209993A4', data: '{"event":"hb","data":1760348738436}' }
{ event: '1C69209993A4', data: '{"event":"hb","data":1760348858437}' }
Connected clients:  6
{ event: '1C69209993A4', data: '{"event":"hb","data":1760348978437}' }
Connected clients:  5
{ event: '1C69209993A4', data: '{"event":"hb","data":1760349098437}' }
{ event: '1C69209993A4', data: '{"event":"hb","data":1760349218438}' }
{ event: '1C69209993A4', data: '{"event":"hb","data":1760349338438}' }
v2_5:shutdown 1C69209993A4
Connected clients:  4
disconnetion reported after 1 minute
108610
108590
v2_5:connect ["1C69209993A4","sim",0,"5D9D:0061B4",21,"2.5.02",0]
["1C69209993A4","sim",0,"5D9D:0061B4",21,"2.5.02",0]
{
  mac: '1C69209993A4',
  mode: 'sim',
  state: 0,
  apName: '5D9D:0061B4',
  apPass: 21,
  version: '2.5.02',
  manual_reset: 0
}
{
  event: '1C69209993A4',
  data: '{"event":"utc-now","data":1760350281}'
}
utc done
state does not match
updating connection {
  id: 24,
  state: 1,
  currentVersion: '2.5.02',
  newVersion: '2.5.02',
  mac: '1C69209993A4',
  volume: 100,
  type: 'pillbox-v2_5',
  env: 'sit',
  charging: true,
  resetRequired: false,
  compartments: '001011',
  operationMode: 'sim',
  battery: 100,
  heartbeat: 2025-10-01T16:13:35.000Z,
  online: true,
  viles: '001000',
  lac: '5D9D',
  ci: '0061B4',
  strength: 21
}
{ success: true, message: 'Success.', data: [] }
Connected clients:  5
{ event: '1C69209993A4', data: '{"event":"hb","data":1760350400533}' }
105626
{ event: '1C69209993A4', data: '{"event":"hb","data":1760350520534}' }
{ event: '1C69209993A4', data: '{"event":"hb","data":1760350640533}' }
{ event: '1C69209993A4', data: '{"event":"hb","data":1760350760534}' }
{ event: '1C69209993A4', data: '{"event":"hb","data":1760350880533}' }
{ event: '1C69209993A4', data: '{"event":"hb","data":1760351000534}' }
{ event: '1C69209993A4', data: '{"event":"hb","data":1760351120533}' }
{ event: '1C69209993A4', data: '{"event":"hb","data":1760351240534}' }
{ event: '1C69209993A4', data: '{"event":"hb","data":1760351360533}' }
{ event: '1C69209993A4', data: '{"event":"hb","data":1760351480533}' }
{ event: '1C69209993A4', data: '{"event":"hb","data":1760351600533}' }
{ event: '1C69209993A4', data: '{"event":"hb","data":1760351720533}' }
{ event: '1C69209993A4', data: '{"event":"hb","data":1760351840533}' }
{ event: '1C69209993A4', data: '{"event":"hb","data":1760351960534}' }
{ event: '1C69209993A4', data: '{"event":"hb","data":1760352080534}' }
{ event: '1C69209993A4', data: '{"event":"hb","data":1760352200535}' }
v2_5:shutdown 1C69209993A4
Connected clients:  4
disconnetion reported after 1 minute
v2_5:connect ["1C69209993A4","sim",0,"5D9D:0061B4",21,"2.5.02",0]
["1C69209993A4","sim",0,"5D9D:0061B4",21,"2.5.02",0]
{
  mac: '1C69209993A4',
  mode: 'sim',
  state: 0,
  apName: '5D9D:0061B4',
  apPass: 21,
  version: '2.5.02',
  manual_reset: 0
}
{
  event: '1C69209993A4',
  data: '{"event":"utc-now","data":1760353147}'
}
utc done
state does not match
updating connection {
  id: 24,
  state: 1,
  currentVersion: '2.5.02',
  newVersion: '2.5.02',
  mac: '1C69209993A4',
  volume: 100,
  type: 'pillbox-v2_5',
  env: 'sit',
  charging: true,
  resetRequired: false,
  compartments: '001011',
  operationMode: 'sim',
  battery: 100,
  heartbeat: 2025-10-01T16:13:35.000Z,
  online: true,
  viles: '001000',
  lac: '5D9D',
  ci: '0061B4',
  strength: 21
}
{ success: true, message: 'Success.', data: [] }
Connected clients:  5
{ event: '1C69209993A4', data: '{"event":"hb","data":1760353267112}' }
{ event: '1C69209993A4', data: '{"event":"hb","data":1760353387112}' }
{ event: '1C69209993A4', data: '{"event":"hb","data":1760353507112}' }
{ event: '1C69209993A4', data: '{"event":"hb","data":1760353627112}' }
{ event: '1C69209993A4', data: '{"event":"hb","data":1760353747112}' }
{ event: '1C69209993A4', data: '{"event":"hb","data":1760353867112}' }
Connected clients:  6
{ event: '1C69209993A4', data: '{"event":"hb","data":1760353987112}' }
{ event: '1C69209993A4', data: '{"event":"hb","data":1760354107112}' }
Connected clients:  5
{ event: '1C69209993A4', data: '{"event":"hb","data":1760354227111}' }
{ event: '1C69209993A4', data: '{"event":"hb","data":1760354347111}' }
{ event: '1C69209993A4', data: '{"event":"hb","data":1760354467112}' }
{ event: '1C69209993A4', data: '{"event":"hb","data":1760354587112}' }
{ event: '1C69209993A4', data: '{"event":"hb","data":1760354707112}' }
{ event: '1C69209993A4', data: '{"event":"hb","data":1760354827113}' }
{ event: '1C69209993A4', data: '{"event":"hb","data":1760354947113}' }
{ event: '1C69209993A4', data: '{"event":"hb","data":1760355067113}' }
v2_5:shutdown 1C69209993A4
Connected clients:  4
disconnetion reported after 1 minute
v2_5:connect ["1C69209993A4","sim",0,"5D9D:0061B4",21,"2.5.02",0]
["1C69209993A4","sim",0,"5D9D:0061B4",21,"2.5.02",0]
{
  mac: '1C69209993A4',
  mode: 'sim',
  state: 0,
  apName: '5D9D:0061B4',
  apPass: 21,
  version: '2.5.02',
  manual_reset: 0
}
{
  event: '1C69209993A4',
  data: '{"event":"utc-now","data":1760356015}'
}
utc done
state does not match
updating connection {
  id: 24,
  state: 1,
  currentVersion: '2.5.02',
  newVersion: '2.5.02',
  mac: '1C69209993A4',
  volume: 100,
  type: 'pillbox-v2_5',
  env: 'sit',
  charging: true,
  resetRequired: false,
  compartments: '001011',
  operationMode: 'sim',
  battery: 100,
  heartbeat: 2025-10-01T16:13:35.000Z,
  online: true,
  viles: '001000',
  lac: '5D9D',
  ci: '0061B4',
  strength: 21
}
{ success: true, message: 'Success.', data: [] }
Connected clients:  5
{ event: '1C69209993A4', data: '{"event":"hb","data":1760356134890}' }
{ event: '1C69209993A4', data: '{"event":"hb","data":1760356254891}' }
{ event: '1C69209993A4', data: '{"event":"hb","data":1760356374892}' }
{ event: '1C69209993A4', data: '{"event":"hb","data":1760356494893}' }
{ event: '1C69209993A4', data: '{"event":"hb","data":1760356614892}' }
{ event: '1C69209993A4', data: '{"event":"hb","data":1760356734893}' }
{ event: '1C69209993A4', data: '{"event":"hb","data":1760356854893}' }
{ event: '1C69209993A4', data: '{"event":"hb","data":1760356974893}' }
{ event: '1C69209993A4', data: '{"event":"hb","data":1760357094894}' }
{ event: '1C69209993A4', data: '{"event":"hb","data":1760357214896}' }
{ event: '1C69209993A4', data: '{"event":"hb","data":1760357334896}' }
{ event: '1C69209993A4', data: '{"event":"hb","data":1760357454897}' }
{ event: '1C69209993A4', data: '{"event":"hb","data":1760357574896}' }
{ event: '1C69209993A4', data: '{"event":"hb","data":1760357694897}' }
{ event: '1C69209993A4', data: '{"event":"hb","data":1760357814898}' }
{ event: '1C69209993A4', data: '{"event":"hb","data":1760357934899}' }
v2_5:shutdown 1C69209993A4
Connected clients:  4
disconnetion reported after 1 minute
108491
108647
v2_5:connect ["1C69209993A4","sim",0,"5D9D:0061B4",21,"2.5.02",0]
["1C69209993A4","sim",0,"5D9D:0061B4",21,"2.5.02",0]
{
  mac: '1C69209993A4',
  mode: 'sim',
  state: 0,
  apName: '5D9D:0061B4',
  apPass: 21,
  version: '2.5.02',
  manual_reset: 0
}
{
  event: '1C69209993A4',
  data: '{"event":"utc-now","data":1760358882}'
}
utc done
state does not match
updating connection {
  id: 24,
  state: 1,
  currentVersion: '2.5.02',
  newVersion: '2.5.02',
  mac: '1C69209993A4',
  volume: 100,
  type: 'pillbox-v2_5',
  env: 'sit',
  charging: true,
  resetRequired: false,
  compartments: '001011',
  operationMode: 'sim',
  battery: 100,
  heartbeat: 2025-10-01T16:13:35.000Z,
  online: true,
  viles: '001000',
  lac: '5D9D',
  ci: '0061B4',
  strength: 21
}
{ success: true, message: 'Success.', data: [] }
Connected clients:  5
{ event: '1C69209993A4', data: '{"event":"hb","data":1760359002359}' }
{ event: '1C69209993A4', data: '{"event":"hb","data":1760359122359}' }
{ event: '1C69209993A4', data: '{"event":"hb","data":1760359242360}' }
{ event: '1C69209993A4', data: '{"event":"hb","data":1760359362359}' }
{ event: '1C69209993A4', data: '{"event":"hb","data":1760359482360}' }
108631
109192
sending remove med for 1C69209B8184
{
  event: '1C69209B8184',
  data: '{"event":"remove-med","data":[109196]}'
}
resending remove med for 1C69209B8184
{
  event: '1C69209B8184',
  data: '{"event":"remove-med","data":[109196]}'
}
resending remove med for 1C69209B8184
{
  event: '1C69209B8184',
  data: '{"event":"remove-med","data":[109196]}'
}
resending remove med for 1C69209B8184
{
  event: '1C69209B8184',
  data: '{"event":"remove-med","data":[109196]}'
}
resending remove med for 1C69209B8184
{
  event: '1C69209B8184',
  data: '{"event":"remove-med","data":[109196]}'
}
resending remove med for 1C69209B8184
{
  event: '1C69209B8184',
  data: '{"event":"remove-med","data":[109196]}'
}
{ event: '1C69209993A4', data: '{"event":"hb","data":1760359602361}' }
{ event: '1C69209993A4', data: '{"event":"hb","data":1760359722361}' }
Connected clients:  6
{ event: '1C69209993A4', data: '{"event":"hb","data":1760359842363}' }
Connected clients:  5
{ event: '1C69209993A4', data: '{"event":"hb","data":1760359962363}' }
{ event: '1C69209993A4', data: '{"event":"hb","data":1760360082363}' }
{ event: '1C69209993A4', data: '{"event":"hb","data":1760360202363}' }
{ event: '1C69209993A4', data: '{"event":"hb","data":1760360322364}' }
{ event: '1C69209993A4', data: '{"event":"hb","data":1760360442364}' }
{ event: '1C69209993A4', data: '{"event":"hb","data":1760360562364}' }
{ event: '1C69209993A4', data: '{"event":"hb","data":1760360682364}' }
{ event: '1C69209993A4', data: '{"event":"hb","data":1760360802365}' }
v2_5:shutdown 1C69209993A4
Connected clients:  4
disconnetion reported after 1 minute
Connected clients:  5
v2_5:connect ["1C69209993A4","sim",0,"5D9D:0061B4",21,"2.5.02",0]
["1C69209993A4","sim",0,"5D9D:0061B4",21,"2.5.02",0]
{
  mac: '1C69209993A4',
  mode: 'sim',
  state: 0,
  apName: '5D9D:0061B4',
  apPass: 21,
  version: '2.5.02',
  manual_reset: 0
}
{
  event: '1C69209993A4',
  data: '{"event":"utc-now","data":1760361744}'
}
utc done
state does not match
updating connection {
  id: 24,
  state: 1,
  currentVersion: '2.5.02',
  newVersion: '2.5.02',
  mac: '1C69209993A4',
  volume: 100,
  type: 'pillbox-v2_5',
  env: 'sit',
  charging: true,
  resetRequired: false,
  compartments: '001011',
  operationMode: 'sim',
  battery: 100,
  heartbeat: 2025-10-01T16:13:35.000Z,
  online: true,
  viles: '001000',
  lac: '5D9D',
  ci: '0061B4',
  strength: 21
}
{ success: true, message: 'Success.', data: [] }
Connected clients:  6
{ event: '1C69209993A4', data: '{"event":"hb","data":1760361864470}' }
Connected clients:  5
{ event: '1C69209993A4', data: '{"event":"hb","data":1760361984470}' }
{ event: '1C69209993A4', data: '{"event":"hb","data":1760362104471}' }
{ event: '1C69209993A4', data: '{"event":"hb","data":1760362224471}' }
{ event: '1C69209993A4', data: '{"event":"hb","data":1760362344472}' }
{ event: '1C69209993A4', data: '{"event":"hb","data":1760362464472}' }
{ event: '1C69209993A4', data: '{"event":"hb","data":1760362584472}' }
{ event: '1C69209993A4', data: '{"event":"hb","data":1760362704473}' }
{ event: '1C69209993A4', data: '{"event":"hb","data":1760362824473}' }
{ event: '1C69209993A4', data: '{"event":"hb","data":1760362944474}' }
{ event: '1C69209993A4', data: '{"event":"hb","data":1760363064475}' }
108172
{ event: '1C69209993A4', data: '{"event":"hb","data":1760363184476}' }
{ event: '1C69209993A4', data: '{"event":"hb","data":1760363304476}' }
{ event: '1C69209993A4', data: '{"event":"hb","data":1760363424477}' }
{ event: '1C69209993A4', data: '{"event":"hb","data":1760363544477}' }
{ event: '1C69209993A4', data: '{"event":"hb","data":1760363664478}' }
v2_5:shutdown 1C69209993A4
Connected clients:  4
disconnetion reported after 1 minute
v2_5:connect ["1C69209993A4","sim",0,"5D9D:0061B4",21,"2.5.02",0]
["1C69209993A4","sim",0,"5D9D:0061B4",21,"2.5.02",0]
{
  mac: '1C69209993A4',
  mode: 'sim',
  state: 0,
  apName: '5D9D:0061B4',
  apPass: 21,
  version: '2.5.02',
  manual_reset: 0
}
{
  event: '1C69209993A4',
  data: '{"event":"utc-now","data":1760364598}'
}
utc done
state does not match
updating connection {
  id: 24,
  state: 1,
  currentVersion: '2.5.02',
  newVersion: '2.5.02',
  mac: '1C69209993A4',
  volume: 100,
  type: 'pillbox-v2_5',
  env: 'sit',
  charging: true,
  resetRequired: false,
  compartments: '001011',
  operationMode: 'sim',
  battery: 100,
  heartbeat: 2025-10-01T16:13:35.000Z,
  online: true,
  viles: '001000',
  lac: '5D9D',
  ci: '0061B4',
  strength: 21
}
{ success: true, message: 'Success.', data: [] }
Connected clients:  5
{ event: '1C69209993A4', data: '{"event":"hb","data":1760364718105}' }
{ event: '1C69209993A4', data: '{"event":"hb","data":1760364838104}' }
98323
{ event: '1C69209993A4', data: '{"event":"hb","data":1760364958105}' }
{ event: '1C69209993A4', data: '{"event":"hb","data":1760365078106}' }
{ event: '1C69209993A4', data: '{"event":"hb","data":1760365198105}' }
{ event: '1C69209993A4', data: '{"event":"hb","data":1760365318105}' }
{ event: '1C69209993A4', data: '{"event":"hb","data":1760365438106}' }
{ event: '1C69209993A4', data: '{"event":"hb","data":1760365558105}' }
{ event: '1C69209993A4', data: '{"event":"hb","data":1760365678106}' }
["1C69209993A4","0","2","0","2025-10-13 14:28:32","sit"]
cmp [ '0', '0', '0', '0', '1', '1' ]
log-data {
  pb_device_unique_id: '1C69209993A4',
  box_comp_id: 3,
  id: 0,
  battery_status: 100,
  taken_time: '2025-10-13 14:28:32',
  device_type: 'pillbox-v2_5',
  cbs: '000011',
  vilePosition: '000011',
  env: 'sit'
}
{ success: true, message: 'Success.', data: [] }
v2_5:vp {"mac":"1C69209993A4","vials":"001001"}
{ mac: '1C69209993A4', vials: '001001' }
{ event: '1C69209993A4', data: '{"event":"v2_5:vpr","data":""}' }
{ event: '1C69209993A4', data: '{"event":"clear-log","data":[0]}' }
{ event: '1C69209993A4', data: '{"event":"hb","data":1760365836144}' }
{ event: '1C69209993A4', data: '{"event":"hb","data":1760365956144}' }
{ event: '1C69209993A4', data: '{"event":"hb","data":1760366076144}' }
{ event: '1C69209993A4', data: '{"event":"hb","data":1760366196144}' }
{ event: '1C69209993A4', data: '{"event":"hb","data":1760366316144}' }
{ event: '1C69209993A4', data: '{"event":"hb","data":1760366436144}' }
v2_5:shutdown 1C69209993A4
Connected clients:  4
disconnetion reported after 1 minute
{
  mac: '1C69209993A4',
  ref: 109409,
  schedules: [
    {
      mac: '1C69209993A4',
      time: '2025-10-13 15:00:00',
      vile: '5',
      pills: 1,
      repeat: 10,
      reference: 109499,
      windowSize: 20,
      muted: '1'
    },
    {
      mac: '1C69209993A4',
      time: '2025-10-13 17:45:00',
      vile: '5',
      pills: 1,
      repeat: 10,
      reference: 109500,
      windowSize: 20,
      muted: '1'
    },
    {
      mac: '1C69209993A4',
      time: '2025-10-14 15:00:00',
      vile: '5',
      pills: 1,
      repeat: 10,
      reference: 109501,
      windowSize: 20,
      muted: '1'
    },
    {
      mac: '1C69209993A4',
      time: '2025-10-14 17:45:00',
      vile: '5',
      pills: 1,
      repeat: 10,
      reference: 109502,
      windowSize: 20,
      muted: '1'
    },
    {
      mac: '1C69209993A4',
      time: '2025-10-15 15:00:00',
      vile: '5',
      pills: 1,
      repeat: 10,
      reference: 109503,
      windowSize: 20,
      muted: '1'
    },
    {
      mac: '1C69209993A4',
      time: '2025-10-15 17:45:00',
      vile: '5',
      pills: 1,
      repeat: 10,
      reference: 109504,
      windowSize: 20,
      muted: '1'
    },
    {
      mac: '1C69209993A4',
      time: '2025-10-16 15:00:00',
      vile: '5',
      pills: 1,
      repeat: 10,
      reference: 109505,
      windowSize: 20,
      muted: '1'
    },
    {
      mac: '1C69209993A4',
      time: '2025-10-16 17:45:00',
      vile: '5',
      pills: 1,
      repeat: 10,
      reference: 109506,
      windowSize: 20,
      muted: '1'
    },
    {
      mac: '1C69209993A4',
      time: '2025-10-17 15:00:00',
      vile: '5',
      pills: 1,
      repeat: 10,
      reference: 109507,
      windowSize: 20,
      muted: '1'
    },
    {
      mac: '1C69209993A4',
      time: '2025-10-17 17:45:00',
      vile: '5',
      pills: 1,
      repeat: 10,
      reference: 109508,
      windowSize: 20,
      muted: '1'
    },
    {
      mac: '1C69209993A4',
      time: '2025-10-18 15:00:00',
      vile: '5',
      pills: 1,
      repeat: 10,
      reference: 109509,
      windowSize: 20,
      muted: '1'
    },
    {
      mac: '1C69209993A4',
      time: '2025-10-18 17:45:00',
      vile: '5',
      pills: 1,
      repeat: 10,
      reference: 109510,
      windowSize: 20,
      muted: '1'
    },
    {
      mac: '1C69209993A4',
      time: '2025-10-19 15:00:00',
      vile: '5',
      pills: 1,
      repeat: 10,
      reference: 109511,
      windowSize: 20,
      muted: '1'
    },
    {
      mac: '1C69209993A4',
      time: '2025-10-19 17:45:00',
      vile: '5',
      pills: 1,
      repeat: 10,
      reference: 109512,
      windowSize: 20,
      muted: '1'
    },
    {
      mac: '1C69209993A4',
      time: '2025-10-20 15:00:00',
      vile: '5',
      pills: 1,
      repeat: 10,
      reference: 109513,
      windowSize: 20,
      muted: '1'
    },
    {
      mac: '1C69209993A4',
      time: '2025-10-20 17:45:00',
      vile: '5',
      pills: 1,
      repeat: 10,
      reference: 109514,
      windowSize: 20,
      muted: '1'
    },
    {
      mac: '1C69209993A4',
      time: '2025-10-21 15:00:00',
      vile: '5',
      pills: 1,
      repeat: 10,
      reference: 109515,
      windowSize: 20,
      muted: '1'
    },
    {
      mac: '1C69209993A4',
      time: '2025-10-21 17:45:00',
      vile: '5',
      pills: 1,
      repeat: 10,
      reference: 109516,
      windowSize: 20,
      muted: '1'
    },
    {
      mac: '1C69209993A4',
      time: '2025-10-22 15:00:00',
      vile: '5',
      pills: 1,
      repeat: 10,
      reference: 109517,
      windowSize: 20,
      muted: '1'
    },
    {
      mac: '1C69209993A4',
      time: '2025-10-22 17:45:00',
      vile: '5',
      pills: 1,
      repeat: 10,
      reference: 109518,
      windowSize: 20,
      muted: '1'
    },
    {
      mac: '1C69209993A4',
      time: '2025-10-23 15:00:00',
      vile: '5',
      pills: 1,
      repeat: 10,
      reference: 109519,
      windowSize: 20,
      muted: '1'
    },
    {
      mac: '1C69209993A4',
      time: '2025-10-23 17:45:00',
      vile: '5',
      pills: 1,
      repeat: 10,
      reference: 109520,
      windowSize: 20,
      muted: '1'
    },
    {
      mac: '1C69209993A4',
      time: '2025-10-24 15:00:00',
      vile: '5',
      pills: 1,
      repeat: 10,
      reference: 109521,
      windowSize: 20,
      muted: '1'
    },
    {
      mac: '1C69209993A4',
      time: '2025-10-24 17:45:00',
      vile: '5',
      pills: 1,
      repeat: 10,
      reference: 109522,
      windowSize: 20,
      muted: '1'
    },
    {
      mac: '1C69209993A4',
      time: '2025-10-25 15:00:00',
      vile: '5',
      pills: 1,
      repeat: 10,
      reference: 109523,
      windowSize: 20,
      muted: '1'
    },
    {
      mac: '1C69209993A4',
      time: '2025-10-25 17:45:00',
      vile: '5',
      pills: 1,
      repeat: 10,
      reference: 109524,
      windowSize: 20,
      muted: '1'
    },
    {
      mac: '1C69209993A4',
      time: '2025-10-26 15:00:00',
      vile: '5',
      pills: 1,
      repeat: 10,
      reference: 109525,
      windowSize: 20,
      muted: '1'
    },
    {
      mac: '1C69209993A4',
      time: '2025-10-26 17:45:00',
      vile: '5',
      pills: 1,
      repeat: 10,
      reference: 109526,
      windowSize: 20,
      muted: '1'
    },
    {
      mac: '1C69209993A4',
      time: '2025-10-27 15:00:00',
      vile: '5',
      pills: 1,
      repeat: 10,
      reference: 109527,
      windowSize: 20,
      muted: '1'
    },
    {
      mac: '1C69209993A4',
      time: '2025-10-27 17:45:00',
      vile: '5',
      pills: 1,
      repeat: 10,
      reference: 109528,
      windowSize: 20,
      muted: '1'
    },
    {
      mac: '1C69209993A4',
      time: '2025-10-28 15:00:00',
      vile: '5',
      pills: 1,
      repeat: 10,
      reference: 109529,
      windowSize: 20,
      muted: '1'
    },
    {
      mac: '1C69209993A4',
      time: '2025-10-28 17:45:00',
      vile: '5',
      pills: 1,
      repeat: 10,
      reference: 109530,
      windowSize: 20,
      muted: '1'
    },
    {
      mac: '1C69209993A4',
      time: '2025-10-29 15:00:00',
      vile: '5',
      pills: 1,
      repeat: 10,
      reference: 109531,
      windowSize: 20,
      muted: '1'
    },
    {
      mac: '1C69209993A4',
      time: '2025-10-29 17:45:00',
      vile: '5',
      pills: 1,
      repeat: 10,
      reference: 109532,
      windowSize: 20,
      muted: '1'
    },
    {
      mac: '1C69209993A4',
      time: '2025-10-30 15:00:00',
      vile: '5',
      pills: 1,
      repeat: 10,
      reference: 109533,
      windowSize: 20,
      muted: '1'
    },
    {
      mac: '1C69209993A4',
      time: '2025-10-30 17:45:00',
      vile: '5',
      pills: 1,
      repeat: 10,
      reference: 109534,
      windowSize: 20,
      muted: '1'
    },
    {
      mac: '1C69209993A4',
      time: '2025-10-31 15:00:00',
      vile: '5',
      pills: 1,
      repeat: 10,
      reference: 109535,
      windowSize: 20,
      muted: '1'
    },
    {
      mac: '1C69209993A4',
      time: '2025-10-31 17:45:00',
      vile: '5',
      pills: 1,
      repeat: 10,
      reference: 109536,
      windowSize: 20,
      muted: '1'
    },
    {
      mac: '1C69209993A4',
      time: '2025-11-01 15:00:00',
      vile: '5',
      pills: 1,
      repeat: 10,
      reference: 109537,
      windowSize: 20,
      muted: '1'
    },
    {
      mac: '1C69209993A4',
      time: '2025-11-01 17:45:00',
      vile: '5',
      pills: 1,
      repeat: 10,
      reference: 109538,
      windowSize: 20,
      muted: '1'
    },
    {
      mac: '1C69209993A4',
      time: '2025-11-02 16:00:00',
      vile: '5',
      pills: 1,
      repeat: 10,
      reference: 109539,
      windowSize: 20,
      muted: '1'
    },
    {
      mac: '1C69209993A4',
      time: '2025-11-02 18:45:00',
      vile: '5',
      pills: 1,
      repeat: 10,
      reference: 109540,
      windowSize: 20,
      muted: '1'
    },
    {
      mac: '1C69209993A4',
      time: '2025-11-03 16:00:00',
      vile: '5',
      pills: 1,
      repeat: 10,
      reference: 109541,
      windowSize: 20,
      muted: '1'
    },
    {
      mac: '1C69209993A4',
      time: '2025-11-03 18:45:00',
      vile: '5',
      pills: 1,
      repeat: 10,
      reference: 109542,
      windowSize: 20,
      muted: '1'
    },
    {
      mac: '1C69209993A4',
      time: '2025-11-04 16:00:00',
      vile: '5',
      pills: 1,
      repeat: 10,
      reference: 109543,
      windowSize: 20,
      muted: '1'
    },
    {
      mac: '1C69209993A4',
      time: '2025-11-04 18:45:00',
      vile: '5',
      pills: 1,
      repeat: 10,
      reference: 109544,
      windowSize: 20,
      muted: '1'
    },
    {
      mac: '1C69209993A4',
      time: '2025-11-05 16:00:00',
      vile: '5',
      pills: 1,
      repeat: 10,
      reference: 109545,
      windowSize: 20,
      muted: '1'
    },
    {
      mac: '1C69209993A4',
      time: '2025-11-05 18:45:00',
      vile: '5',
      pills: 1,
      repeat: 10,
      reference: 109546,
      windowSize: 20,
      muted: '1'
    },
    {
      mac: '1C69209993A4',
      time: '2025-11-06 16:00:00',
      vile: '5',
      pills: 1,
      repeat: 10,
      reference: 109547,
      windowSize: 20,
      muted: '1'
    },
    {
      mac: '1C69209993A4',
      time: '2025-11-06 18:45:00',
      vile: '5',
      pills: 1,
      repeat: 10,
      reference: 109548,
      windowSize: 20,
      muted: '1'
    },
    {
      mac: '1C69209993A4',
      time: '2025-11-07 16:00:00',
      vile: '5',
      pills: 1,
      repeat: 10,
      reference: 109549,
      windowSize: 20,
      muted: '1'
    },
    {
      mac: '1C69209993A4',
      time: '2025-11-07 18:45:00',
      vile: '5',
      pills: 1,
      repeat: 10,
      reference: 109550,
      windowSize: 20,
      muted: '1'
    },
    {
      mac: '1C69209993A4',
      time: '2025-11-08 16:00:00',
      vile: '5',
      pills: 1,
      repeat: 10,
      reference: 109551,
      windowSize: 20,
      muted: '1'
    },
    {
      mac: '1C69209993A4',
      time: '2025-11-08 18:45:00',
      vile: '5',
      pills: 1,
      repeat: 10,
      reference: 109552,
      windowSize: 20,
      muted: '1'
    },
    {
      mac: '1C69209993A4',
      time: '2025-11-09 16:00:00',
      vile: '5',
      pills: 1,
      repeat: 10,
      reference: 109553,
      windowSize: 20,
      muted: '1'
    },
    {
      mac: '1C69209993A4',
      time: '2025-11-09 18:45:00',
      vile: '5',
      pills: 1,
      repeat: 10,
      reference: 109554,
      windowSize: 20,
      muted: '1'
    },
    {
      mac: '1C69209993A4',
      time: '2025-11-10 16:00:00',
      vile: '5',
      pills: 1,
      repeat: 10,
      reference: 109555,
      windowSize: 20,
      muted: '1'
    },
    {
      mac: '1C69209993A4',
      time: '2025-11-10 18:45:00',
      vile: '5',
      pills: 1,
      repeat: 10,
      reference: 109556,
      windowSize: 20,
      muted: '1'
    },
    {
      mac: '1C69209993A4',
      time: '2025-11-11 16:00:00',
      vile: '5',
      pills: 1,
      repeat: 10,
      reference: 109557,
      windowSize: 20,
      muted: '1'
    },
    {
      mac: '1C69209993A4',
      time: '2025-11-11 18:45:00',
      vile: '5',
      pills: 1,
      repeat: 10,
      reference: 109558,
      windowSize: 20,
      muted: '1'
    },
    {
      mac: '1C69209993A4',
      time: '2025-11-12 16:00:00',
      vile: '5',
      pills: 1,
      repeat: 10,
      reference: 109559,
      windowSize: 20,
      muted: '1'
    },
    {
      mac: '1C69209993A4',
      time: '2025-11-12 18:45:00',
      vile: '5',
      pills: 1,
      repeat: 10,
      reference: 109560,
      windowSize: 20,
      muted: '1'
    },
    {
      mac: '1C69209993A4',
      time: '2025-11-13 16:00:00',
      vile: '5',
      pills: 1,
      repeat: 10,
      reference: 109561,
      windowSize: 20,
      muted: '1'
    },
    {
      mac: '1C69209993A4',
      time: '2025-11-13 18:45:00',
      vile: '5',
      pills: 1,
      repeat: 10,
      reference: 109562,
      windowSize: 20,
      muted: '1'
    },
    {
      mac: '1C69209993A4',
      time: '2025-11-14 16:00:00',
      vile: '5',
      pills: 1,
      repeat: 10,
      reference: 109563,
      windowSize: 20,
      muted: '1'
    },
    {
      mac: '1C69209993A4',
      time: '2025-11-14 18:45:00',
      vile: '5',
      pills: 1,
      repeat: 10,
      reference: 109564,
      windowSize: 20,
      muted: '1'
    },
    {
      mac: '1C69209993A4',
      time: '2025-11-15 16:00:00',
      vile: '5',
      pills: 1,
      repeat: 10,
      reference: 109565,
      windowSize: 20,
      muted: '1'
    },
    {
      mac: '1C69209993A4',
      time: '2025-11-15 18:45:00',
      vile: '5',
      pills: 1,
      repeat: 10,
      reference: 109566,
      windowSize: 20,
      muted: '1'
    },
    {
      mac: '1C69209993A4',
      time: '2025-11-16 16:00:00',
      vile: '5',
      pills: 1,
      repeat: 10,
      reference: 109567,
      windowSize: 20,
      muted: '1'
    },
    {
      mac: '1C69209993A4',
      time: '2025-11-16 18:45:00',
      vile: '5',
      pills: 1,
      repeat: 10,
      reference: 109568,
      windowSize: 20,
      muted: '1'
    },
    {
      mac: '1C69209993A4',
      time: '2025-11-17 16:00:00',
      vile: '5',
      pills: 1,
      repeat: 10,
      reference: 109569,
      windowSize: 20,
      muted: '1'
    },
    {
      mac: '1C69209993A4',
      time: '2025-11-17 18:45:00',
      vile: '5',
      pills: 1,
      repeat: 10,
      reference: 109570,
      windowSize: 20,
      muted: '1'
    },
    {
      mac: '1C69209993A4',
      time: '2025-11-18 16:00:00',
      vile: '5',
      pills: 1,
      repeat: 10,
      reference: 109571,
      windowSize: 20,
      muted: '1'
    },
    {
      mac: '1C69209993A4',
      time: '2025-11-18 18:45:00',
      vile: '5',
      pills: 1,
      repeat: 10,
      reference: 109572,
      windowSize: 20,
      muted: '1'
    },
    {
      mac: '1C69209993A4',
      time: '2025-11-19 16:00:00',
      vile: '5',
      pills: 1,
      repeat: 10,
      reference: 109573,
      windowSize: 20,
      muted: '1'
    },
    {
      mac: '1C69209993A4',
      time: '2025-11-19 18:45:00',
      vile: '5',
      pills: 1,
      repeat: 10,
      reference: 109574,
      windowSize: 20,
      muted: '1'
    },
    {
      mac: '1C69209993A4',
      time: '2025-11-20 16:00:00',
      vile: '5',
      pills: 1,
      repeat: 10,
      reference: 109575,
      windowSize: 20,
      muted: '1'
    },
    {
      mac: '1C69209993A4',
      time: '2025-11-20 18:45:00',
      vile: '5',
      pills: 1,
      repeat: 10,
      reference: 109576,
      windowSize: 20,
      muted: '1'
    },
    {
      mac: '1C69209993A4',
      time: '2025-11-21 16:00:00',
      vile: '5',
      pills: 1,
      repeat: 10,
      reference: 109577,
      windowSize: 20,
      muted: '1'
    },
    {
      mac: '1C69209993A4',
      time: '2025-11-21 18:45:00',
      vile: '5',
      pills: 1,
      repeat: 10,
      reference: 109578,
      windowSize: 20,
      muted: '1'
    },
    {
      mac: '1C69209993A4',
      time: '2025-11-22 16:00:00',
      vile: '5',
      pills: 1,
      repeat: 10,
      reference: 109579,
      windowSize: 20,
      muted: '1'
    },
    {
      mac: '1C69209993A4',
      time: '2025-11-22 18:45:00',
      vile: '5',
      pills: 1,
      repeat: 10,
      reference: 109580,
      windowSize: 20,
      muted: '1'
    },
    {
      mac: '1C69209993A4',
      time: '2025-11-23 16:00:00',
      vile: '5',
      pills: 1,
      repeat: 10,
      reference: 109581,
      windowSize: 20,
      muted: '1'
    },
    {
      mac: '1C69209993A4',
      time: '2025-11-23 18:45:00',
      vile: '5',
      pills: 1,
      repeat: 10,
      reference: 109582,
      windowSize: 20,
      muted: '1'
    },
    {
      mac: '1C69209993A4',
      time: '2025-11-24 16:00:00',
      vile: '5',
      pills: 1,
      repeat: 10,
      reference: 109583,
      windowSize: 20,
      muted: '1'
    },
    {
      mac: '1C69209993A4',
      time: '2025-11-24 18:45:00',
      vile: '5',
      pills: 1,
      repeat: 10,
      reference: 109584,
      windowSize: 20,
      muted: '1'
    },
    {
      mac: '1C69209993A4',
      time: '2025-11-25 16:00:00',
      vile: '5',
      pills: 1,
      repeat: 10,
      reference: 109585,
      windowSize: 20,
      muted: '1'
    },
    {
      mac: '1C69209993A4',
      time: '2025-11-25 18:45:00',
      vile: '5',
      pills: 1,
      repeat: 10,
      reference: 109586,
      windowSize: 20,
      muted: '1'
    },
    {
      mac: '1C69209993A4',
      time: '2025-11-26 16:00:00',
      vile: '5',
      pills: 1,
      repeat: 10,
      reference: 109587,
      windowSize: 20,
      muted: '1'
    },
    {
      mac: '1C69209993A4',
      time: '2025-11-26 18:45:00',
      vile: '5',
      pills: 1,
      repeat: 10,
      reference: 109588,
      windowSize: 20,
      muted: '1'
    }
  ],
  type: 'pillbox'
}
[
  {
    mac: '1C69209993A4',
    time: '2025-10-13 15:00:00',
    vile: '5',
    pills: 1,
    repeat: 10,
    reference: 109499,
    windowSize: 20,
    muted: '1'
  },
  {
    mac: '1C69209993A4',
    time: '2025-10-13 17:45:00',
    vile: '5',
    pills: 1,
    repeat: 10,
    reference: 109500,
    windowSize: 20,
    muted: '1'
  },
  {
    mac: '1C69209993A4',
    time: '2025-10-14 15:00:00',
    vile: '5',
    pills: 1,
    repeat: 10,
    reference: 109501,
    windowSize: 20,
    muted: '1'
  },
  {
    mac: '1C69209993A4',
    time: '2025-10-14 17:45:00',
    vile: '5',
    pills: 1,
    repeat: 10,
    reference: 109502,
    windowSize: 20,
    muted: '1'
  },
  {
    mac: '1C69209993A4',
    time: '2025-10-15 15:00:00',
    vile: '5',
    pills: 1,
    repeat: 10,
    reference: 109503,
    windowSize: 20,
    muted: '1'
  },
  {
    mac: '1C69209993A4',
    time: '2025-10-15 17:45:00',
    vile: '5',
    pills: 1,
    repeat: 10,
    reference: 109504,
    windowSize: 20,
    muted: '1'
  },
  {
    mac: '1C69209993A4',
    time: '2025-10-16 15:00:00',
    vile: '5',
    pills: 1,
    repeat: 10,
    reference: 109505,
    windowSize: 20,
    muted: '1'
  },
  {
    mac: '1C69209993A4',
    time: '2025-10-16 17:45:00',
    vile: '5',
    pills: 1,
    repeat: 10,
    reference: 109506,
    windowSize: 20,
    muted: '1'
  },
  {
    mac: '1C69209993A4',
    time: '2025-10-17 15:00:00',
    vile: '5',
    pills: 1,
    repeat: 10,
    reference: 109507,
    windowSize: 20,
    muted: '1'
  },
  {
    mac: '1C69209993A4',
    time: '2025-10-17 17:45:00',
    vile: '5',
    pills: 1,
    repeat: 10,
    reference: 109508,
    windowSize: 20,
    muted: '1'
  },
  {
    mac: '1C69209993A4',
    time: '2025-10-18 15:00:00',
    vile: '5',
    pills: 1,
    repeat: 10,
    reference: 109509,
    windowSize: 20,
    muted: '1'
  },
  {
    mac: '1C69209993A4',
    time: '2025-10-18 17:45:00',
    vile: '5',
    pills: 1,
    repeat: 10,
    reference: 109510,
    windowSize: 20,
    muted: '1'
  },
  {
    mac: '1C69209993A4',
    time: '2025-10-19 15:00:00',
    vile: '5',
    pills: 1,
    repeat: 10,
    reference: 109511,
    windowSize: 20,
    muted: '1'
  },
  {
    mac: '1C69209993A4',
    time: '2025-10-19 17:45:00',
    vile: '5',
    pills: 1,
    repeat: 10,
    reference: 109512,
    windowSize: 20,
    muted: '1'
  },
  {
    mac: '1C69209993A4',
    time: '2025-10-20 15:00:00',
    vile: '5',
    pills: 1,
    repeat: 10,
    reference: 109513,
    windowSize: 20,
    muted: '1'
  },
  {
    mac: '1C69209993A4',
    time: '2025-10-20 17:45:00',
    vile: '5',
    pills: 1,
    repeat: 10,
    reference: 109514,
    windowSize: 20,
    muted: '1'
  },
  {
    mac: '1C69209993A4',
    time: '2025-10-21 15:00:00',
    vile: '5',
    pills: 1,
    repeat: 10,
    reference: 109515,
    windowSize: 20,
    muted: '1'
  },
  {
    mac: '1C69209993A4',
    time: '2025-10-21 17:45:00',
    vile: '5',
    pills: 1,
    repeat: 10,
    reference: 109516,
    windowSize: 20,
    muted: '1'
  },
  {
    mac: '1C69209993A4',
    time: '2025-10-22 15:00:00',
    vile: '5',
    pills: 1,
    repeat: 10,
    reference: 109517,
    windowSize: 20,
    muted: '1'
  },
  {
    mac: '1C69209993A4',
    time: '2025-10-22 17:45:00',
    vile: '5',
    pills: 1,
    repeat: 10,
    reference: 109518,
    windowSize: 20,
    muted: '1'
  },
  {
    mac: '1C69209993A4',
    time: '2025-10-23 15:00:00',
    vile: '5',
    pills: 1,
    repeat: 10,
    reference: 109519,
    windowSize: 20,
    muted: '1'
  },
  {
    mac: '1C69209993A4',
    time: '2025-10-23 17:45:00',
    vile: '5',
    pills: 1,
    repeat: 10,
    reference: 109520,
    windowSize: 20,
    muted: '1'
  },
  {
    mac: '1C69209993A4',
    time: '2025-10-24 15:00:00',
    vile: '5',
    pills: 1,
    repeat: 10,
    reference: 109521,
    windowSize: 20,
    muted: '1'
  },
  {
    mac: '1C69209993A4',
    time: '2025-10-24 17:45:00',
    vile: '5',
    pills: 1,
    repeat: 10,
    reference: 109522,
    windowSize: 20,
    muted: '1'
  },
  {
    mac: '1C69209993A4',
    time: '2025-10-25 15:00:00',
    vile: '5',
    pills: 1,
    repeat: 10,
    reference: 109523,
    windowSize: 20,
    muted: '1'
  },
  {
    mac: '1C69209993A4',
    time: '2025-10-25 17:45:00',
    vile: '5',
    pills: 1,
    repeat: 10,
    reference: 109524,
    windowSize: 20,
    muted: '1'
  },
  {
    mac: '1C69209993A4',
    time: '2025-10-26 15:00:00',
    vile: '5',
    pills: 1,
    repeat: 10,
    reference: 109525,
    windowSize: 20,
    muted: '1'
  },
  {
    mac: '1C69209993A4',
    time: '2025-10-26 17:45:00',
    vile: '5',
    pills: 1,
    repeat: 10,
    reference: 109526,
    windowSize: 20,
    muted: '1'
  },
  {
    mac: '1C69209993A4',
    time: '2025-10-27 15:00:00',
    vile: '5',
    pills: 1,
    repeat: 10,
    reference: 109527,
    windowSize: 20,
    muted: '1'
  },
  {
    mac: '1C69209993A4',
    time: '2025-10-27 17:45:00',
    vile: '5',
    pills: 1,
    repeat: 10,
    reference: 109528,
    windowSize: 20,
    muted: '1'
  },
  {
    mac: '1C69209993A4',
    time: '2025-10-28 15:00:00',
    vile: '5',
    pills: 1,
    repeat: 10,
    reference: 109529,
    windowSize: 20,
    muted: '1'
  },
  {
    mac: '1C69209993A4',
    time: '2025-10-28 17:45:00',
    vile: '5',
    pills: 1,
    repeat: 10,
    reference: 109530,
    windowSize: 20,
    muted: '1'
  },
  {
    mac: '1C69209993A4',
    time: '2025-10-29 15:00:00',
    vile: '5',
    pills: 1,
    repeat: 10,
    reference: 109531,
    windowSize: 20,
    muted: '1'
  },
  {
    mac: '1C69209993A4',
    time: '2025-10-29 17:45:00',
    vile: '5',
    pills: 1,
    repeat: 10,
    reference: 109532,
    windowSize: 20,
    muted: '1'
  },
  {
    mac: '1C69209993A4',
    time: '2025-10-30 15:00:00',
    vile: '5',
    pills: 1,
    repeat: 10,
    reference: 109533,
    windowSize: 20,
    muted: '1'
  },
  {
    mac: '1C69209993A4',
    time: '2025-10-30 17:45:00',
    vile: '5',
    pills: 1,
    repeat: 10,
    reference: 109534,
    windowSize: 20,
    muted: '1'
  },
  {
    mac: '1C69209993A4',
    time: '2025-10-31 15:00:00',
    vile: '5',
    pills: 1,
    repeat: 10,
    reference: 109535,
    windowSize: 20,
    muted: '1'
  },
  {
    mac: '1C69209993A4',
    time: '2025-10-31 17:45:00',
    vile: '5',
    pills: 1,
    repeat: 10,
    reference: 109536,
    windowSize: 20,
    muted: '1'
  },
  {
    mac: '1C69209993A4',
    time: '2025-11-01 15:00:00',
    vile: '5',
    pills: 1,
    repeat: 10,
    reference: 109537,
    windowSize: 20,
    muted: '1'
  },
  {
    mac: '1C69209993A4',
    time: '2025-11-01 17:45:00',
    vile: '5',
    pills: 1,
    repeat: 10,
    reference: 109538,
    windowSize: 20,
    muted: '1'
  },
  {
    mac: '1C69209993A4',
    time: '2025-11-02 16:00:00',
    vile: '5',
    pills: 1,
    repeat: 10,
    reference: 109539,
    windowSize: 20,
    muted: '1'
  },
  {
    mac: '1C69209993A4',
    time: '2025-11-02 18:45:00',
    vile: '5',
    pills: 1,
    repeat: 10,
    reference: 109540,
    windowSize: 20,
    muted: '1'
  },
  {
    mac: '1C69209993A4',
    time: '2025-11-03 16:00:00',
    vile: '5',
    pills: 1,
    repeat: 10,
    reference: 109541,
    windowSize: 20,
    muted: '1'
  },
  {
    mac: '1C69209993A4',
    time: '2025-11-03 18:45:00',
    vile: '5',
    pills: 1,
    repeat: 10,
    reference: 109542,
    windowSize: 20,
    muted: '1'
  },
  {
    mac: '1C69209993A4',
    time: '2025-11-04 16:00:00',
    vile: '5',
    pills: 1,
    repeat: 10,
    reference: 109543,
    windowSize: 20,
    muted: '1'
  },
  {
    mac: '1C69209993A4',
    time: '2025-11-04 18:45:00',
    vile: '5',
    pills: 1,
    repeat: 10,
    reference: 109544,
    windowSize: 20,
    muted: '1'
  },
  {
    mac: '1C69209993A4',
    time: '2025-11-05 16:00:00',
    vile: '5',
    pills: 1,
    repeat: 10,
    reference: 109545,
    windowSize: 20,
    muted: '1'
  },
  {
    mac: '1C69209993A4',
    time: '2025-11-05 18:45:00',
    vile: '5',
    pills: 1,
    repeat: 10,
    reference: 109546,
    windowSize: 20,
    muted: '1'
  },
  {
    mac: '1C69209993A4',
    time: '2025-11-06 16:00:00',
    vile: '5',
    pills: 1,
    repeat: 10,
    reference: 109547,
    windowSize: 20,
    muted: '1'
  },
  {
    mac: '1C69209993A4',
    time: '2025-11-06 18:45:00',
    vile: '5',
    pills: 1,
    repeat: 10,
    reference: 109548,
    windowSize: 20,
    muted: '1'
  },
  {
    mac: '1C69209993A4',
    time: '2025-11-07 16:00:00',
    vile: '5',
    pills: 1,
    repeat: 10,
    reference: 109549,
    windowSize: 20,
    muted: '1'
  },
  {
    mac: '1C69209993A4',
    time: '2025-11-07 18:45:00',
    vile: '5',
    pills: 1,
    repeat: 10,
    reference: 109550,
    windowSize: 20,
    muted: '1'
  },
  {
    mac: '1C69209993A4',
    time: '2025-11-08 16:00:00',
    vile: '5',
    pills: 1,
    repeat: 10,
    reference: 109551,
    windowSize: 20,
    muted: '1'
  },
  {
    mac: '1C69209993A4',
    time: '2025-11-08 18:45:00',
    vile: '5',
    pills: 1,
    repeat: 10,
    reference: 109552,
    windowSize: 20,
    muted: '1'
  },
  {
    mac: '1C69209993A4',
    time: '2025-11-09 16:00:00',
    vile: '5',
    pills: 1,
    repeat: 10,
    reference: 109553,
    windowSize: 20,
    muted: '1'
  },
  {
    mac: '1C69209993A4',
    time: '2025-11-09 18:45:00',
    vile: '5',
    pills: 1,
    repeat: 10,
    reference: 109554,
    windowSize: 20,
    muted: '1'
  },
  {
    mac: '1C69209993A4',
    time: '2025-11-10 16:00:00',
    vile: '5',
    pills: 1,
    repeat: 10,
    reference: 109555,
    windowSize: 20,
    muted: '1'
  },
  {
    mac: '1C69209993A4',
    time: '2025-11-10 18:45:00',
    vile: '5',
    pills: 1,
    repeat: 10,
    reference: 109556,
    windowSize: 20,
    muted: '1'
  },
  {
    mac: '1C69209993A4',
    time: '2025-11-11 16:00:00',
    vile: '5',
    pills: 1,
    repeat: 10,
    reference: 109557,
    windowSize: 20,
    muted: '1'
  },
  {
    mac: '1C69209993A4',
    time: '2025-11-11 18:45:00',
    vile: '5',
    pills: 1,
    repeat: 10,
    reference: 109558,
    windowSize: 20,
    muted: '1'
  },
  {
    mac: '1C69209993A4',
    time: '2025-11-12 16:00:00',
    vile: '5',
    pills: 1,
    repeat: 10,
    reference: 109559,
    windowSize: 20,
    muted: '1'
  },
  {
    mac: '1C69209993A4',
    time: '2025-11-12 18:45:00',
    vile: '5',
    pills: 1,
    repeat: 10,
    reference: 109560,
    windowSize: 20,
    muted: '1'
  },
  {
    mac: '1C69209993A4',
    time: '2025-11-13 16:00:00',
    vile: '5',
    pills: 1,
    repeat: 10,
    reference: 109561,
    windowSize: 20,
    muted: '1'
  },
  {
    mac: '1C69209993A4',
    time: '2025-11-13 18:45:00',
    vile: '5',
    pills: 1,
    repeat: 10,
    reference: 109562,
    windowSize: 20,
    muted: '1'
  },
  {
    mac: '1C69209993A4',
    time: '2025-11-14 16:00:00',
    vile: '5',
    pills: 1,
    repeat: 10,
    reference: 109563,
    windowSize: 20,
    muted: '1'
  },
  {
    mac: '1C69209993A4',
    time: '2025-11-14 18:45:00',
    vile: '5',
    pills: 1,
    repeat: 10,
    reference: 109564,
    windowSize: 20,
    muted: '1'
  },
  {
    mac: '1C69209993A4',
    time: '2025-11-15 16:00:00',
    vile: '5',
    pills: 1,
    repeat: 10,
    reference: 109565,
    windowSize: 20,
    muted: '1'
  },
  {
    mac: '1C69209993A4',
    time: '2025-11-15 18:45:00',
    vile: '5',
    pills: 1,
    repeat: 10,
    reference: 109566,
    windowSize: 20,
    muted: '1'
  },
  {
    mac: '1C69209993A4',
    time: '2025-11-16 16:00:00',
    vile: '5',
    pills: 1,
    repeat: 10,
    reference: 109567,
    windowSize: 20,
    muted: '1'
  },
  {
    mac: '1C69209993A4',
    time: '2025-11-16 18:45:00',
    vile: '5',
    pills: 1,
    repeat: 10,
    reference: 109568,
    windowSize: 20,
    muted: '1'
  },
  {
    mac: '1C69209993A4',
    time: '2025-11-17 16:00:00',
    vile: '5',
    pills: 1,
    repeat: 10,
    reference: 109569,
    windowSize: 20,
    muted: '1'
  },
  {
    mac: '1C69209993A4',
    time: '2025-11-17 18:45:00',
    vile: '5',
    pills: 1,
    repeat: 10,
    reference: 109570,
    windowSize: 20,
    muted: '1'
  },
  {
    mac: '1C69209993A4',
    time: '2025-11-18 16:00:00',
    vile: '5',
    pills: 1,
    repeat: 10,
    reference: 109571,
    windowSize: 20,
    muted: '1'
  },
  {
    mac: '1C69209993A4',
    time: '2025-11-18 18:45:00',
    vile: '5',
    pills: 1,
    repeat: 10,
    reference: 109572,
    windowSize: 20,
    muted: '1'
  },
  {
    mac: '1C69209993A4',
    time: '2025-11-19 16:00:00',
    vile: '5',
    pills: 1,
    repeat: 10,
    reference: 109573,
    windowSize: 20,
    muted: '1'
  },
  {
    mac: '1C69209993A4',
    time: '2025-11-19 18:45:00',
    vile: '5',
    pills: 1,
    repeat: 10,
    reference: 109574,
    windowSize: 20,
    muted: '1'
  },
  {
    mac: '1C69209993A4',
    time: '2025-11-20 16:00:00',
    vile: '5',
    pills: 1,
    repeat: 10,
    reference: 109575,
    windowSize: 20,
    muted: '1'
  },
  {
    mac: '1C69209993A4',
    time: '2025-11-20 18:45:00',
    vile: '5',
    pills: 1,
    repeat: 10,
    reference: 109576,
    windowSize: 20,
    muted: '1'
  },
  {
    mac: '1C69209993A4',
    time: '2025-11-21 16:00:00',
    vile: '5',
    pills: 1,
    repeat: 10,
    reference: 109577,
    windowSize: 20,
    muted: '1'
  },
  {
    mac: '1C69209993A4',
    time: '2025-11-21 18:45:00',
    vile: '5',
    pills: 1,
    repeat: 10,
    reference: 109578,
    windowSize: 20,
    muted: '1'
  },
  {
    mac: '1C69209993A4',
    time: '2025-11-22 16:00:00',
    vile: '5',
    pills: 1,
    repeat: 10,
    reference: 109579,
    windowSize: 20,
    muted: '1'
  },
  {
    mac: '1C69209993A4',
    time: '2025-11-22 18:45:00',
    vile: '5',
    pills: 1,
    repeat: 10,
    reference: 109580,
    windowSize: 20,
    muted: '1'
  },
  {
    mac: '1C69209993A4',
    time: '2025-11-23 16:00:00',
    vile: '5',
    pills: 1,
    repeat: 10,
    reference: 109581,
    windowSize: 20,
    muted: '1'
  },
  {
    mac: '1C69209993A4',
    time: '2025-11-23 18:45:00',
    vile: '5',
    pills: 1,
    repeat: 10,
    reference: 109582,
    windowSize: 20,
    muted: '1'
  },
  {
    mac: '1C69209993A4',
    time: '2025-11-24 16:00:00',
    vile: '5',
    pills: 1,
    repeat: 10,
    reference: 109583,
    windowSize: 20,
    muted: '1'
  },
  {
    mac: '1C69209993A4',
    time: '2025-11-24 18:45:00',
    vile: '5',
    pills: 1,
    repeat: 10,
    reference: 109584,
    windowSize: 20,
    muted: '1'
  },
  {
    mac: '1C69209993A4',
    time: '2025-11-25 16:00:00',
    vile: '5',
    pills: 1,
    repeat: 10,
    reference: 109585,
    windowSize: 20,
    muted: '1'
  },
  {
    mac: '1C69209993A4',
    time: '2025-11-25 18:45:00',
    vile: '5',
    pills: 1,
    repeat: 10,
    reference: 109586,
    windowSize: 20,
    muted: '1'
  },
  {
    mac: '1C69209993A4',
    time: '2025-11-26 16:00:00',
    vile: '5',
    pills: 1,
    repeat: 10,
    reference: 109587,
    windowSize: 20,
    muted: '1'
  },
  {
    mac: '1C69209993A4',
    time: '2025-11-26 18:45:00',
    vile: '5',
    pills: 1,
    repeat: 10,
    reference: 109588,
    windowSize: 20,
    muted: '1'
  }
]
109409
2025-10-13 15:00:00
2025-10-13 17:45:00
2025-10-14 15:00:00
2025-10-14 17:45:00
2025-10-15 15:00:00
2025-10-15 17:45:00
2025-10-16 15:00:00
2025-10-16 17:45:00
2025-10-17 15:00:00
2025-10-17 17:45:00
2025-10-18 15:00:00
2025-10-18 17:45:00
2025-10-19 15:00:00
2025-10-19 17:45:00
2025-10-20 15:00:00
2025-10-20 17:45:00
2025-10-21 15:00:00
2025-10-21 17:45:00
2025-10-22 15:00:00
2025-10-22 17:45:00
2025-10-23 15:00:00
2025-10-23 17:45:00
2025-10-24 15:00:00
2025-10-24 17:45:00
2025-10-25 15:00:00
2025-10-25 17:45:00
2025-10-26 15:00:00
2025-10-26 17:45:00
2025-10-27 15:00:00
2025-10-27 17:45:00
2025-10-28 15:00:00
2025-10-28 17:45:00
2025-10-29 15:00:00
2025-10-29 17:45:00
2025-10-30 15:00:00
2025-10-30 17:45:00
2025-10-31 15:00:00
2025-10-31 17:45:00
2025-11-01 15:00:00
2025-11-01 17:45:00
2025-11-02 16:00:00
2025-11-02 18:45:00
2025-11-03 16:00:00
2025-11-03 18:45:00
2025-11-04 16:00:00
2025-11-04 18:45:00
2025-11-05 16:00:00
2025-11-05 18:45:00
2025-11-06 16:00:00
2025-11-06 18:45:00
2025-11-07 16:00:00
2025-11-07 18:45:00
2025-11-08 16:00:00
2025-11-08 18:45:00
2025-11-09 16:00:00
2025-11-09 18:45:00
2025-11-10 16:00:00
2025-11-10 18:45:00
2025-11-11 16:00:00
2025-11-11 18:45:00
2025-11-12 16:00:00
2025-11-12 18:45:00
2025-11-13 16:00:00
2025-11-13 18:45:00
2025-11-14 16:00:00
2025-11-14 18:45:00
2025-11-15 16:00:00
2025-11-15 18:45:00
2025-11-16 16:00:00
2025-11-16 18:45:00
2025-11-17 16:00:00
2025-11-17 18:45:00
2025-11-18 16:00:00
2025-11-18 18:45:00
2025-11-19 16:00:00
2025-11-19 18:45:00
2025-11-20 16:00:00
2025-11-20 18:45:00
2025-11-21 16:00:00
2025-11-21 18:45:00
2025-11-22 16:00:00
2025-11-22 18:45:00
2025-11-23 16:00:00
2025-11-23 18:45:00
2025-11-24 16:00:00
2025-11-24 18:45:00
2025-11-25 16:00:00
2025-11-25 18:45:00
2025-11-26 16:00:00
2025-11-26 18:45:00
null
[
  109588,
  0,
  4,
  20,
  10,
  1440,
  90,
  [ 29339460, 29339625, 29368320, 29368485 ]
]
undefined
sending medicine for 1C69209993A4
{
  event: '1C69209993A4',
  data: '{"event":"medicine","data":[109588,0,4,20,10,1440,90,[29339460,29339625,29368320,29368485]]}'
}
undefined
{
  mac: '1C69209993A4',
  ref: 109499,
  schedules: [
    {
      mac: '1C69209993A4',
      time: '2025-10-13 15:00:00',
      vile: '5',
      pills: 1,
      repeat: 10,
      reference: 109589,
      windowSize: 20,
      muted: '1'
    },
    {
      mac: '1C69209993A4',
      time: '2025-10-13 17:45:00',
      vile: '5',
      pills: 1,
      repeat: 10,
      reference: 109590,
      windowSize: 20,
      muted: '1'
    },
    {
      mac: '1C69209993A4',
      time: '2025-10-14 15:00:00',
      vile: '5',
      pills: 1,
      repeat: 10,
      reference: 109591,
      windowSize: 20,
      muted: '1'
    },
    {
      mac: '1C69209993A4',
      time: '2025-10-14 17:45:00',
      vile: '5',
      pills: 1,
      repeat: 10,
      reference: 109592,
      windowSize: 20,
      muted: '1'
    },
    {
      mac: '1C69209993A4',
      time: '2025-10-15 15:00:00',
      vile: '5',
      pills: 1,
      repeat: 10,
      reference: 109593,
      windowSize: 20,
      muted: '1'
    },
    {
      mac: '1C69209993A4',
      time: '2025-10-15 17:45:00',
      vile: '5',
      pills: 1,
      repeat: 10,
      reference: 109594,
      windowSize: 20,
      muted: '1'
    },
    {
      mac: '1C69209993A4',
      time: '2025-10-16 15:00:00',
      vile: '5',
      pills: 1,
      repeat: 10,
      reference: 109595,
      windowSize: 20,
      muted: '1'
    },
    {
      mac: '1C69209993A4',
      time: '2025-10-16 17:45:00',
      vile: '5',
      pills: 1,
      repeat: 10,
      reference: 109596,
      windowSize: 20,
      muted: '1'
    },
    {
      mac: '1C69209993A4',
      time: '2025-10-17 15:00:00',
      vile: '5',
      pills: 1,
      repeat: 10,
      reference: 109597,
      windowSize: 20,
      muted: '1'
    },
    {
      mac: '1C69209993A4',
      time: '2025-10-17 17:45:00',
      vile: '5',
      pills: 1,
      repeat: 10,
      reference: 109598,
      windowSize: 20,
      muted: '1'
    },
    {
      mac: '1C69209993A4',
      time: '2025-10-18 15:00:00',
      vile: '5',
      pills: 1,
      repeat: 10,
      reference: 109599,
      windowSize: 20,
      muted: '1'
    },
    {
      mac: '1C69209993A4',
      time: '2025-10-18 17:45:00',
      vile: '5',
      pills: 1,
      repeat: 10,
      reference: 109600,
      windowSize: 20,
      muted: '1'
    },
    {
      mac: '1C69209993A4',
      time: '2025-10-19 15:00:00',
      vile: '5',
      pills: 1,
      repeat: 10,
      reference: 109601,
      windowSize: 20,
      muted: '1'
    },
    {
      mac: '1C69209993A4',
      time: '2025-10-19 17:45:00',
      vile: '5',
      pills: 1,
      repeat: 10,
      reference: 109602,
      windowSize: 20,
      muted: '1'
    },
    {
      mac: '1C69209993A4',
      time: '2025-10-20 15:00:00',
      vile: '5',
      pills: 1,
      repeat: 10,
      reference: 109603,
      windowSize: 20,
      muted: '1'
    },
    {
      mac: '1C69209993A4',
      time: '2025-10-20 17:45:00',
      vile: '5',
      pills: 1,
      repeat: 10,
      reference: 109604,
      windowSize: 20,
      muted: '1'
    },
    {
      mac: '1C69209993A4',
      time: '2025-10-21 15:00:00',
      vile: '5',
      pills: 1,
      repeat: 10,
      reference: 109605,
      windowSize: 20,
      muted: '1'
    },
    {
      mac: '1C69209993A4',
      time: '2025-10-21 17:45:00',
      vile: '5',
      pills: 1,
      repeat: 10,
      reference: 109606,
      windowSize: 20,
      muted: '1'
    },
    {
      mac: '1C69209993A4',
      time: '2025-10-22 15:00:00',
      vile: '5',
      pills: 1,
      repeat: 10,
      reference: 109607,
      windowSize: 20,
      muted: '1'
    },
    {
      mac: '1C69209993A4',
      time: '2025-10-22 17:45:00',
      vile: '5',
      pills: 1,
      repeat: 10,
      reference: 109608,
      windowSize: 20,
      muted: '1'
    },
    {
      mac: '1C69209993A4',
      time: '2025-10-23 15:00:00',
      vile: '5',
      pills: 1,
      repeat: 10,
      reference: 109609,
      windowSize: 20,
      muted: '1'
    },
    {
      mac: '1C69209993A4',
      time: '2025-10-23 17:45:00',
      vile: '5',
      pills: 1,
      repeat: 10,
      reference: 109610,
      windowSize: 20,
      muted: '1'
    },
    {
      mac: '1C69209993A4',
      time: '2025-10-24 15:00:00',
      vile: '5',
      pills: 1,
      repeat: 10,
      reference: 109611,
      windowSize: 20,
      muted: '1'
    },
    {
      mac: '1C69209993A4',
      time: '2025-10-24 17:45:00',
      vile: '5',
      pills: 1,
      repeat: 10,
      reference: 109612,
      windowSize: 20,
      muted: '1'
    },
    {
      mac: '1C69209993A4',
      time: '2025-10-25 15:00:00',
      vile: '5',
      pills: 1,
      repeat: 10,
      reference: 109613,
      windowSize: 20,
      muted: '1'
    },
    {
      mac: '1C69209993A4',
      time: '2025-10-25 17:45:00',
      vile: '5',
      pills: 1,
      repeat: 10,
      reference: 109614,
      windowSize: 20,
      muted: '1'
    },
    {
      mac: '1C69209993A4',
      time: '2025-10-26 15:00:00',
      vile: '5',
      pills: 1,
      repeat: 10,
      reference: 109615,
      windowSize: 20,
      muted: '1'
    },
    {
      mac: '1C69209993A4',
      time: '2025-10-26 17:45:00',
      vile: '5',
      pills: 1,
      repeat: 10,
      reference: 109616,
      windowSize: 20,
      muted: '1'
    },
    {
      mac: '1C69209993A4',
      time: '2025-10-27 15:00:00',
      vile: '5',
      pills: 1,
      repeat: 10,
      reference: 109617,
      windowSize: 20,
      muted: '1'
    },
    {
      mac: '1C69209993A4',
      time: '2025-10-27 17:45:00',
      vile: '5',
      pills: 1,
      repeat: 10,
      reference: 109618,
      windowSize: 20,
      muted: '1'
    },
    {
      mac: '1C69209993A4',
      time: '2025-10-28 15:00:00',
      vile: '5',
      pills: 1,
      repeat: 10,
      reference: 109619,
      windowSize: 20,
      muted: '1'
    },
    {
      mac: '1C69209993A4',
      time: '2025-10-28 17:45:00',
      vile: '5',
      pills: 1,
      repeat: 10,
      reference: 109620,
      windowSize: 20,
      muted: '1'
    },
    {
      mac: '1C69209993A4',
      time: '2025-10-29 15:00:00',
      vile: '5',
      pills: 1,
      repeat: 10,
      reference: 109621,
      windowSize: 20,
      muted: '1'
    },
    {
      mac: '1C69209993A4',
      time: '2025-10-29 17:45:00',
      vile: '5',
      pills: 1,
      repeat: 10,
      reference: 109622,
      windowSize: 20,
      muted: '1'
    },
    {
      mac: '1C69209993A4',
      time: '2025-10-30 15:00:00',
      vile: '5',
      pills: 1,
      repeat: 10,
      reference: 109623,
      windowSize: 20,
      muted: '1'
    },
    {
      mac: '1C69209993A4',
      time: '2025-10-30 17:45:00',
      vile: '5',
      pills: 1,
      repeat: 10,
      reference: 109624,
      windowSize: 20,
      muted: '1'
    },
    {
      mac: '1C69209993A4',
      time: '2025-10-31 15:00:00',
      vile: '5',
      pills: 1,
      repeat: 10,
      reference: 109625,
      windowSize: 20,
      muted: '1'
    },
    {
      mac: '1C69209993A4',
      time: '2025-10-31 17:45:00',
      vile: '5',
      pills: 1,
      repeat: 10,
      reference: 109626,
      windowSize: 20,
      muted: '1'
    },
    {
      mac: '1C69209993A4',
      time: '2025-11-01 15:00:00',
      vile: '5',
      pills: 1,
      repeat: 10,
      reference: 109627,
      windowSize: 20,
      muted: '1'
    },
    {
      mac: '1C69209993A4',
      time: '2025-11-01 17:45:00',
      vile: '5',
      pills: 1,
      repeat: 10,
      reference: 109628,
      windowSize: 20,
      muted: '1'
    },
    {
      mac: '1C69209993A4',
      time: '2025-11-02 16:00:00',
      vile: '5',
      pills: 1,
      repeat: 10,
      reference: 109629,
      windowSize: 20,
      muted: '1'
    },
    {
      mac: '1C69209993A4',
      time: '2025-11-02 18:45:00',
      vile: '5',
      pills: 1,
      repeat: 10,
      reference: 109630,
      windowSize: 20,
      muted: '1'
    },
    {
      mac: '1C69209993A4',
      time: '2025-11-03 16:00:00',
      vile: '5',
      pills: 1,
      repeat: 10,
      reference: 109631,
      windowSize: 20,
      muted: '1'
    },
    {
      mac: '1C69209993A4',
      time: '2025-11-03 18:45:00',
      vile: '5',
      pills: 1,
      repeat: 10,
      reference: 109632,
      windowSize: 20,
      muted: '1'
    },
    {
      mac: '1C69209993A4',
      time: '2025-11-04 16:00:00',
      vile: '5',
      pills: 1,
      repeat: 10,
      reference: 109633,
      windowSize: 20,
      muted: '1'
    },
    {
      mac: '1C69209993A4',
      time: '2025-11-04 18:45:00',
      vile: '5',
      pills: 1,
      repeat: 10,
      reference: 109634,
      windowSize: 20,
      muted: '1'
    },
    {
      mac: '1C69209993A4',
      time: '2025-11-05 16:00:00',
      vile: '5',
      pills: 1,
      repeat: 10,
      reference: 109635,
      windowSize: 20,
      muted: '1'
    },
    {
      mac: '1C69209993A4',
      time: '2025-11-05 18:45:00',
      vile: '5',
      pills: 1,
      repeat: 10,
      reference: 109636,
      windowSize: 20,
      muted: '1'
    },
    {
      mac: '1C69209993A4',
      time: '2025-11-06 16:00:00',
      vile: '5',
      pills: 1,
      repeat: 10,
      reference: 109637,
      windowSize: 20,
      muted: '1'
    },
    {
      mac: '1C69209993A4',
      time: '2025-11-06 18:45:00',
      vile: '5',
      pills: 1,
      repeat: 10,
      reference: 109638,
      windowSize: 20,
      muted: '1'
    },
    {
      mac: '1C69209993A4',
      time: '2025-11-07 16:00:00',
      vile: '5',
      pills: 1,
      repeat: 10,
      reference: 109639,
      windowSize: 20,
      muted: '1'
    },
    {
      mac: '1C69209993A4',
      time: '2025-11-07 18:45:00',
      vile: '5',
      pills: 1,
      repeat: 10,
      reference: 109640,
      windowSize: 20,
      muted: '1'
    },
    {
      mac: '1C69209993A4',
      time: '2025-11-08 16:00:00',
      vile: '5',
      pills: 1,
      repeat: 10,
      reference: 109641,
      windowSize: 20,
      muted: '1'
    },
    {
      mac: '1C69209993A4',
      time: '2025-11-08 18:45:00',
      vile: '5',
      pills: 1,
      repeat: 10,
      reference: 109642,
      windowSize: 20,
      muted: '1'
    },
    {
      mac: '1C69209993A4',
      time: '2025-11-09 16:00:00',
      vile: '5',
      pills: 1,
      repeat: 10,
      reference: 109643,
      windowSize: 20,
      muted: '1'
    },
    {
      mac: '1C69209993A4',
      time: '2025-11-09 18:45:00',
      vile: '5',
      pills: 1,
      repeat: 10,
      reference: 109644,
      windowSize: 20,
      muted: '1'
    },
    {
      mac: '1C69209993A4',
      time: '2025-11-10 16:00:00',
      vile: '5',
      pills: 1,
      repeat: 10,
      reference: 109645,
      windowSize: 20,
      muted: '1'
    },
    {
      mac: '1C69209993A4',
      time: '2025-11-10 18:45:00',
      vile: '5',
      pills: 1,
      repeat: 10,
      reference: 109646,
      windowSize: 20,
      muted: '1'
    },
    {
      mac: '1C69209993A4',
      time: '2025-11-11 16:00:00',
      vile: '5',
      pills: 1,
      repeat: 10,
      reference: 109647,
      windowSize: 20,
      muted: '1'
    },
    {
      mac: '1C69209993A4',
      time: '2025-11-11 18:45:00',
      vile: '5',
      pills: 1,
      repeat: 10,
      reference: 109648,
      windowSize: 20,
      muted: '1'
    },
    {
      mac: '1C69209993A4',
      time: '2025-11-12 16:00:00',
      vile: '5',
      pills: 1,
      repeat: 10,
      reference: 109649,
      windowSize: 20,
      muted: '1'
    },
    {
      mac: '1C69209993A4',
      time: '2025-11-12 18:45:00',
      vile: '5',
      pills: 1,
      repeat: 10,
      reference: 109650,
      windowSize: 20,
      muted: '1'
    },
    {
      mac: '1C69209993A4',
      time: '2025-11-13 16:00:00',
      vile: '5',
      pills: 1,
      repeat: 10,
      reference: 109651,
      windowSize: 20,
      muted: '1'
    },
    {
      mac: '1C69209993A4',
      time: '2025-11-13 18:45:00',
      vile: '5',
      pills: 1,
      repeat: 10,
      reference: 109652,
      windowSize: 20,
      muted: '1'
    },
    {
      mac: '1C69209993A4',
      time: '2025-11-14 16:00:00',
      vile: '5',
      pills: 1,
      repeat: 10,
      reference: 109653,
      windowSize: 20,
      muted: '1'
    },
    {
      mac: '1C69209993A4',
      time: '2025-11-14 18:45:00',
      vile: '5',
      pills: 1,
      repeat: 10,
      reference: 109654,
      windowSize: 20,
      muted: '1'
    },
    {
      mac: '1C69209993A4',
      time: '2025-11-15 16:00:00',
      vile: '5',
      pills: 1,
      repeat: 10,
      reference: 109655,
      windowSize: 20,
      muted: '1'
    },
    {
      mac: '1C69209993A4',
      time: '2025-11-15 18:45:00',
      vile: '5',
      pills: 1,
      repeat: 10,
      reference: 109656,
      windowSize: 20,
      muted: '1'
    },
    {
      mac: '1C69209993A4',
      time: '2025-11-16 16:00:00',
      vile: '5',
      pills: 1,
      repeat: 10,
      reference: 109657,
      windowSize: 20,
      muted: '1'
    },
    {
      mac: '1C69209993A4',
      time: '2025-11-16 18:45:00',
      vile: '5',
      pills: 1,
      repeat: 10,
      reference: 109658,
      windowSize: 20,
      muted: '1'
    },
    {
      mac: '1C69209993A4',
      time: '2025-11-17 16:00:00',
      vile: '5',
      pills: 1,
      repeat: 10,
      reference: 109659,
      windowSize: 20,
      muted: '1'
    },
    {
      mac: '1C69209993A4',
      time: '2025-11-17 18:45:00',
      vile: '5',
      pills: 1,
      repeat: 10,
      reference: 109660,
      windowSize: 20,
      muted: '1'
    },
    {
      mac: '1C69209993A4',
      time: '2025-11-18 16:00:00',
      vile: '5',
      pills: 1,
      repeat: 10,
      reference: 109661,
      windowSize: 20,
      muted: '1'
    },
    {
      mac: '1C69209993A4',
      time: '2025-11-18 18:45:00',
      vile: '5',
      pills: 1,
      repeat: 10,
      reference: 109662,
      windowSize: 20,
      muted: '1'
    },
    {
      mac: '1C69209993A4',
      time: '2025-11-19 16:00:00',
      vile: '5',
      pills: 1,
      repeat: 10,
      reference: 109663,
      windowSize: 20,
      muted: '1'
    },
    {
      mac: '1C69209993A4',
      time: '2025-11-19 18:45:00',
      vile: '5',
      pills: 1,
      repeat: 10,
      reference: 109664,
      windowSize: 20,
      muted: '1'
    },
    {
      mac: '1C69209993A4',
      time: '2025-11-20 16:00:00',
      vile: '5',
      pills: 1,
      repeat: 10,
      reference: 109665,
      windowSize: 20,
      muted: '1'
    },
    {
      mac: '1C69209993A4',
      time: '2025-11-20 18:45:00',
      vile: '5',
      pills: 1,
      repeat: 10,
      reference: 109666,
      windowSize: 20,
      muted: '1'
    },
    {
      mac: '1C69209993A4',
      time: '2025-11-21 16:00:00',
      vile: '5',
      pills: 1,
      repeat: 10,
      reference: 109667,
      windowSize: 20,
      muted: '1'
    },
    {
      mac: '1C69209993A4',
      time: '2025-11-21 18:45:00',
      vile: '5',
      pills: 1,
      repeat: 10,
      reference: 109668,
      windowSize: 20,
      muted: '1'
    },
    {
      mac: '1C69209993A4',
      time: '2025-11-22 16:00:00',
      vile: '5',
      pills: 1,
      repeat: 10,
      reference: 109669,
      windowSize: 20,
      muted: '1'
    },
    {
      mac: '1C69209993A4',
      time: '2025-11-22 18:45:00',
      vile: '5',
      pills: 1,
      repeat: 10,
      reference: 109670,
      windowSize: 20,
      muted: '1'
    },
    {
      mac: '1C69209993A4',
      time: '2025-11-23 16:00:00',
      vile: '5',
      pills: 1,
      repeat: 10,
      reference: 109671,
      windowSize: 20,
      muted: '1'
    },
    {
      mac: '1C69209993A4',
      time: '2025-11-23 18:45:00',
      vile: '5',
      pills: 1,
      repeat: 10,
      reference: 109672,
      windowSize: 20,
      muted: '1'
    },
    {
      mac: '1C69209993A4',
      time: '2025-11-24 16:00:00',
      vile: '5',
      pills: 1,
      repeat: 10,
      reference: 109673,
      windowSize: 20,
      muted: '1'
    },
    {
      mac: '1C69209993A4',
      time: '2025-11-24 18:45:00',
      vile: '5',
      pills: 1,
      repeat: 10,
      reference: 109674,
      windowSize: 20,
      muted: '1'
    },
    {
      mac: '1C69209993A4',
      time: '2025-11-25 16:00:00',
      vile: '5',
      pills: 1,
      repeat: 10,
      reference: 109675,
      windowSize: 20,
      muted: '1'
    },
    {
      mac: '1C69209993A4',
      time: '2025-11-25 18:45:00',
      vile: '5',
      pills: 1,
      repeat: 10,
      reference: 109676,
      windowSize: 20,
      muted: '1'
    },
    {
      mac: '1C69209993A4',
      time: '2025-11-26 16:00:00',
      vile: '5',
      pills: 1,
      repeat: 10,
      reference: 109677,
      windowSize: 20,
      muted: '1'
    },
    {
      mac: '1C69209993A4',
      time: '2025-11-26 18:45:00',
      vile: '5',
      pills: 1,
      repeat: 10,
      reference: 109678,
      windowSize: 20,
      muted: '1'
    }
  ],
  type: 'pillbox'
}
[
  {
    mac: '1C69209993A4',
    time: '2025-10-13 15:00:00',
    vile: '5',
    pills: 1,
    repeat: 10,
    reference: 109589,
    windowSize: 20,
    muted: '1'
  },
  {
    mac: '1C69209993A4',
    time: '2025-10-13 17:45:00',
    vile: '5',
    pills: 1,
    repeat: 10,
    reference: 109590,
    windowSize: 20,
    muted: '1'
  },
  {
    mac: '1C69209993A4',
    time: '2025-10-14 15:00:00',
    vile: '5',
    pills: 1,
    repeat: 10,
    reference: 109591,
    windowSize: 20,
    muted: '1'
  },
  {
    mac: '1C69209993A4',
    time: '2025-10-14 17:45:00',
    vile: '5',
    pills: 1,
    repeat: 10,
    reference: 109592,
    windowSize: 20,
    muted: '1'
  },
  {
    mac: '1C69209993A4',
    time: '2025-10-15 15:00:00',
    vile: '5',
    pills: 1,
    repeat: 10,
    reference: 109593,
    windowSize: 20,
    muted: '1'
  },
  {
    mac: '1C69209993A4',
    time: '2025-10-15 17:45:00',
    vile: '5',
    pills: 1,
    repeat: 10,
    reference: 109594,
    windowSize: 20,
    muted: '1'
  },
  {
    mac: '1C69209993A4',
    time: '2025-10-16 15:00:00',
    vile: '5',
    pills: 1,
    repeat: 10,
    reference: 109595,
    windowSize: 20,
    muted: '1'
  },
  {
    mac: '1C69209993A4',
    time: '2025-10-16 17:45:00',
    vile: '5',
    pills: 1,
    repeat: 10,
    reference: 109596,
    windowSize: 20,
    muted: '1'
  },
  {
    mac: '1C69209993A4',
    time: '2025-10-17 15:00:00',
    vile: '5',
    pills: 1,
    repeat: 10,
    reference: 109597,
    windowSize: 20,
    muted: '1'
  },
  {
    mac: '1C69209993A4',
    time: '2025-10-17 17:45:00',
    vile: '5',
    pills: 1,
    repeat: 10,
    reference: 109598,
    windowSize: 20,
    muted: '1'
  },
  {
    mac: '1C69209993A4',
    time: '2025-10-18 15:00:00',
    vile: '5',
    pills: 1,
    repeat: 10,
    reference: 109599,
    windowSize: 20,
    muted: '1'
  },
  {
    mac: '1C69209993A4',
    time: '2025-10-18 17:45:00',
    vile: '5',
    pills: 1,
    repeat: 10,
    reference: 109600,
    windowSize: 20,
    muted: '1'
  },
  {
    mac: '1C69209993A4',
    time: '2025-10-19 15:00:00',
    vile: '5',
    pills: 1,
    repeat: 10,
    reference: 109601,
    windowSize: 20,
    muted: '1'
  },
  {
    mac: '1C69209993A4',
    time: '2025-10-19 17:45:00',
    vile: '5',
    pills: 1,
    repeat: 10,
    reference: 109602,
    windowSize: 20,
    muted: '1'
  },
  {
    mac: '1C69209993A4',
    time: '2025-10-20 15:00:00',
    vile: '5',
    pills: 1,
    repeat: 10,
    reference: 109603,
    windowSize: 20,
    muted: '1'
  },
  {
    mac: '1C69209993A4',
    time: '2025-10-20 17:45:00',
    vile: '5',
    pills: 1,
    repeat: 10,
    reference: 109604,
    windowSize: 20,
    muted: '1'
  },
  {
    mac: '1C69209993A4',
    time: '2025-10-21 15:00:00',
    vile: '5',
    pills: 1,
    repeat: 10,
    reference: 109605,
    windowSize: 20,
    muted: '1'
  },
  {
    mac: '1C69209993A4',
    time: '2025-10-21 17:45:00',
    vile: '5',
    pills: 1,
    repeat: 10,
    reference: 109606,
    windowSize: 20,
    muted: '1'
  },
  {
    mac: '1C69209993A4',
    time: '2025-10-22 15:00:00',
    vile: '5',
    pills: 1,
    repeat: 10,
    reference: 109607,
    windowSize: 20,
    muted: '1'
  },
  {
    mac: '1C69209993A4',
    time: '2025-10-22 17:45:00',
    vile: '5',
    pills: 1,
    repeat: 10,
    reference: 109608,
    windowSize: 20,
    muted: '1'
  },
  {
    mac: '1C69209993A4',
    time: '2025-10-23 15:00:00',
    vile: '5',
    pills: 1,
    repeat: 10,
    reference: 109609,
    windowSize: 20,
    muted: '1'
  },
  {
    mac: '1C69209993A4',
    time: '2025-10-23 17:45:00',
    vile: '5',
    pills: 1,
    repeat: 10,
    reference: 109610,
    windowSize: 20,
    muted: '1'
  },
  {
    mac: '1C69209993A4',
    time: '2025-10-24 15:00:00',
    vile: '5',
    pills: 1,
    repeat: 10,
    reference: 109611,
    windowSize: 20,
    muted: '1'
  },
  {
    mac: '1C69209993A4',
    time: '2025-10-24 17:45:00',
    vile: '5',
    pills: 1,
    repeat: 10,
    reference: 109612,
    windowSize: 20,
    muted: '1'
  },
  {
    mac: '1C69209993A4',
    time: '2025-10-25 15:00:00',
    vile: '5',
    pills: 1,
    repeat: 10,
    reference: 109613,
    windowSize: 20,
    muted: '1'
  },
  {
    mac: '1C69209993A4',
    time: '2025-10-25 17:45:00',
    vile: '5',
    pills: 1,
    repeat: 10,
    reference: 109614,
    windowSize: 20,
    muted: '1'
  },
  {
    mac: '1C69209993A4',
    time: '2025-10-26 15:00:00',
    vile: '5',
    pills: 1,
    repeat: 10,
    reference: 109615,
    windowSize: 20,
    muted: '1'
  },
  {
    mac: '1C69209993A4',
    time: '2025-10-26 17:45:00',
    vile: '5',
    pills: 1,
    repeat: 10,
    reference: 109616,
    windowSize: 20,
    muted: '1'
  },
  {
    mac: '1C69209993A4',
    time: '2025-10-27 15:00:00',
    vile: '5',
    pills: 1,
    repeat: 10,
    reference: 109617,
    windowSize: 20,
    muted: '1'
  },
  {
    mac: '1C69209993A4',
    time: '2025-10-27 17:45:00',
    vile: '5',
    pills: 1,
    repeat: 10,
    reference: 109618,
    windowSize: 20,
    muted: '1'
  },
  {
    mac: '1C69209993A4',
    time: '2025-10-28 15:00:00',
    vile: '5',
    pills: 1,
    repeat: 10,
    reference: 109619,
    windowSize: 20,
    muted: '1'
  },
  {
    mac: '1C69209993A4',
    time: '2025-10-28 17:45:00',
    vile: '5',
    pills: 1,
    repeat: 10,
    reference: 109620,
    windowSize: 20,
    muted: '1'
  },
  {
    mac: '1C69209993A4',
    time: '2025-10-29 15:00:00',
    vile: '5',
    pills: 1,
    repeat: 10,
    reference: 109621,
    windowSize: 20,
    muted: '1'
  },
  {
    mac: '1C69209993A4',
    time: '2025-10-29 17:45:00',
    vile: '5',
    pills: 1,
    repeat: 10,
    reference: 109622,
    windowSize: 20,
    muted: '1'
  },
  {
    mac: '1C69209993A4',
    time: '2025-10-30 15:00:00',
    vile: '5',
    pills: 1,
    repeat: 10,
    reference: 109623,
    windowSize: 20,
    muted: '1'
  },
  {
    mac: '1C69209993A4',
    time: '2025-10-30 17:45:00',
    vile: '5',
    pills: 1,
    repeat: 10,
    reference: 109624,
    windowSize: 20,
    muted: '1'
  },
  {
    mac: '1C69209993A4',
    time: '2025-10-31 15:00:00',
    vile: '5',
    pills: 1,
    repeat: 10,
    reference: 109625,
    windowSize: 20,
    muted: '1'
  },
  {
    mac: '1C69209993A4',
    time: '2025-10-31 17:45:00',
    vile: '5',
    pills: 1,
    repeat: 10,
    reference: 109626,
    windowSize: 20,
    muted: '1'
  },
  {
    mac: '1C69209993A4',
    time: '2025-11-01 15:00:00',
    vile: '5',
    pills: 1,
    repeat: 10,
    reference: 109627,
    windowSize: 20,
    muted: '1'
  },
  {
    mac: '1C69209993A4',
    time: '2025-11-01 17:45:00',
    vile: '5',
    pills: 1,
    repeat: 10,
    reference: 109628,
    windowSize: 20,
    muted: '1'
  },
  {
    mac: '1C69209993A4',
    time: '2025-11-02 16:00:00',
    vile: '5',
    pills: 1,
    repeat: 10,
    reference: 109629,
    windowSize: 20,
    muted: '1'
  },
  {
    mac: '1C69209993A4',
    time: '2025-11-02 18:45:00',
    vile: '5',
    pills: 1,
    repeat: 10,
    reference: 109630,
    windowSize: 20,
    muted: '1'
  },
  {
    mac: '1C69209993A4',
    time: '2025-11-03 16:00:00',
    vile: '5',
    pills: 1,
    repeat: 10,
    reference: 109631,
    windowSize: 20,
    muted: '1'
  },
  {
    mac: '1C69209993A4',
    time: '2025-11-03 18:45:00',
    vile: '5',
    pills: 1,
    repeat: 10,
    reference: 109632,
    windowSize: 20,
    muted: '1'
  },
  {
    mac: '1C69209993A4',
    time: '2025-11-04 16:00:00',
    vile: '5',
    pills: 1,
    repeat: 10,
    reference: 109633,
    windowSize: 20,
    muted: '1'
  },
  {
    mac: '1C69209993A4',
    time: '2025-11-04 18:45:00',
    vile: '5',
    pills: 1,
    repeat: 10,
    reference: 109634,
    windowSize: 20,
    muted: '1'
  },
  {
    mac: '1C69209993A4',
    time: '2025-11-05 16:00:00',
    vile: '5',
    pills: 1,
    repeat: 10,
    reference: 109635,
    windowSize: 20,
    muted: '1'
  },
  {
    mac: '1C69209993A4',
    time: '2025-11-05 18:45:00',
    vile: '5',
    pills: 1,
    repeat: 10,
    reference: 109636,
    windowSize: 20,
    muted: '1'
  },
  {
    mac: '1C69209993A4',
    time: '2025-11-06 16:00:00',
    vile: '5',
    pills: 1,
    repeat: 10,
    reference: 109637,
    windowSize: 20,
    muted: '1'
  },
  {
    mac: '1C69209993A4',
    time: '2025-11-06 18:45:00',
    vile: '5',
    pills: 1,
    repeat: 10,
    reference: 109638,
    windowSize: 20,
    muted: '1'
  },
  {
    mac: '1C69209993A4',
    time: '2025-11-07 16:00:00',
    vile: '5',
    pills: 1,
    repeat: 10,
    reference: 109639,
    windowSize: 20,
    muted: '1'
  },
  {
    mac: '1C69209993A4',
    time: '2025-11-07 18:45:00',
    vile: '5',
    pills: 1,
    repeat: 10,
    reference: 109640,
    windowSize: 20,
    muted: '1'
  },
  {
    mac: '1C69209993A4',
    time: '2025-11-08 16:00:00',
    vile: '5',
    pills: 1,
    repeat: 10,
    reference: 109641,
    windowSize: 20,
    muted: '1'
  },
  {
    mac: '1C69209993A4',
    time: '2025-11-08 18:45:00',
    vile: '5',
    pills: 1,
    repeat: 10,
    reference: 109642,
    windowSize: 20,
    muted: '1'
  },
  {
    mac: '1C69209993A4',
    time: '2025-11-09 16:00:00',
    vile: '5',
    pills: 1,
    repeat: 10,
    reference: 109643,
    windowSize: 20,
    muted: '1'
  },
  {
    mac: '1C69209993A4',
    time: '2025-11-09 18:45:00',
    vile: '5',
    pills: 1,
    repeat: 10,
    reference: 109644,
    windowSize: 20,
    muted: '1'
  },
  {
    mac: '1C69209993A4',
    time: '2025-11-10 16:00:00',
    vile: '5',
    pills: 1,
    repeat: 10,
    reference: 109645,
    windowSize: 20,
    muted: '1'
  },
  {
    mac: '1C69209993A4',
    time: '2025-11-10 18:45:00',
    vile: '5',
    pills: 1,
    repeat: 10,
    reference: 109646,
    windowSize: 20,
    muted: '1'
  },
  {
    mac: '1C69209993A4',
    time: '2025-11-11 16:00:00',
    vile: '5',
    pills: 1,
    repeat: 10,
    reference: 109647,
    windowSize: 20,
    muted: '1'
  },
  {
    mac: '1C69209993A4',
    time: '2025-11-11 18:45:00',
    vile: '5',
    pills: 1,
    repeat: 10,
    reference: 109648,
    windowSize: 20,
    muted: '1'
  },
  {
    mac: '1C69209993A4',
    time: '2025-11-12 16:00:00',
    vile: '5',
    pills: 1,
    repeat: 10,
    reference: 109649,
    windowSize: 20,
    muted: '1'
  },
  {
    mac: '1C69209993A4',
    time: '2025-11-12 18:45:00',
    vile: '5',
    pills: 1,
    repeat: 10,
    reference: 109650,
    windowSize: 20,
    muted: '1'
  },
  {
    mac: '1C69209993A4',
    time: '2025-11-13 16:00:00',
    vile: '5',
    pills: 1,
    repeat: 10,
    reference: 109651,
    windowSize: 20,
    muted: '1'
  },
  {
    mac: '1C69209993A4',
    time: '2025-11-13 18:45:00',
    vile: '5',
    pills: 1,
    repeat: 10,
    reference: 109652,
    windowSize: 20,
    muted: '1'
  },
  {
    mac: '1C69209993A4',
    time: '2025-11-14 16:00:00',
    vile: '5',
    pills: 1,
    repeat: 10,
    reference: 109653,
    windowSize: 20,
    muted: '1'
  },
  {
    mac: '1C69209993A4',
    time: '2025-11-14 18:45:00',
    vile: '5',
    pills: 1,
    repeat: 10,
    reference: 109654,
    windowSize: 20,
    muted: '1'
  },
  {
    mac: '1C69209993A4',
    time: '2025-11-15 16:00:00',
    vile: '5',
    pills: 1,
    repeat: 10,
    reference: 109655,
    windowSize: 20,
    muted: '1'
  },
  {
    mac: '1C69209993A4',
    time: '2025-11-15 18:45:00',
    vile: '5',
    pills: 1,
    repeat: 10,
    reference: 109656,
    windowSize: 20,
    muted: '1'
  },
  {
    mac: '1C69209993A4',
    time: '2025-11-16 16:00:00',
    vile: '5',
    pills: 1,
    repeat: 10,
    reference: 109657,
    windowSize: 20,
    muted: '1'
  },
  {
    mac: '1C69209993A4',
    time: '2025-11-16 18:45:00',
    vile: '5',
    pills: 1,
    repeat: 10,
    reference: 109658,
    windowSize: 20,
    muted: '1'
  },
  {
    mac: '1C69209993A4',
    time: '2025-11-17 16:00:00',
    vile: '5',
    pills: 1,
    repeat: 10,
    reference: 109659,
    windowSize: 20,
    muted: '1'
  },
  {
    mac: '1C69209993A4',
    time: '2025-11-17 18:45:00',
    vile: '5',
    pills: 1,
    repeat: 10,
    reference: 109660,
    windowSize: 20,
    muted: '1'
  },
  {
    mac: '1C69209993A4',
    time: '2025-11-18 16:00:00',
    vile: '5',
    pills: 1,
    repeat: 10,
    reference: 109661,
    windowSize: 20,
    muted: '1'
  },
  {
    mac: '1C69209993A4',
    time: '2025-11-18 18:45:00',
    vile: '5',
    pills: 1,
    repeat: 10,
    reference: 109662,
    windowSize: 20,
    muted: '1'
  },
  {
    mac: '1C69209993A4',
    time: '2025-11-19 16:00:00',
    vile: '5',
    pills: 1,
    repeat: 10,
    reference: 109663,
    windowSize: 20,
    muted: '1'
  },
  {
    mac: '1C69209993A4',
    time: '2025-11-19 18:45:00',
    vile: '5',
    pills: 1,
    repeat: 10,
    reference: 109664,
    windowSize: 20,
    muted: '1'
  },
  {
    mac: '1C69209993A4',
    time: '2025-11-20 16:00:00',
    vile: '5',
    pills: 1,
    repeat: 10,
    reference: 109665,
    windowSize: 20,
    muted: '1'
  },
  {
    mac: '1C69209993A4',
    time: '2025-11-20 18:45:00',
    vile: '5',
    pills: 1,
    repeat: 10,
    reference: 109666,
    windowSize: 20,
    muted: '1'
  },
  {
    mac: '1C69209993A4',
    time: '2025-11-21 16:00:00',
    vile: '5',
    pills: 1,
    repeat: 10,
    reference: 109667,
    windowSize: 20,
    muted: '1'
  },
  {
    mac: '1C69209993A4',
    time: '2025-11-21 18:45:00',
    vile: '5',
    pills: 1,
    repeat: 10,
    reference: 109668,
    windowSize: 20,
    muted: '1'
  },
  {
    mac: '1C69209993A4',
    time: '2025-11-22 16:00:00',
    vile: '5',
    pills: 1,
    repeat: 10,
    reference: 109669,
    windowSize: 20,
    muted: '1'
  },
  {
    mac: '1C69209993A4',
    time: '2025-11-22 18:45:00',
    vile: '5',
    pills: 1,
    repeat: 10,
    reference: 109670,
    windowSize: 20,
    muted: '1'
  },
  {
    mac: '1C69209993A4',
    time: '2025-11-23 16:00:00',
    vile: '5',
    pills: 1,
    repeat: 10,
    reference: 109671,
    windowSize: 20,
    muted: '1'
  },
  {
    mac: '1C69209993A4',
    time: '2025-11-23 18:45:00',
    vile: '5',
    pills: 1,
    repeat: 10,
    reference: 109672,
    windowSize: 20,
    muted: '1'
  },
  {
    mac: '1C69209993A4',
    time: '2025-11-24 16:00:00',
    vile: '5',
    pills: 1,
    repeat: 10,
    reference: 109673,
    windowSize: 20,
    muted: '1'
  },
  {
    mac: '1C69209993A4',
    time: '2025-11-24 18:45:00',
    vile: '5',
    pills: 1,
    repeat: 10,
    reference: 109674,
    windowSize: 20,
    muted: '1'
  },
  {
    mac: '1C69209993A4',
    time: '2025-11-25 16:00:00',
    vile: '5',
    pills: 1,
    repeat: 10,
    reference: 109675,
    windowSize: 20,
    muted: '1'
  },
  {
    mac: '1C69209993A4',
    time: '2025-11-25 18:45:00',
    vile: '5',
    pills: 1,
    repeat: 10,
    reference: 109676,
    windowSize: 20,
    muted: '1'
  },
  {
    mac: '1C69209993A4',
    time: '2025-11-26 16:00:00',
    vile: '5',
    pills: 1,
    repeat: 10,
    reference: 109677,
    windowSize: 20,
    muted: '1'
  },
  {
    mac: '1C69209993A4',
    time: '2025-11-26 18:45:00',
    vile: '5',
    pills: 1,
    repeat: 10,
    reference: 109678,
    windowSize: 20,
    muted: '1'
  }
]
109499
2025-10-13 15:00:00
2025-10-13 17:45:00
2025-10-14 15:00:00
2025-10-14 17:45:00
2025-10-15 15:00:00
2025-10-15 17:45:00
2025-10-16 15:00:00
2025-10-16 17:45:00
2025-10-17 15:00:00
2025-10-17 17:45:00
2025-10-18 15:00:00
2025-10-18 17:45:00
2025-10-19 15:00:00
2025-10-19 17:45:00
2025-10-20 15:00:00
2025-10-20 17:45:00
2025-10-21 15:00:00
2025-10-21 17:45:00
2025-10-22 15:00:00
2025-10-22 17:45:00
2025-10-23 15:00:00
2025-10-23 17:45:00
2025-10-24 15:00:00
2025-10-24 17:45:00
2025-10-25 15:00:00
2025-10-25 17:45:00
2025-10-26 15:00:00
2025-10-26 17:45:00
2025-10-27 15:00:00
2025-10-27 17:45:00
2025-10-28 15:00:00
2025-10-28 17:45:00
2025-10-29 15:00:00
2025-10-29 17:45:00
2025-10-30 15:00:00
2025-10-30 17:45:00
2025-10-31 15:00:00
2025-10-31 17:45:00
2025-11-01 15:00:00
2025-11-01 17:45:00
2025-11-02 16:00:00
2025-11-02 18:45:00
2025-11-03 16:00:00
2025-11-03 18:45:00
2025-11-04 16:00:00
2025-11-04 18:45:00
2025-11-05 16:00:00
2025-11-05 18:45:00
2025-11-06 16:00:00
2025-11-06 18:45:00
2025-11-07 16:00:00
2025-11-07 18:45:00
2025-11-08 16:00:00
2025-11-08 18:45:00
2025-11-09 16:00:00
2025-11-09 18:45:00
2025-11-10 16:00:00
2025-11-10 18:45:00
2025-11-11 16:00:00
2025-11-11 18:45:00
2025-11-12 16:00:00
2025-11-12 18:45:00
2025-11-13 16:00:00
2025-11-13 18:45:00
2025-11-14 16:00:00
2025-11-14 18:45:00
2025-11-15 16:00:00
2025-11-15 18:45:00
2025-11-16 16:00:00
2025-11-16 18:45:00
2025-11-17 16:00:00
2025-11-17 18:45:00
2025-11-18 16:00:00
2025-11-18 18:45:00
2025-11-19 16:00:00
2025-11-19 18:45:00
2025-11-20 16:00:00
2025-11-20 18:45:00
2025-11-21 16:00:00
2025-11-21 18:45:00
2025-11-22 16:00:00
2025-11-22 18:45:00
2025-11-23 16:00:00
2025-11-23 18:45:00
2025-11-24 16:00:00
2025-11-24 18:45:00
2025-11-25 16:00:00
2025-11-25 18:45:00
2025-11-26 16:00:00
2025-11-26 18:45:00
MedRef {
  id: 4702,
  reference: 109499,
  medicine: MedMeta {
    id: 174,
    reference: 109588,
    windowSize: 20,
    snoozeTime: 10,
    mute: false,
    count: 90,
    interval: 1440,
    timings: [ '29339460', '29339625', '29368320', '29368485' ],
    vial: 4,
    fetched: false
  }
}
[
  109678,
  0,
  4,
  20,
  10,
  1440,
  90,
  [ 29339460, 29339625, 29368320, 29368485 ],
  109588
]
undefined
sending medicine for 1C69209993A4
{
  event: '1C69209993A4',
  data: '{"event":"medicine","data":[109678,0,4,20,10,1440,90,[29339460,29339625,29368320,29368485],109588]}'
}
undefined
resending medicine for 1C69209993A4
{
  event: '1C69209993A4',
  data: '{"event":"medicine","data":[109678,0,4,20,10,1440,90,[29339460,29339625,29368320,29368485],109588]}'
}
resending medicine for 1C69209993A4
{
  event: '1C69209993A4',
  data: '{"event":"medicine","data":[109678,0,4,20,10,1440,90,[29339460,29339625,29368320,29368485],109588]}'
}
resending medicine for 1C69209993A4
{
  event: '1C69209993A4',
  data: '{"event":"medicine","data":[109678,0,4,20,10,1440,90,[29339460,29339625,29368320,29368485],109588]}'
}
resending medicine for 1C69209993A4
{
  event: '1C69209993A4',
  data: '{"event":"medicine","data":[109678,0,4,20,10,1440,90,[29339460,29339625,29368320,29368485],109588]}'
}
resending medicine for 1C69209993A4
{
  event: '1C69209993A4',
  data: '{"event":"medicine","data":[109678,0,4,20,10,1440,90,[29339460,29339625,29368320,29368485],109588]}'
}
94967
v2_5:connect ["1C69209993A4","sim",0,"5D9D:0061B4",22,"2.5.02",0]
["1C69209993A4","sim",0,"5D9D:0061B4",22,"2.5.02",0]
{
  mac: '1C69209993A4',
  mode: 'sim',
  state: 0,
  apName: '5D9D:0061B4',
  apPass: 22,
  version: '2.5.02',
  manual_reset: 0
}
{
  event: '1C69209993A4',
  data: '{"event":"utc-now","data":1760367456}'
}
utc done
state does not match
updating connection {
  id: 24,
  state: 1,
  currentVersion: '2.5.02',
  newVersion: '2.5.02',
  mac: '1C69209993A4',
  volume: 100,
  type: 'pillbox-v2_5',
  env: 'sit',
  charging: true,
  resetRequired: false,
  compartments: '001001',
  operationMode: 'sim',
  battery: 100,
  heartbeat: 2025-10-01T16:13:35.000Z,
  online: true,
  viles: '001010',
  lac: '5D9D',
  ci: '0061B4',
  strength: 22
}
["1C69209993A4","3","2","0","2025-10-13 14:52:20","sit"]
{ success: true, message: 'Success.', data: [] }
cmp [ '0', '0', '0', '0', '0', '1' ]
log-data {
  pb_device_unique_id: '1C69209993A4',
  box_comp_id: 3,
  id: 0,
  battery_status: 100,
  taken_time: '2025-10-13 14:52:20',
  device_type: 'pillbox-v2_5',
  cbs: '000001',
  vilePosition: '000001',
  env: 'sit'
}
{ success: true, message: 'Success.', data: [] }
{ event: '1C69209993A4', data: '{"event":"clear-log","data":[3]}' }
Connected clients:  5
{
  event: '1C69209993A4',
  data: '{"event":"medicine","data":[109678,1,4,20,10,1440,90,["29339460","29339625","29368320","29368485"]]}'
}
clearing medicine informer for 1C69209993A4
medicine fetched UpdateResult { generatedMaps: [], raw: [], affected: 1 }
{ event: '1C69209993A4', data: '{"event":"hb","data":1760367576010}' }
v2_5:vp {"mac":"1C69209993A4","vials":"001011"}
{ mac: '1C69209993A4', vials: '001011' }
{ event: '1C69209993A4', data: '{"event":"v2_5:vpr","data":""}' }
{
  mac: '1C69209993A4',
  id: '4',
  vial: '4',
  ref: '109589',
  instant: '2025-10-13 15:00:25'
}
{ event: '1C69209993A4', data: '{"event":"clear-log","data":[4]}' }
cmp [ '0', '0', '1', '0', '0', '1' ]
log-data {
  pb_device_unique_id: '1C69209993A4',
  box_comp_id: 5,
  id: 109589,
  battery_status: 100,
  taken_time: '2025-10-13 15:00:25',
  device_type: 'pillbox-v2_5',
  cbs: '001001',
  vilePosition: '001001',
  env: 'sit'
}
{ success: true, message: 'Success.', data: [] }
v2_5:vp {"mac":"1C69209993A4","vials":"001011"}
{ mac: '1C69209993A4', vials: '001011' }
{ event: '1C69209993A4', data: '{"event":"v2_5:vpr","data":""}' }
["1C69209993A4","5","4","0","2025-10-13 15:00:33","sit"]
cmp [ '0', '0', '1', '0', '0', '1' ]
log-data {
  pb_device_unique_id: '1C69209993A4',
  box_comp_id: 5,
  id: 0,
  battery_status: 100,
  taken_time: '2025-10-13 15:00:33',
  device_type: 'pillbox-v2_5',
  cbs: '001001',
  vilePosition: '001001',
  env: 'sit'
}
{ success: true, message: 'Success.', data: [] }
v2_5:vp {"mac":"1C69209993A4","vials":"001011"}
{ mac: '1C69209993A4', vials: '001011' }
{ event: '1C69209993A4', data: '{"event":"v2_5:vpr","data":""}' }
{ event: '1C69209993A4', data: '{"event":"clear-log","data":[5]}' }
["1C69209993A4","6","4","0","2025-10-13 15:00:52","sit"]
cmp [ '0', '0', '1', '0', '0', '1' ]
log-data {
  pb_device_unique_id: '1C69209993A4',
  box_comp_id: 5,
  id: 0,
  battery_status: 100,
  taken_time: '2025-10-13 15:00:52',
  device_type: 'pillbox-v2_5',
  cbs: '001001',
  vilePosition: '001001',
  env: 'sit'
}
{ success: true, message: 'Success.', data: [] }
v2_5:vp {"mac":"1C69209993A4","vials":"001011"}
{ mac: '1C69209993A4', vials: '001011' }
{ event: '1C69209993A4', data: '{"event":"v2_5:vpr","data":""}' }
{ event: '1C69209993A4', data: '{"event":"clear-log","data":[6]}' }
["1C69209993A4","7","4","0","2025-10-13 15:01:15","sit"]
cmp [ '0', '0', '1', '0', '0', '1' ]
log-data {
  pb_device_unique_id: '1C69209993A4',
  box_comp_id: 5,
  id: 0,
  battery_status: 100,
  taken_time: '2025-10-13 15:01:15',
  device_type: 'pillbox-v2_5',
  cbs: '001001',
  vilePosition: '001001',
  env: 'sit'
}
{ success: true, message: 'Success.', data: [] }
v2_5:vp {"mac":"1C69209993A4","vials":"001011"}
{ mac: '1C69209993A4', vials: '001011' }
{ event: '1C69209993A4', data: '{"event":"v2_5:vpr","data":""}' }
{ event: '1C69209993A4', data: '{"event":"clear-log","data":[7]}' }
{ event: '1C69209993A4', data: '{"event":"hb","data":1760367798911}' }
{ event: '1C69209993A4', data: '{"event":"hb","data":1760367918911}' }
{ event: '1C69209993A4', data: '{"event":"hb","data":1760368038911}' }
{ event: '1C69209993A4', data: '{"event":"hb","data":1760368158911}' }
["1C69209993A4","8","4","0","2025-10-13 15:10:38","sit"]
cmp [ '0', '0', '1', '0', '0', '1' ]
log-data {
  pb_device_unique_id: '1C69209993A4',
  box_comp_id: 5,
  id: 0,
  battery_status: 100,
  taken_time: '2025-10-13 15:10:38',
  device_type: 'pillbox-v2_5',
  cbs: '001001',
  vilePosition: '001001',
  env: 'sit'
}
v2_5:vp {"mac":"1C69209993A4","vials":"001011"}
{ mac: '1C69209993A4', vials: '001011' }
{ event: '1C69209993A4', data: '{"event":"v2_5:vpr","data":""}' }
{ success: true, message: 'Success.', data: [] }
{ event: '1C69209993A4', data: '{"event":"clear-log","data":[8]}' }
{ event: '1C69209993A4', data: '{"event":"hb","data":1760368361711}' }
{ event: '1C69209993A4', data: '{"event":"hb","data":1760368481711}' }
{ event: '1C69209993A4', data: '{"event":"hb","data":1760368601711}' }
{ event: '1C69209993A4', data: '{"event":"hb","data":1760368721712}' }
{ event: '1C69209993A4', data: '{"event":"hb","data":1760368841712}' }
{ event: '1C69209993A4', data: '{"event":"hb","data":1760368961713}' }
{ event: '1C69209993A4', data: '{"event":"hb","data":1760369081712}' }
{ event: '1C69209993A4', data: '{"event":"hb","data":1760369201713}' }
{ event: '1C69209993A4', data: '{"event":"hb","data":1760369321713}' }
v2_5:shutdown 1C69209993A4
Connected clients:  4
disconnetion reported after 1 minute
v2_5:connect ["1C69209993A4","sim",0,"5D9D:0061B4",22,"2.5.02",0]
["1C69209993A4","sim",0,"5D9D:0061B4",22,"2.5.02",0]
{
  mac: '1C69209993A4',
  mode: 'sim',
  state: 0,
  apName: '5D9D:0061B4',
  apPass: 22,
  version: '2.5.02',
  manual_reset: 0
}
{
  event: '1C69209993A4',
  data: '{"event":"utc-now","data":1760370314}'
}
utc done
state does not match
updating connection {
  id: 24,
  state: 1,
  currentVersion: '2.5.02',
  newVersion: '2.5.02',
  mac: '1C69209993A4',
  volume: 100,
  type: 'pillbox-v2_5',
  env: 'sit',
  charging: true,
  resetRequired: false,
  compartments: '001011',
  operationMode: 'sim',
  battery: 100,
  heartbeat: 2025-10-01T16:13:35.000Z,
  online: true,
  viles: '001010',
  lac: '5D9D',
  ci: '0061B4',
  strength: 22
}
{ success: true, message: 'Success.', data: [] }
Connected clients:  5
{ event: '1C69209993A4', data: '{"event":"hb","data":1760370434204}' }
Connected clients:  6
{ event: '1C69209993A4', data: '{"event":"hb","data":1760370554204}' }
{ event: '1C69209993A4', data: '{"event":"hb","data":1760370674204}' }
Connected clients:  5
{ event: '1C69209993A4', data: '{"event":"hb","data":1760370794204}' }
{ event: '1C69209993A4', data: '{"event":"hb","data":1760370914204}' }
{ event: '1C69209993A4', data: '{"event":"hb","data":1760371034204}' }
{ event: '1C69209993A4', data: '{"event":"hb","data":1760371154205}' }
{ event: '1C69209993A4', data: '{"event":"hb","data":1760371274204}' }
{ event: '1C69209993A4', data: '{"event":"hb","data":1760371394205}' }
{ event: '1C69209993A4', data: '{"event":"hb","data":1760371514206}' }
{ event: '1C69209993A4', data: '{"event":"hb","data":1760371634206}' }
{ event: '1C69209993A4', data: '{"event":"hb","data":1760371754206}' }
{ event: '1C69209993A4', data: '{"event":"hb","data":1760371874206}' }
{ event: '1C69209993A4', data: '{"event":"hb","data":1760371994207}' }
108229
{ event: '1C69209993A4', data: '{"event":"hb","data":1760372114206}' }
{ event: '1C69209993A4', data: '{"event":"hb","data":1760372234207}' }
v2_5:shutdown 1C69209993A4
Connected clients:  4
disconnetion reported after 1 minute
v2_5:connect ["1C69209993A4","sim",0,"5D9D:0061B4",21,"2.5.02",0]
["1C69209993A4","sim",0,"5D9D:0061B4",21,"2.5.02",0]
{
  mac: '1C69209993A4',
  mode: 'sim',
  state: 0,
  apName: '5D9D:0061B4',
  apPass: 21,
  version: '2.5.02',
  manual_reset: 0
}
{
  event: '1C69209993A4',
  data: '{"event":"utc-now","data":1760373166}'
}
utc done
state does not match
updating connection {
  id: 24,
  state: 1,
  currentVersion: '2.5.02',
  newVersion: '2.5.02',
  mac: '1C69209993A4',
  volume: 100,
  type: 'pillbox-v2_5',
  env: 'sit',
  charging: true,
  resetRequired: false,
  compartments: '001011',
  operationMode: 'sim',
  battery: 100,
  heartbeat: 2025-10-01T16:13:35.000Z,
  online: true,
  viles: '001010',
  lac: '5D9D',
  ci: '0061B4',
  strength: 21
}
{ success: true, message: 'Success.', data: [] }
Connected clients:  5
{ event: '1C69209993A4', data: '{"event":"hb","data":1760373286292}' }
{ event: '1C69209993A4', data: '{"event":"hb","data":1760373406292}' }
{ event: '1C69209993A4', data: '{"event":"hb","data":1760373526291}' }
{ event: '1C69209993A4', data: '{"event":"hb","data":1760373646292}' }
{ event: '1C69209993A4', data: '{"event":"hb","data":1760373766292}' }
{ event: '1C69209993A4', data: '{"event":"hb","data":1760373886292}' }
{ event: '1C69209993A4', data: '{"event":"hb","data":1760374006293}' }
{ event: '1C69209993A4', data: '{"event":"hb","data":1760374126293}' }
{ event: '1C69209993A4', data: '{"event":"hb","data":1760374246293}' }
{ event: '1C69209993A4', data: '{"event":"hb","data":1760374366294}' }
{ event: '1C69209993A4', data: '{"event":"hb","data":1760374486293}' }
{ event: '1C69209993A4', data: '{"event":"hb","data":1760374606294}' }
{ event: '1C69209993A4', data: '{"event":"hb","data":1760374726294}' }
{ event: '1C69209993A4', data: '{"event":"hb","data":1760374846295}' }
{ event: '1C69209993A4', data: '{"event":"hb","data":1760374966295}' }
{ event: '1C69209993A4', data: '{"event":"hb","data":1760375086295}' }
v2_5:shutdown 1C69209993A4
Connected clients:  4
disconnetion reported after 1 minute
Connected clients:  5
108867
Connected clients:  4
v2_5:connect ["1C69209993A4","sim",0,"5D9D:0061B4",21,"2.5.02",0]
["1C69209993A4","sim",0,"5D9D:0061B4",21,"2.5.02",0]
{
  mac: '1C69209993A4',
  mode: 'sim',
  state: 0,
  apName: '5D9D:0061B4',
  apPass: 21,
  version: '2.5.02',
  manual_reset: 0
}
{
  event: '1C69209993A4',
  data: '{"event":"utc-now","data":1760375778}'
}
utc done
state does not match
updating connection {
  id: 24,
  state: 1,
  currentVersion: '2.5.02',
  newVersion: '2.5.02',
  mac: '1C69209993A4',
  volume: 100,
  type: 'pillbox-v2_5',
  env: 'sit',
  charging: true,
  resetRequired: false,
  compartments: '001011',
  operationMode: 'sim',
  battery: 100,
  heartbeat: 2025-10-01T16:13:35.000Z,
  online: true,
  viles: '001010',
  lac: '5D9D',
  ci: '0061B4',
  strength: 21
}
resetting device 1C69209993A4
{ event: '1C69209993A4', data: '{"event":"reset","data":""}' }
{ success: true, message: 'Success.', data: [] }
Connected clients:  5
v2_5:connect ["1C69209993A4","sim",0,"5D9D:0061B4",21,"2.5.02",1]
["1C69209993A4","sim",0,"5D9D:0061B4",21,"2.5.02",1]
{
  mac: '1C69209993A4',
  mode: 'sim',
  state: 0,
  apName: '5D9D:0061B4',
  apPass: 21,
  version: '2.5.02',
  manual_reset: 1
}
resetting device 1C69209993A4
{
  event: '1C69209993A4',
  data: '{"event":"utc-now","data":1760375789}'
}
utc done
state does not match
updating connection {
  id: 24,
  state: 1,
  currentVersion: '2.5.02',
  newVersion: '2.5.02',
  mac: '1C69209993A4',
  volume: 100,
  type: 'pillbox-v2_5',
  env: 'sit',
  charging: true,
  resetRequired: false,
  compartments: '001011',
  operationMode: 'sim',
  battery: 100,
  heartbeat: 2025-10-01T16:13:35.000Z,
  online: true,
  viles: '000000',
  lac: '5D9D',
  ci: '0061B4',
  strength: 21
}
{ success: true, message: 'Success.', data: [] }
{ event: '1C69209993A4', data: '{"event":"hb","data":1760375909334}' }
{ event: '1C69209993A4', data: '{"event":"hb","data":1760376029334}' }
starting app over http
Server listening on port 3002
MQTT connection established
pillbox events registered
medicine events registered
log events registered
Device events registered
connected to Mqtt broker
database successfully initialized
v2_5:connect ["1C69209993A4","sim",0,"5D9D:0061B4",22,"2.5.02",0]
["1C69209993A4","sim",0,"5D9D:0061B4",22,"2.5.02",0]
{
  mac: '1C69209993A4',
  mode: 'sim',
  state: 0,
  apName: '5D9D:0061B4',
  apPass: 22,
  version: '2.5.02',
  manual_reset: 0
}
{
  event: '1C69209993A4',
  data: '{"event":"utc-now","data":1760376640}'
}
utc done
state does not match
updating connection {
  id: 24,
  state: 1,
  currentVersion: '2.5.02',
  newVersion: '2.5.02',
  mac: '1C69209993A4',
  volume: 100,
  type: 'pillbox-v2_5',
  env: 'sit',
  charging: true,
  resetRequired: false,
  compartments: '001011',
  operationMode: 'sim',
  battery: 100,
  heartbeat: 2025-10-01T16:13:35.000Z,
  online: true,
  viles: '000000',
  lac: '5D9D',
  ci: '0061B4',
  strength: 22
}
{ success: true, message: 'Success.', data: [] }
starting app over http
Server listening on port 3002
MQTT connection established
pillbox events registered
medicine events registered
log events registered
Device events registered
connected to Mqtt broker
database successfully initialized
Connected clients:  5
v2_5:connect ["1C69209993A4","sim",0,"5D9D:0061B4",22,"2.5.02",0]
["1C69209993A4","sim",0,"5D9D:0061B4",22,"2.5.02",0]
{
  mac: '1C69209993A4',
  mode: 'sim',
  state: 0,
  apName: '5D9D:0061B4',
  apPass: 22,
  version: '2.5.02',
  manual_reset: 0
}
{
  event: '1C69209993A4',
  data: '{"event":"utc-now","data":1760376925}'
}
utc done
state does not match
updating connection {
  id: 24,
  state: 1,
  currentVersion: '2.5.02',
  newVersion: '2.5.02',
  mac: '1C69209993A4',
  volume: 100,
  type: 'pillbox-v2_5',
  env: 'sit',
  charging: true,
  resetRequired: false,
  compartments: '001011',
  operationMode: 'sim',
  battery: 100,
  heartbeat: 2025-10-01T16:13:35.000Z,
  online: true,
  viles: '000000',
  lac: '5D9D',
  ci: '0061B4',
  strength: 22
}
{ success: true, message: 'Success.', data: [] }
{ event: '1C69209993A4', data: '{"event":"hb","data":1760377045290}' }
v2_5:shutdown 1C69209993A4
Connected clients:  4
v2_5:connect ["1C69209993A4","sim",0,"5D9D:0061B4",21,"2.5.02",0]
["1C69209993A4","sim",0,"5D9D:0061B4",21,"2.5.02",0]
{
  mac: '1C69209993A4',
  mode: 'sim',
  state: 0,
  apName: '5D9D:0061B4',
  apPass: 21,
  version: '2.5.02',
  manual_reset: 0
}
{
  event: '1C69209993A4',
  data: '{"event":"utc-now","data":1760377127}'
}
utc done
state does not match
updating connection {
  id: 24,
  state: 1,
  currentVersion: '2.5.02',
  newVersion: '2.5.02',
  mac: '1C69209993A4',
  volume: 100,
  type: 'pillbox-v2_5',
  env: 'sit',
  charging: true,
  resetRequired: false,
  compartments: '001011',
  operationMode: 'sim',
  battery: 100,
  heartbeat: 2025-10-01T16:13:35.000Z,
  online: true,
  viles: '000000',
  lac: '5D9D',
  ci: '0061B4',
  strength: 21
}
{ success: true, message: 'Success.', data: [] }
Connected clients:  5
[
  108868, 108869, 108870, 108871, 108872, 108873,
  108874, 108875, 108876, 108877, 108878, 108879,
  108880, 108881, 108882, 108883, 108884, 108885,
  108886, 108887, 108888, 108889, 108890, 108891,
  108892, 108893, 108894, 108895, 108896, 108897,
  108898, 108899, 108900, 108901, 108902, 108903,
  108904, 108905, 108906, 108907, 108908, 108909,
  108910, 108911, 108912, 108913, 108914, 108915,
  108916, 108917, 108918, 108919, 108920, 108921,
  108922, 108923, 108924, 108925, 108926, 108927,
  108928, 108929, 108930, 108931, 108932, 108933,
  108934, 108935, 108936, 108937, 108938, 108939,
  108940, 108941, 108942, 108943, 108944, 108945,
  108946, 108947, 108948, 108949, 108950, 108951
]
[
  109591, 109593, 109595, 109597, 109599,
  109601, 109603, 109605, 109607, 109609,
  109611, 109613, 109615, 109617, 109619,
  109621, 109623, 109625, 109627, 109629,
  109631, 109633, 109635, 109637, 109639,
  109641, 109643, 109645, 109647, 109649,
  109651, 109653, 109655, 109657, 109659,
  109661, 109663, 109665, 109667, 109669,
  109671, 109673, 109675, 109677
]
[
  109590, 109592, 109594, 109596, 109598,
  109600, 109602, 109604, 109606, 109608,
  109610, 109612, 109614, 109616, 109618,
  109620, 109622, 109624, 109626, 109628,
  109630, 109632, 109634, 109636, 109638,
  109640, 109642, 109644, 109646, 109648,
  109650, 109652, 109654, 109656, 109658,
  109660, 109662, 109664, 109666, 109668,
  109670, 109672, 109674, 109676, 109678
]
{ event: '1C69209993A4', data: '{"event":"hb","data":1760377247413}' }
{
  mac: '1C69209993A4',
  ref: 109684,
  schedules: [
    {
      mac: '1C69209993A4',
      time: '2025-10-13 18:00:00',
      vile: '1',
      pills: 1,
      repeat: 10,
      reference: 109864,
      windowSize: 20,
      muted: '1'
    },
    {
      mac: '1C69209993A4',
      time: '2025-10-14 18:00:00',
      vile: '1',
      pills: 1,
      repeat: 10,
      reference: 109865,
      windowSize: 20,
      muted: '1'
    },
    {
      mac: '1C69209993A4',
      time: '2025-10-15 18:00:00',
      vile: '1',
      pills: 1,
      repeat: 10,
      reference: 109866,
      windowSize: 20,
      muted: '1'
    },
    {
      mac: '1C69209993A4',
      time: '2025-10-16 18:00:00',
      vile: '1',
      pills: 1,
      repeat: 10,
      reference: 109867,
      windowSize: 20,
      muted: '1'
    },
    {
      mac: '1C69209993A4',
      time: '2025-10-17 18:00:00',
      vile: '1',
      pills: 1,
      repeat: 10,
      reference: 109868,
      windowSize: 20,
      muted: '1'
    },
    {
      mac: '1C69209993A4',
      time: '2025-10-18 18:00:00',
      vile: '1',
      pills: 1,
      repeat: 10,
      reference: 109869,
      windowSize: 20,
      muted: '1'
    },
    {
      mac: '1C69209993A4',
      time: '2025-10-19 18:00:00',
      vile: '1',
      pills: 1,
      repeat: 10,
      reference: 109870,
      windowSize: 20,
      muted: '1'
    },
    {
      mac: '1C69209993A4',
      time: '2025-10-20 18:00:00',
      vile: '1',
      pills: 1,
      repeat: 10,
      reference: 109871,
      windowSize: 20,
      muted: '1'
    },
    {
      mac: '1C69209993A4',
      time: '2025-10-21 18:00:00',
      vile: '1',
      pills: 1,
      repeat: 10,
      reference: 109872,
      windowSize: 20,
      muted: '1'
    },
    {
      mac: '1C69209993A4',
      time: '2025-10-22 18:00:00',
      vile: '1',
      pills: 1,
      repeat: 10,
      reference: 109873,
      windowSize: 20,
      muted: '1'
    },
    {
      mac: '1C69209993A4',
      time: '2025-10-23 18:00:00',
      vile: '1',
      pills: 1,
      repeat: 10,
      reference: 109874,
      windowSize: 20,
      muted: '1'
    },
    {
      mac: '1C69209993A4',
      time: '2025-10-24 18:00:00',
      vile: '1',
      pills: 1,
      repeat: 10,
      reference: 109875,
      windowSize: 20,
      muted: '1'
    },
    {
      mac: '1C69209993A4',
      time: '2025-10-25 18:00:00',
      vile: '1',
      pills: 1,
      repeat: 10,
      reference: 109876,
      windowSize: 20,
      muted: '1'
    },
    {
      mac: '1C69209993A4',
      time: '2025-10-26 18:00:00',
      vile: '1',
      pills: 1,
      repeat: 10,
      reference: 109877,
      windowSize: 20,
      muted: '1'
    },
    {
      mac: '1C69209993A4',
      time: '2025-10-27 18:00:00',
      vile: '1',
      pills: 1,
      repeat: 10,
      reference: 109878,
      windowSize: 20,
      muted: '1'
    },
    {
      mac: '1C69209993A4',
      time: '2025-10-28 18:00:00',
      vile: '1',
      pills: 1,
      repeat: 10,
      reference: 109879,
      windowSize: 20,
      muted: '1'
    },
    {
      mac: '1C69209993A4',
      time: '2025-10-29 18:00:00',
      vile: '1',
      pills: 1,
      repeat: 10,
      reference: 109880,
      windowSize: 20,
      muted: '1'
    },
    {
      mac: '1C69209993A4',
      time: '2025-10-30 18:00:00',
      vile: '1',
      pills: 1,
      repeat: 10,
      reference: 109881,
      windowSize: 20,
      muted: '1'
    },
    {
      mac: '1C69209993A4',
      time: '2025-10-31 18:00:00',
      vile: '1',
      pills: 1,
      repeat: 10,
      reference: 109882,
      windowSize: 20,
      muted: '1'
    },
    {
      mac: '1C69209993A4',
      time: '2025-11-01 18:00:00',
      vile: '1',
      pills: 1,
      repeat: 10,
      reference: 109883,
      windowSize: 20,
      muted: '1'
    },
    {
      mac: '1C69209993A4',
      time: '2025-11-02 19:00:00',
      vile: '1',
      pills: 1,
      repeat: 10,
      reference: 109884,
      windowSize: 20,
      muted: '1'
    },
    {
      mac: '1C69209993A4',
      time: '2025-11-03 19:00:00',
      vile: '1',
      pills: 1,
      repeat: 10,
      reference: 109885,
      windowSize: 20,
      muted: '1'
    },
    {
      mac: '1C69209993A4',
      time: '2025-11-04 19:00:00',
      vile: '1',
      pills: 1,
      repeat: 10,
      reference: 109886,
      windowSize: 20,
      muted: '1'
    },
    {
      mac: '1C69209993A4',
      time: '2025-11-05 19:00:00',
      vile: '1',
      pills: 1,
      repeat: 10,
      reference: 109887,
      windowSize: 20,
      muted: '1'
    },
    {
      mac: '1C69209993A4',
      time: '2025-11-06 19:00:00',
      vile: '1',
      pills: 1,
      repeat: 10,
      reference: 109888,
      windowSize: 20,
      muted: '1'
    },
    {
      mac: '1C69209993A4',
      time: '2025-11-07 19:00:00',
      vile: '1',
      pills: 1,
      repeat: 10,
      reference: 109889,
      windowSize: 20,
      muted: '1'
    },
    {
      mac: '1C69209993A4',
      time: '2025-11-08 19:00:00',
      vile: '1',
      pills: 1,
      repeat: 10,
      reference: 109890,
      windowSize: 20,
      muted: '1'
    },
    {
      mac: '1C69209993A4',
      time: '2025-11-09 19:00:00',
      vile: '1',
      pills: 1,
      repeat: 10,
      reference: 109891,
      windowSize: 20,
      muted: '1'
    },
    {
      mac: '1C69209993A4',
      time: '2025-11-10 19:00:00',
      vile: '1',
      pills: 1,
      repeat: 10,
      reference: 109892,
      windowSize: 20,
      muted: '1'
    },
    {
      mac: '1C69209993A4',
      time: '2025-11-11 19:00:00',
      vile: '1',
      pills: 1,
      repeat: 10,
      reference: 109893,
      windowSize: 20,
      muted: '1'
    },
    {
      mac: '1C69209993A4',
      time: '2025-11-12 19:00:00',
      vile: '1',
      pills: 1,
      repeat: 10,
      reference: 109894,
      windowSize: 20,
      muted: '1'
    },
    {
      mac: '1C69209993A4',
      time: '2025-11-13 19:00:00',
      vile: '1',
      pills: 1,
      repeat: 10,
      reference: 109895,
      windowSize: 20,
      muted: '1'
    },
    {
      mac: '1C69209993A4',
      time: '2025-11-14 19:00:00',
      vile: '1',
      pills: 1,
      repeat: 10,
      reference: 109896,
      windowSize: 20,
      muted: '1'
    },
    {
      mac: '1C69209993A4',
      time: '2025-11-15 19:00:00',
      vile: '1',
      pills: 1,
      repeat: 10,
      reference: 109897,
      windowSize: 20,
      muted: '1'
    },
    {
      mac: '1C69209993A4',
      time: '2025-11-16 19:00:00',
      vile: '1',
      pills: 1,
      repeat: 10,
      reference: 109898,
      windowSize: 20,
      muted: '1'
    },
    {
      mac: '1C69209993A4',
      time: '2025-11-17 19:00:00',
      vile: '1',
      pills: 1,
      repeat: 10,
      reference: 109899,
      windowSize: 20,
      muted: '1'
    },
    {
      mac: '1C69209993A4',
      time: '2025-11-18 19:00:00',
      vile: '1',
      pills: 1,
      repeat: 10,
      reference: 109900,
      windowSize: 20,
      muted: '1'
    },
    {
      mac: '1C69209993A4',
      time: '2025-11-19 19:00:00',
      vile: '1',
      pills: 1,
      repeat: 10,
      reference: 109901,
      windowSize: 20,
      muted: '1'
    },
    {
      mac: '1C69209993A4',
      time: '2025-11-20 19:00:00',
      vile: '1',
      pills: 1,
      repeat: 10,
      reference: 109902,
      windowSize: 20,
      muted: '1'
    },
    {
      mac: '1C69209993A4',
      time: '2025-11-21 19:00:00',
      vile: '1',
      pills: 1,
      repeat: 10,
      reference: 109903,
      windowSize: 20,
      muted: '1'
    },
    {
      mac: '1C69209993A4',
      time: '2025-11-22 19:00:00',
      vile: '1',
      pills: 1,
      repeat: 10,
      reference: 109904,
      windowSize: 20,
      muted: '1'
    },
    {
      mac: '1C69209993A4',
      time: '2025-11-23 19:00:00',
      vile: '1',
      pills: 1,
      repeat: 10,
      reference: 109905,
      windowSize: 20,
      muted: '1'
    },
    {
      mac: '1C69209993A4',
      time: '2025-11-24 19:00:00',
      vile: '1',
      pills: 1,
      repeat: 10,
      reference: 109906,
      windowSize: 20,
      muted: '1'
    },
    {
      mac: '1C69209993A4',
      time: '2025-11-25 19:00:00',
      vile: '1',
      pills: 1,
      repeat: 10,
      reference: 109907,
      windowSize: 20,
      muted: '1'
    },
    {
      mac: '1C69209993A4',
      time: '2025-11-26 19:00:00',
      vile: '1',
      pills: 1,
      repeat: 10,
      reference: 109908,
      windowSize: 20,
      muted: '1'
    },
    {
      mac: '1C69209993A4',
      time: '2025-11-27 19:00:00',
      vile: '1',
      pills: 1,
      repeat: 10,
      reference: 109909,
      windowSize: 20,
      muted: '1'
    },
    {
      mac: '1C69209993A4',
      time: '2025-11-28 19:00:00',
      vile: '1',
      pills: 1,
      repeat: 10,
      reference: 109910,
      windowSize: 20,
      muted: '1'
    },
    {
      mac: '1C69209993A4',
      time: '2025-11-29 19:00:00',
      vile: '1',
      pills: 1,
      repeat: 10,
      reference: 109911,
      windowSize: 20,
      muted: '1'
    },
    {
      mac: '1C69209993A4',
      time: '2025-11-30 19:00:00',
      vile: '1',
      pills: 1,
      repeat: 10,
      reference: 109912,
      windowSize: 20,
      muted: '1'
    },
    {
      mac: '1C69209993A4',
      time: '2025-12-01 19:00:00',
      vile: '1',
      pills: 1,
      repeat: 10,
      reference: 109913,
      windowSize: 20,
      muted: '1'
    },
    {
      mac: '1C69209993A4',
      time: '2025-12-02 19:00:00',
      vile: '1',
      pills: 1,
      repeat: 10,
      reference: 109914,
      windowSize: 20,
      muted: '1'
    },
    {
      mac: '1C69209993A4',
      time: '2025-12-03 19:00:00',
      vile: '1',
      pills: 1,
      repeat: 10,
      reference: 109915,
      windowSize: 20,
      muted: '1'
    },
    {
      mac: '1C69209993A4',
      time: '2025-12-04 19:00:00',
      vile: '1',
      pills: 1,
      repeat: 10,
      reference: 109916,
      windowSize: 20,
      muted: '1'
    },
    {
      mac: '1C69209993A4',
      time: '2025-12-05 19:00:00',
      vile: '1',
      pills: 1,
      repeat: 10,
      reference: 109917,
      windowSize: 20,
      muted: '1'
    },
    {
      mac: '1C69209993A4',
      time: '2025-12-06 19:00:00',
      vile: '1',
      pills: 1,
      repeat: 10,
      reference: 109918,
      windowSize: 20,
      muted: '1'
    },
    {
      mac: '1C69209993A4',
      time: '2025-12-07 19:00:00',
      vile: '1',
      pills: 1,
      repeat: 10,
      reference: 109919,
      windowSize: 20,
      muted: '1'
    },
    {
      mac: '1C69209993A4',
      time: '2025-12-08 19:00:00',
      vile: '1',
      pills: 1,
      repeat: 10,
      reference: 109920,
      windowSize: 20,
      muted: '1'
    },
    {
      mac: '1C69209993A4',
      time: '2025-12-09 19:00:00',
      vile: '1',
      pills: 1,
      repeat: 10,
      reference: 109921,
      windowSize: 20,
      muted: '1'
    },
    {
      mac: '1C69209993A4',
      time: '2025-12-10 19:00:00',
      vile: '1',
      pills: 1,
      repeat: 10,
      reference: 109922,
      windowSize: 20,
      muted: '1'
    },
    {
      mac: '1C69209993A4',
      time: '2025-12-11 19:00:00',
      vile: '1',
      pills: 1,
      repeat: 10,
      reference: 109923,
      windowSize: 20,
      muted: '1'
    },
    {
      mac: '1C69209993A4',
      time: '2025-12-12 19:00:00',
      vile: '1',
      pills: 1,
      repeat: 10,
      reference: 109924,
      windowSize: 20,
      muted: '1'
    },
    {
      mac: '1C69209993A4',
      time: '2025-12-13 19:00:00',
      vile: '1',
      pills: 1,
      repeat: 10,
      reference: 109925,
      windowSize: 20,
      muted: '1'
    },
    {
      mac: '1C69209993A4',
      time: '2025-12-14 19:00:00',
      vile: '1',
      pills: 1,
      repeat: 10,
      reference: 109926,
      windowSize: 20,
      muted: '1'
    },
    {
      mac: '1C69209993A4',
      time: '2025-12-15 19:00:00',
      vile: '1',
      pills: 1,
      repeat: 10,
      reference: 109927,
      windowSize: 20,
      muted: '1'
    },
    {
      mac: '1C69209993A4',
      time: '2025-12-16 19:00:00',
      vile: '1',
      pills: 1,
      repeat: 10,
      reference: 109928,
      windowSize: 20,
      muted: '1'
    },
    {
      mac: '1C69209993A4',
      time: '2025-12-17 19:00:00',
      vile: '1',
      pills: 1,
      repeat: 10,
      reference: 109929,
      windowSize: 20,
      muted: '1'
    },
    {
      mac: '1C69209993A4',
      time: '2025-12-18 19:00:00',
      vile: '1',
      pills: 1,
      repeat: 10,
      reference: 109930,
      windowSize: 20,
      muted: '1'
    },
    {
      mac: '1C69209993A4',
      time: '2025-12-19 19:00:00',
      vile: '1',
      pills: 1,
      repeat: 10,
      reference: 109931,
      windowSize: 20,
      muted: '1'
    },
    {
      mac: '1C69209993A4',
      time: '2025-12-20 19:00:00',
      vile: '1',
      pills: 1,
      repeat: 10,
      reference: 109932,
      windowSize: 20,
      muted: '1'
    },
    {
      mac: '1C69209993A4',
      time: '2025-12-21 19:00:00',
      vile: '1',
      pills: 1,
      repeat: 10,
      reference: 109933,
      windowSize: 20,
      muted: '1'
    },
    {
      mac: '1C69209993A4',
      time: '2025-12-22 19:00:00',
      vile: '1',
      pills: 1,
      repeat: 10,
      reference: 109934,
      windowSize: 20,
      muted: '1'
    },
    {
      mac: '1C69209993A4',
      time: '2025-12-23 19:00:00',
      vile: '1',
      pills: 1,
      repeat: 10,
      reference: 109935,
      windowSize: 20,
      muted: '1'
    },
    {
      mac: '1C69209993A4',
      time: '2025-12-24 19:00:00',
      vile: '1',
      pills: 1,
      repeat: 10,
      reference: 109936,
      windowSize: 20,
      muted: '1'
    },
    {
      mac: '1C69209993A4',
      time: '2025-12-25 19:00:00',
      vile: '1',
      pills: 1,
      repeat: 10,
      reference: 109937,
      windowSize: 20,
      muted: '1'
    },
    {
      mac: '1C69209993A4',
      time: '2025-12-26 19:00:00',
      vile: '1',
      pills: 1,
      repeat: 10,
      reference: 109938,
      windowSize: 20,
      muted: '1'
    },
    {
      mac: '1C69209993A4',
      time: '2025-12-27 19:00:00',
      vile: '1',
      pills: 1,
      repeat: 10,
      reference: 109939,
      windowSize: 20,
      muted: '1'
    },
    {
      mac: '1C69209993A4',
      time: '2025-12-28 19:00:00',
      vile: '1',
      pills: 1,
      repeat: 10,
      reference: 109940,
      windowSize: 20,
      muted: '1'
    },
    {
      mac: '1C69209993A4',
      time: '2025-12-29 19:00:00',
      vile: '1',
      pills: 1,
      repeat: 10,
      reference: 109941,
      windowSize: 20,
      muted: '1'
    },
    {
      mac: '1C69209993A4',
      time: '2025-12-30 19:00:00',
      vile: '1',
      pills: 1,
      repeat: 10,
      reference: 109942,
      windowSize: 20,
      muted: '1'
    },
    {
      mac: '1C69209993A4',
      time: '2025-12-31 19:00:00',
      vile: '1',
      pills: 1,
      repeat: 10,
      reference: 109943,
      windowSize: 20,
      muted: '1'
    },
    {
      mac: '1C69209993A4',
      time: '2026-01-01 19:00:00',
      vile: '1',
      pills: 1,
      repeat: 10,
      reference: 109944,
      windowSize: 20,
      muted: '1'
    },
    {
      mac: '1C69209993A4',
      time: '2026-01-02 19:00:00',
      vile: '1',
      pills: 1,
      repeat: 10,
      reference: 109945,
      windowSize: 20,
      muted: '1'
    },
    {
      mac: '1C69209993A4',
      time: '2026-01-03 19:00:00',
      vile: '1',
      pills: 1,
      repeat: 10,
      reference: 109946,
      windowSize: 20,
      muted: '1'
    },
    {
      mac: '1C69209993A4',
      time: '2026-01-04 19:00:00',
      vile: '1',
      pills: 1,
      repeat: 10,
      reference: 109947,
      windowSize: 20,
      muted: '1'
    },
    {
      mac: '1C69209993A4',
      time: '2026-01-05 19:00:00',
      vile: '1',
      pills: 1,
      repeat: 10,
      reference: 109948,
      windowSize: 20,
      muted: '1'
    },
    {
      mac: '1C69209993A4',
      time: '2026-01-06 19:00:00',
      vile: '1',
      pills: 1,
      repeat: 10,
      reference: 109949,
      windowSize: 20,
      muted: '1'
    },
    {
      mac: '1C69209993A4',
      time: '2026-01-07 19:00:00',
      vile: '1',
      pills: 1,
      repeat: 10,
      reference: 109950,
      windowSize: 20,
      muted: '1'
    },
    {
      mac: '1C69209993A4',
      time: '2026-01-08 19:00:00',
      vile: '1',
      pills: 1,
      repeat: 10,
      reference: 109951,
      windowSize: 20,
      muted: '1'
    },
    {
      mac: '1C69209993A4',
      time: '2026-01-09 19:00:00',
      vile: '1',
      pills: 1,
      repeat: 10,
      reference: 109952,
      windowSize: 20,
      muted: '1'
    },
    {
      mac: '1C69209993A4',
      time: '2026-01-10 19:00:00',
      vile: '1',
      pills: 1,
      repeat: 10,
      reference: 109953,
      windowSize: 20,
      muted: '1'
    }
  ],
  type: 'pillbox'
}
[
  {
    mac: '1C69209993A4',
    time: '2025-10-13 18:00:00',
    vile: '1',
    pills: 1,
    repeat: 10,
    reference: 109864,
    windowSize: 20,
    muted: '1'
  },
  {
    mac: '1C69209993A4',
    time: '2025-10-14 18:00:00',
    vile: '1',
    pills: 1,
    repeat: 10,
    reference: 109865,
    windowSize: 20,
    muted: '1'
  },
  {
    mac: '1C69209993A4',
    time: '2025-10-15 18:00:00',
    vile: '1',
    pills: 1,
    repeat: 10,
    reference: 109866,
    windowSize: 20,
    muted: '1'
  },
  {
    mac: '1C69209993A4',
    time: '2025-10-16 18:00:00',
    vile: '1',
    pills: 1,
    repeat: 10,
    reference: 109867,
    windowSize: 20,
    muted: '1'
  },
  {
    mac: '1C69209993A4',
    time: '2025-10-17 18:00:00',
    vile: '1',
    pills: 1,
    repeat: 10,
    reference: 109868,
    windowSize: 20,
    muted: '1'
  },
  {
    mac: '1C69209993A4',
    time: '2025-10-18 18:00:00',
    vile: '1',
    pills: 1,
    repeat: 10,
    reference: 109869,
    windowSize: 20,
    muted: '1'
  },
  {
    mac: '1C69209993A4',
    time: '2025-10-19 18:00:00',
    vile: '1',
    pills: 1,
    repeat: 10,
    reference: 109870,
    windowSize: 20,
    muted: '1'
  },
  {
    mac: '1C69209993A4',
    time: '2025-10-20 18:00:00',
    vile: '1',
    pills: 1,
    repeat: 10,
    reference: 109871,
    windowSize: 20,
    muted: '1'
  },
  {
    mac: '1C69209993A4',
    time: '2025-10-21 18:00:00',
    vile: '1',
    pills: 1,
    repeat: 10,
    reference: 109872,
    windowSize: 20,
    muted: '1'
  },
  {
    mac: '1C69209993A4',
    time: '2025-10-22 18:00:00',
    vile: '1',
    pills: 1,
    repeat: 10,
    reference: 109873,
    windowSize: 20,
    muted: '1'
  },
  {
    mac: '1C69209993A4',
    time: '2025-10-23 18:00:00',
    vile: '1',
    pills: 1,
    repeat: 10,
    reference: 109874,
    windowSize: 20,
    muted: '1'
  },
  {
    mac: '1C69209993A4',
    time: '2025-10-24 18:00:00',
    vile: '1',
    pills: 1,
    repeat: 10,
    reference: 109875,
    windowSize: 20,
    muted: '1'
  },
  {
    mac: '1C69209993A4',
    time: '2025-10-25 18:00:00',
    vile: '1',
    pills: 1,
    repeat: 10,
    reference: 109876,
    windowSize: 20,
    muted: '1'
  },
  {
    mac: '1C69209993A4',
    time: '2025-10-26 18:00:00',
    vile: '1',
    pills: 1,
    repeat: 10,
    reference: 109877,
    windowSize: 20,
    muted: '1'
  },
  {
    mac: '1C69209993A4',
    time: '2025-10-27 18:00:00',
    vile: '1',
    pills: 1,
    repeat: 10,
    reference: 109878,
    windowSize: 20,
    muted: '1'
  },
  {
    mac: '1C69209993A4',
    time: '2025-10-28 18:00:00',
    vile: '1',
    pills: 1,
    repeat: 10,
    reference: 109879,
    windowSize: 20,
    muted: '1'
  },
  {
    mac: '1C69209993A4',
    time: '2025-10-29 18:00:00',
    vile: '1',
    pills: 1,
    repeat: 10,
    reference: 109880,
    windowSize: 20,
    muted: '1'
  },
  {
    mac: '1C69209993A4',
    time: '2025-10-30 18:00:00',
    vile: '1',
    pills: 1,
    repeat: 10,
    reference: 109881,
    windowSize: 20,
    muted: '1'
  },
  {
    mac: '1C69209993A4',
    time: '2025-10-31 18:00:00',
    vile: '1',
    pills: 1,
    repeat: 10,
    reference: 109882,
    windowSize: 20,
    muted: '1'
  },
  {
    mac: '1C69209993A4',
    time: '2025-11-01 18:00:00',
    vile: '1',
    pills: 1,
    repeat: 10,
    reference: 109883,
    windowSize: 20,
    muted: '1'
  },
  {
    mac: '1C69209993A4',
    time: '2025-11-02 19:00:00',
    vile: '1',
    pills: 1,
    repeat: 10,
    reference: 109884,
    windowSize: 20,
    muted: '1'
  },
  {
    mac: '1C69209993A4',
    time: '2025-11-03 19:00:00',
    vile: '1',
    pills: 1,
    repeat: 10,
    reference: 109885,
    windowSize: 20,
    muted: '1'
  },
  {
    mac: '1C69209993A4',
    time: '2025-11-04 19:00:00',
    vile: '1',
    pills: 1,
    repeat: 10,
    reference: 109886,
    windowSize: 20,
    muted: '1'
  },
  {
    mac: '1C69209993A4',
    time: '2025-11-05 19:00:00',
    vile: '1',
    pills: 1,
    repeat: 10,
    reference: 109887,
    windowSize: 20,
    muted: '1'
  },
  {
    mac: '1C69209993A4',
    time: '2025-11-06 19:00:00',
    vile: '1',
    pills: 1,
    repeat: 10,
    reference: 109888,
    windowSize: 20,
    muted: '1'
  },
  {
    mac: '1C69209993A4',
    time: '2025-11-07 19:00:00',
    vile: '1',
    pills: 1,
    repeat: 10,
    reference: 109889,
    windowSize: 20,
    muted: '1'
  },
  {
    mac: '1C69209993A4',
    time: '2025-11-08 19:00:00',
    vile: '1',
    pills: 1,
    repeat: 10,
    reference: 109890,
    windowSize: 20,
    muted: '1'
  },
  {
    mac: '1C69209993A4',
    time: '2025-11-09 19:00:00',
    vile: '1',
    pills: 1,
    repeat: 10,
    reference: 109891,
    windowSize: 20,
    muted: '1'
  },
  {
    mac: '1C69209993A4',
    time: '2025-11-10 19:00:00',
    vile: '1',
    pills: 1,
    repeat: 10,
    reference: 109892,
    windowSize: 20,
    muted: '1'
  },
  {
    mac: '1C69209993A4',
    time: '2025-11-11 19:00:00',
    vile: '1',
    pills: 1,
    repeat: 10,
    reference: 109893,
    windowSize: 20,
    muted: '1'
  },
  {
    mac: '1C69209993A4',
    time: '2025-11-12 19:00:00',
    vile: '1',
    pills: 1,
    repeat: 10,
    reference: 109894,
    windowSize: 20,
    muted: '1'
  },
  {
    mac: '1C69209993A4',
    time: '2025-11-13 19:00:00',
    vile: '1',
    pills: 1,
    repeat: 10,
    reference: 109895,
    windowSize: 20,
    muted: '1'
  },
  {
    mac: '1C69209993A4',
    time: '2025-11-14 19:00:00',
    vile: '1',
    pills: 1,
    repeat: 10,
    reference: 109896,
    windowSize: 20,
    muted: '1'
  },
  {
    mac: '1C69209993A4',
    time: '2025-11-15 19:00:00',
    vile: '1',
    pills: 1,
    repeat: 10,
    reference: 109897,
    windowSize: 20,
    muted: '1'
  },
  {
    mac: '1C69209993A4',
    time: '2025-11-16 19:00:00',
    vile: '1',
    pills: 1,
    repeat: 10,
    reference: 109898,
    windowSize: 20,
    muted: '1'
  },
  {
    mac: '1C69209993A4',
    time: '2025-11-17 19:00:00',
    vile: '1',
    pills: 1,
    repeat: 10,
    reference: 109899,
    windowSize: 20,
    muted: '1'
  },
  {
    mac: '1C69209993A4',
    time: '2025-11-18 19:00:00',
    vile: '1',
    pills: 1,
    repeat: 10,
    reference: 109900,
    windowSize: 20,
    muted: '1'
  },
  {
    mac: '1C69209993A4',
    time: '2025-11-19 19:00:00',
    vile: '1',
    pills: 1,
    repeat: 10,
    reference: 109901,
    windowSize: 20,
    muted: '1'
  },
  {
    mac: '1C69209993A4',
    time: '2025-11-20 19:00:00',
    vile: '1',
    pills: 1,
    repeat: 10,
    reference: 109902,
    windowSize: 20,
    muted: '1'
  },
  {
    mac: '1C69209993A4',
    time: '2025-11-21 19:00:00',
    vile: '1',
    pills: 1,
    repeat: 10,
    reference: 109903,
    windowSize: 20,
    muted: '1'
  },
  {
    mac: '1C69209993A4',
    time: '2025-11-22 19:00:00',
    vile: '1',
    pills: 1,
    repeat: 10,
    reference: 109904,
    windowSize: 20,
    muted: '1'
  },
  {
    mac: '1C69209993A4',
    time: '2025-11-23 19:00:00',
    vile: '1',
    pills: 1,
    repeat: 10,
    reference: 109905,
    windowSize: 20,
    muted: '1'
  },
  {
    mac: '1C69209993A4',
    time: '2025-11-24 19:00:00',
    vile: '1',
    pills: 1,
    repeat: 10,
    reference: 109906,
    windowSize: 20,
    muted: '1'
  },
  {
    mac: '1C69209993A4',
    time: '2025-11-25 19:00:00',
    vile: '1',
    pills: 1,
    repeat: 10,
    reference: 109907,
    windowSize: 20,
    muted: '1'
  },
  {
    mac: '1C69209993A4',
    time: '2025-11-26 19:00:00',
    vile: '1',
    pills: 1,
    repeat: 10,
    reference: 109908,
    windowSize: 20,
    muted: '1'
  },
  {
    mac: '1C69209993A4',
    time: '2025-11-27 19:00:00',
    vile: '1',
    pills: 1,
    repeat: 10,
    reference: 109909,
    windowSize: 20,
    muted: '1'
  },
  {
    mac: '1C69209993A4',
    time: '2025-11-28 19:00:00',
    vile: '1',
    pills: 1,
    repeat: 10,
    reference: 109910,
    windowSize: 20,
    muted: '1'
  },
  {
    mac: '1C69209993A4',
    time: '2025-11-29 19:00:00',
    vile: '1',
    pills: 1,
    repeat: 10,
    reference: 109911,
    windowSize: 20,
    muted: '1'
  },
  {
    mac: '1C69209993A4',
    time: '2025-11-30 19:00:00',
    vile: '1',
    pills: 1,
    repeat: 10,
    reference: 109912,
    windowSize: 20,
    muted: '1'
  },
  {
    mac: '1C69209993A4',
    time: '2025-12-01 19:00:00',
    vile: '1',
    pills: 1,
    repeat: 10,
    reference: 109913,
    windowSize: 20,
    muted: '1'
  },
  {
    mac: '1C69209993A4',
    time: '2025-12-02 19:00:00',
    vile: '1',
    pills: 1,
    repeat: 10,
    reference: 109914,
    windowSize: 20,
    muted: '1'
  },
  {
    mac: '1C69209993A4',
    time: '2025-12-03 19:00:00',
    vile: '1',
    pills: 1,
    repeat: 10,
    reference: 109915,
    windowSize: 20,
    muted: '1'
  },
  {
    mac: '1C69209993A4',
    time: '2025-12-04 19:00:00',
    vile: '1',
    pills: 1,
    repeat: 10,
    reference: 109916,
    windowSize: 20,
    muted: '1'
  },
  {
    mac: '1C69209993A4',
    time: '2025-12-05 19:00:00',
    vile: '1',
    pills: 1,
    repeat: 10,
    reference: 109917,
    windowSize: 20,
    muted: '1'
  },
  {
    mac: '1C69209993A4',
    time: '2025-12-06 19:00:00',
    vile: '1',
    pills: 1,
    repeat: 10,
    reference: 109918,
    windowSize: 20,
    muted: '1'
  },
  {
    mac: '1C69209993A4',
    time: '2025-12-07 19:00:00',
    vile: '1',
    pills: 1,
    repeat: 10,
    reference: 109919,
    windowSize: 20,
    muted: '1'
  },
  {
    mac: '1C69209993A4',
    time: '2025-12-08 19:00:00',
    vile: '1',
    pills: 1,
    repeat: 10,
    reference: 109920,
    windowSize: 20,
    muted: '1'
  },
  {
    mac: '1C69209993A4',
    time: '2025-12-09 19:00:00',
    vile: '1',
    pills: 1,
    repeat: 10,
    reference: 109921,
    windowSize: 20,
    muted: '1'
  },
  {
    mac: '1C69209993A4',
    time: '2025-12-10 19:00:00',
    vile: '1',
    pills: 1,
    repeat: 10,
    reference: 109922,
    windowSize: 20,
    muted: '1'
  },
  {
    mac: '1C69209993A4',
    time: '2025-12-11 19:00:00',
    vile: '1',
    pills: 1,
    repeat: 10,
    reference: 109923,
    windowSize: 20,
    muted: '1'
  },
  {
    mac: '1C69209993A4',
    time: '2025-12-12 19:00:00',
    vile: '1',
    pills: 1,
    repeat: 10,
    reference: 109924,
    windowSize: 20,
    muted: '1'
  },
  {
    mac: '1C69209993A4',
    time: '2025-12-13 19:00:00',
    vile: '1',
    pills: 1,
    repeat: 10,
    reference: 109925,
    windowSize: 20,
    muted: '1'
  },
  {
    mac: '1C69209993A4',
    time: '2025-12-14 19:00:00',
    vile: '1',
    pills: 1,
    repeat: 10,
    reference: 109926,
    windowSize: 20,
    muted: '1'
  },
  {
    mac: '1C69209993A4',
    time: '2025-12-15 19:00:00',
    vile: '1',
    pills: 1,
    repeat: 10,
    reference: 109927,
    windowSize: 20,
    muted: '1'
  },
  {
    mac: '1C69209993A4',
    time: '2025-12-16 19:00:00',
    vile: '1',
    pills: 1,
    repeat: 10,
    reference: 109928,
    windowSize: 20,
    muted: '1'
  },
  {
    mac: '1C69209993A4',
    time: '2025-12-17 19:00:00',
    vile: '1',
    pills: 1,
    repeat: 10,
    reference: 109929,
    windowSize: 20,
    muted: '1'
  },
  {
    mac: '1C69209993A4',
    time: '2025-12-18 19:00:00',
    vile: '1',
    pills: 1,
    repeat: 10,
    reference: 109930,
    windowSize: 20,
    muted: '1'
  },
  {
    mac: '1C69209993A4',
    time: '2025-12-19 19:00:00',
    vile: '1',
    pills: 1,
    repeat: 10,
    reference: 109931,
    windowSize: 20,
    muted: '1'
  },
  {
    mac: '1C69209993A4',
    time: '2025-12-20 19:00:00',
    vile: '1',
    pills: 1,
    repeat: 10,
    reference: 109932,
    windowSize: 20,
    muted: '1'
  },
  {
    mac: '1C69209993A4',
    time: '2025-12-21 19:00:00',
    vile: '1',
    pills: 1,
    repeat: 10,
    reference: 109933,
    windowSize: 20,
    muted: '1'
  },
  {
    mac: '1C69209993A4',
    time: '2025-12-22 19:00:00',
    vile: '1',
    pills: 1,
    repeat: 10,
    reference: 109934,
    windowSize: 20,
    muted: '1'
  },
  {
    mac: '1C69209993A4',
    time: '2025-12-23 19:00:00',
    vile: '1',
    pills: 1,
    repeat: 10,
    reference: 109935,
    windowSize: 20,
    muted: '1'
  },
  {
    mac: '1C69209993A4',
    time: '2025-12-24 19:00:00',
    vile: '1',
    pills: 1,
    repeat: 10,
    reference: 109936,
    windowSize: 20,
    muted: '1'
  },
  {
    mac: '1C69209993A4',
    time: '2025-12-25 19:00:00',
    vile: '1',
    pills: 1,
    repeat: 10,
    reference: 109937,
    windowSize: 20,
    muted: '1'
  },
  {
    mac: '1C69209993A4',
    time: '2025-12-26 19:00:00',
    vile: '1',
    pills: 1,
    repeat: 10,
    reference: 109938,
    windowSize: 20,
    muted: '1'
  },
  {
    mac: '1C69209993A4',
    time: '2025-12-27 19:00:00',
    vile: '1',
    pills: 1,
    repeat: 10,
    reference: 109939,
    windowSize: 20,
    muted: '1'
  },
  {
    mac: '1C69209993A4',
    time: '2025-12-28 19:00:00',
    vile: '1',
    pills: 1,
    repeat: 10,
    reference: 109940,
    windowSize: 20,
    muted: '1'
  },
  {
    mac: '1C69209993A4',
    time: '2025-12-29 19:00:00',
    vile: '1',
    pills: 1,
    repeat: 10,
    reference: 109941,
    windowSize: 20,
    muted: '1'
  },
  {
    mac: '1C69209993A4',
    time: '2025-12-30 19:00:00',
    vile: '1',
    pills: 1,
    repeat: 10,
    reference: 109942,
    windowSize: 20,
    muted: '1'
  },
  {
    mac: '1C69209993A4',
    time: '2025-12-31 19:00:00',
    vile: '1',
    pills: 1,
    repeat: 10,
    reference: 109943,
    windowSize: 20,
    muted: '1'
  },
  {
    mac: '1C69209993A4',
    time: '2026-01-01 19:00:00',
    vile: '1',
    pills: 1,
    repeat: 10,
    reference: 109944,
    windowSize: 20,
    muted: '1'
  },
  {
    mac: '1C69209993A4',
    time: '2026-01-02 19:00:00',
    vile: '1',
    pills: 1,
    repeat: 10,
    reference: 109945,
    windowSize: 20,
    muted: '1'
  },
  {
    mac: '1C69209993A4',
    time: '2026-01-03 19:00:00',
    vile: '1',
    pills: 1,
    repeat: 10,
    reference: 109946,
    windowSize: 20,
    muted: '1'
  },
  {
    mac: '1C69209993A4',
    time: '2026-01-04 19:00:00',
    vile: '1',
    pills: 1,
    repeat: 10,
    reference: 109947,
    windowSize: 20,
    muted: '1'
  },
  {
    mac: '1C69209993A4',
    time: '2026-01-05 19:00:00',
    vile: '1',
    pills: 1,
    repeat: 10,
    reference: 109948,
    windowSize: 20,
    muted: '1'
  },
  {
    mac: '1C69209993A4',
    time: '2026-01-06 19:00:00',
    vile: '1',
    pills: 1,
    repeat: 10,
    reference: 109949,
    windowSize: 20,
    muted: '1'
  },
  {
    mac: '1C69209993A4',
    time: '2026-01-07 19:00:00',
    vile: '1',
    pills: 1,
    repeat: 10,
    reference: 109950,
    windowSize: 20,
    muted: '1'
  },
  {
    mac: '1C69209993A4',
    time: '2026-01-08 19:00:00',
    vile: '1',
    pills: 1,
    repeat: 10,
    reference: 109951,
    windowSize: 20,
    muted: '1'
  },
  {
    mac: '1C69209993A4',
    time: '2026-01-09 19:00:00',
    vile: '1',
    pills: 1,
    repeat: 10,
    reference: 109952,
    windowSize: 20,
    muted: '1'
  },
  {
    mac: '1C69209993A4',
    time: '2026-01-10 19:00:00',
    vile: '1',
    pills: 1,
    repeat: 10,
    reference: 109953,
    windowSize: 20,
    muted: '1'
  }
]
109684
2025-10-13 18:00:00
2025-10-14 18:00:00
2025-10-15 18:00:00
2025-10-16 18:00:00
2025-10-17 18:00:00
2025-10-18 18:00:00
2025-10-19 18:00:00
2025-10-20 18:00:00
2025-10-21 18:00:00
2025-10-22 18:00:00
2025-10-23 18:00:00
2025-10-24 18:00:00
2025-10-25 18:00:00
2025-10-26 18:00:00
2025-10-27 18:00:00
2025-10-28 18:00:00
2025-10-29 18:00:00
2025-10-30 18:00:00
2025-10-31 18:00:00
2025-11-01 18:00:00
2025-11-02 19:00:00
2025-11-03 19:00:00
2025-11-04 19:00:00
2025-11-05 19:00:00
2025-11-06 19:00:00
2025-11-07 19:00:00
2025-11-08 19:00:00
2025-11-09 19:00:00
2025-11-10 19:00:00
2025-11-11 19:00:00
2025-11-12 19:00:00
2025-11-13 19:00:00
2025-11-14 19:00:00
2025-11-15 19:00:00
2025-11-16 19:00:00
2025-11-17 19:00:00
2025-11-18 19:00:00
2025-11-19 19:00:00
2025-11-20 19:00:00
2025-11-21 19:00:00
2025-11-22 19:00:00
2025-11-23 19:00:00
2025-11-24 19:00:00
2025-11-25 19:00:00
2025-11-26 19:00:00
2025-11-27 19:00:00
2025-11-28 19:00:00
2025-11-29 19:00:00
2025-11-30 19:00:00
2025-12-01 19:00:00
2025-12-02 19:00:00
2025-12-03 19:00:00
2025-12-04 19:00:00
2025-12-05 19:00:00
2025-12-06 19:00:00
2025-12-07 19:00:00
2025-12-08 19:00:00
2025-12-09 19:00:00
2025-12-10 19:00:00
2025-12-11 19:00:00
2025-12-12 19:00:00
2025-12-13 19:00:00
2025-12-14 19:00:00
2025-12-15 19:00:00
2025-12-16 19:00:00
2025-12-17 19:00:00
2025-12-18 19:00:00
2025-12-19 19:00:00
2025-12-20 19:00:00
2025-12-21 19:00:00
2025-12-22 19:00:00
2025-12-23 19:00:00
2025-12-24 19:00:00
2025-12-25 19:00:00
2025-12-26 19:00:00
2025-12-27 19:00:00
2025-12-28 19:00:00
2025-12-29 19:00:00
2025-12-30 19:00:00
2025-12-31 19:00:00
2026-01-01 19:00:00
2026-01-02 19:00:00
2026-01-03 19:00:00
2026-01-04 19:00:00
2026-01-05 19:00:00
2026-01-06 19:00:00
2026-01-07 19:00:00
2026-01-08 19:00:00
2026-01-09 19:00:00
2026-01-10 19:00:00
undefined
null
[ 109953, 0, 0, 20, 10, 1440, 90, [ 29339640, 29368500 ] ]
sending medicine for 1C69209993A4
{
  event: '1C69209993A4',
  data: '{"event":"medicine","data":[109953,0,0,20,10,1440,90,[29339640,29368500]]}'
}
undefined
{
  mac: '1C69209993A4',
  ref: 109864,
  schedules: [
    {
      mac: '1C69209993A4',
      time: '2025-10-13 18:00:00',
      vile: '1',
      pills: 1,
      repeat: 10,
      reference: 109954,
      windowSize: 20,
      muted: '1'
    },
    {
      mac: '1C69209993A4',
      time: '2025-10-14 18:00:00',
      vile: '1',
      pills: 1,
      repeat: 10,
      reference: 109955,
      windowSize: 20,
      muted: '1'
    },
    {
      mac: '1C69209993A4',
      time: '2025-10-15 18:00:00',
      vile: '1',
      pills: 1,
      repeat: 10,
      reference: 109956,
      windowSize: 20,
      muted: '1'
    },
    {
      mac: '1C69209993A4',
      time: '2025-10-16 18:00:00',
      vile: '1',
      pills: 1,
      repeat: 10,
      reference: 109957,
      windowSize: 20,
      muted: '1'
    },
    {
      mac: '1C69209993A4',
      time: '2025-10-17 18:00:00',
      vile: '1',
      pills: 1,
      repeat: 10,
      reference: 109958,
      windowSize: 20,
      muted: '1'
    },
    {
      mac: '1C69209993A4',
      time: '2025-10-18 18:00:00',
      vile: '1',
      pills: 1,
      repeat: 10,
      reference: 109959,
      windowSize: 20,
      muted: '1'
    },
    {
      mac: '1C69209993A4',
      time: '2025-10-19 18:00:00',
      vile: '1',
      pills: 1,
      repeat: 10,
      reference: 109960,
      windowSize: 20,
      muted: '1'
    },
    {
      mac: '1C69209993A4',
      time: '2025-10-20 18:00:00',
      vile: '1',
      pills: 1,
      repeat: 10,
      reference: 109961,
      windowSize: 20,
      muted: '1'
    },
    {
      mac: '1C69209993A4',
      time: '2025-10-21 18:00:00',
      vile: '1',
      pills: 1,
      repeat: 10,
      reference: 109962,
      windowSize: 20,
      muted: '1'
    },
    {
      mac: '1C69209993A4',
      time: '2025-10-22 18:00:00',
      vile: '1',
      pills: 1,
      repeat: 10,
      reference: 109963,
      windowSize: 20,
      muted: '1'
    },
    {
      mac: '1C69209993A4',
      time: '2025-10-23 18:00:00',
      vile: '1',
      pills: 1,
      repeat: 10,
      reference: 109964,
      windowSize: 20,
      muted: '1'
    },
    {
      mac: '1C69209993A4',
      time: '2025-10-24 18:00:00',
      vile: '1',
      pills: 1,
      repeat: 10,
      reference: 109965,
      windowSize: 20,
      muted: '1'
    },
    {
      mac: '1C69209993A4',
      time: '2025-10-25 18:00:00',
      vile: '1',
      pills: 1,
      repeat: 10,
      reference: 109966,
      windowSize: 20,
      muted: '1'
    },
    {
      mac: '1C69209993A4',
      time: '2025-10-26 18:00:00',
      vile: '1',
      pills: 1,
      repeat: 10,
      reference: 109967,
      windowSize: 20,
      muted: '1'
    },
    {
      mac: '1C69209993A4',
      time: '2025-10-27 18:00:00',
      vile: '1',
      pills: 1,
      repeat: 10,
      reference: 109968,
      windowSize: 20,
      muted: '1'
    },
    {
      mac: '1C69209993A4',
      time: '2025-10-28 18:00:00',
      vile: '1',
      pills: 1,
      repeat: 10,
      reference: 109969,
      windowSize: 20,
      muted: '1'
    },
    {
      mac: '1C69209993A4',
      time: '2025-10-29 18:00:00',
      vile: '1',
      pills: 1,
      repeat: 10,
      reference: 109970,
      windowSize: 20,
      muted: '1'
    },
    {
      mac: '1C69209993A4',
      time: '2025-10-30 18:00:00',
      vile: '1',
      pills: 1,
      repeat: 10,
      reference: 109971,
      windowSize: 20,
      muted: '1'
    },
    {
      mac: '1C69209993A4',
      time: '2025-10-31 18:00:00',
      vile: '1',
      pills: 1,
      repeat: 10,
      reference: 109972,
      windowSize: 20,
      muted: '1'
    },
    {
      mac: '1C69209993A4',
      time: '2025-11-01 18:00:00',
      vile: '1',
      pills: 1,
      repeat: 10,
      reference: 109973,
      windowSize: 20,
      muted: '1'
    },
    {
      mac: '1C69209993A4',
      time: '2025-11-02 19:00:00',
      vile: '1',
      pills: 1,
      repeat: 10,
      reference: 109974,
      windowSize: 20,
      muted: '1'
    },
    {
      mac: '1C69209993A4',
      time: '2025-11-03 19:00:00',
      vile: '1',
      pills: 1,
      repeat: 10,
      reference: 109975,
      windowSize: 20,
      muted: '1'
    },
    {
      mac: '1C69209993A4',
      time: '2025-11-04 19:00:00',
      vile: '1',
      pills: 1,
      repeat: 10,
      reference: 109976,
      windowSize: 20,
      muted: '1'
    },
    {
      mac: '1C69209993A4',
      time: '2025-11-05 19:00:00',
      vile: '1',
      pills: 1,
      repeat: 10,
      reference: 109977,
      windowSize: 20,
      muted: '1'
    },
    {
      mac: '1C69209993A4',
      time: '2025-11-06 19:00:00',
      vile: '1',
      pills: 1,
      repeat: 10,
      reference: 109978,
      windowSize: 20,
      muted: '1'
    },
    {
      mac: '1C69209993A4',
      time: '2025-11-07 19:00:00',
      vile: '1',
      pills: 1,
      repeat: 10,
      reference: 109979,
      windowSize: 20,
      muted: '1'
    },
    {
      mac: '1C69209993A4',
      time: '2025-11-08 19:00:00',
      vile: '1',
      pills: 1,
      repeat: 10,
      reference: 109980,
      windowSize: 20,
      muted: '1'
    },
    {
      mac: '1C69209993A4',
      time: '2025-11-09 19:00:00',
      vile: '1',
      pills: 1,
      repeat: 10,
      reference: 109981,
      windowSize: 20,
      muted: '1'
    },
    {
      mac: '1C69209993A4',
      time: '2025-11-10 19:00:00',
      vile: '1',
      pills: 1,
      repeat: 10,
      reference: 109982,
      windowSize: 20,
      muted: '1'
    },
    {
      mac: '1C69209993A4',
      time: '2025-11-11 19:00:00',
      vile: '1',
      pills: 1,
      repeat: 10,
      reference: 109983,
      windowSize: 20,
      muted: '1'
    },
    {
      mac: '1C69209993A4',
      time: '2025-11-12 19:00:00',
      vile: '1',
      pills: 1,
      repeat: 10,
      reference: 109984,
      windowSize: 20,
      muted: '1'
    },
    {
      mac: '1C69209993A4',
      time: '2025-11-13 19:00:00',
      vile: '1',
      pills: 1,
      repeat: 10,
      reference: 109985,
      windowSize: 20,
      muted: '1'
    },
    {
      mac: '1C69209993A4',
      time: '2025-11-14 19:00:00',
      vile: '1',
      pills: 1,
      repeat: 10,
      reference: 109986,
      windowSize: 20,
      muted: '1'
    },
    {
      mac: '1C69209993A4',
      time: '2025-11-15 19:00:00',
      vile: '1',
      pills: 1,
      repeat: 10,
      reference: 109987,
      windowSize: 20,
      muted: '1'
    },
    {
      mac: '1C69209993A4',
      time: '2025-11-16 19:00:00',
      vile: '1',
      pills: 1,
      repeat: 10,
      reference: 109988,
      windowSize: 20,
      muted: '1'
    },
    {
      mac: '1C69209993A4',
      time: '2025-11-17 19:00:00',
      vile: '1',
      pills: 1,
      repeat: 10,
      reference: 109989,
      windowSize: 20,
      muted: '1'
    },
    {
      mac: '1C69209993A4',
      time: '2025-11-18 19:00:00',
      vile: '1',
      pills: 1,
      repeat: 10,
      reference: 109990,
      windowSize: 20,
      muted: '1'
    },
    {
      mac: '1C69209993A4',
      time: '2025-11-19 19:00:00',
      vile: '1',
      pills: 1,
      repeat: 10,
      reference: 109991,
      windowSize: 20,
      muted: '1'
    },
    {
      mac: '1C69209993A4',
      time: '2025-11-20 19:00:00',
      vile: '1',
      pills: 1,
      repeat: 10,
      reference: 109992,
      windowSize: 20,
      muted: '1'
    },
    {
      mac: '1C69209993A4',
      time: '2025-11-21 19:00:00',
      vile: '1',
      pills: 1,
      repeat: 10,
      reference: 109993,
      windowSize: 20,
      muted: '1'
    },
    {
      mac: '1C69209993A4',
      time: '2025-11-22 19:00:00',
      vile: '1',
      pills: 1,
      repeat: 10,
      reference: 109994,
      windowSize: 20,
      muted: '1'
    },
    {
      mac: '1C69209993A4',
      time: '2025-11-23 19:00:00',
      vile: '1',
      pills: 1,
      repeat: 10,
      reference: 109995,
      windowSize: 20,
      muted: '1'
    },
    {
      mac: '1C69209993A4',
      time: '2025-11-24 19:00:00',
      vile: '1',
      pills: 1,
      repeat: 10,
      reference: 109996,
      windowSize: 20,
      muted: '1'
    },
    {
      mac: '1C69209993A4',
      time: '2025-11-25 19:00:00',
      vile: '1',
      pills: 1,
      repeat: 10,
      reference: 109997,
      windowSize: 20,
      muted: '1'
    },
    {
      mac: '1C69209993A4',
      time: '2025-11-26 19:00:00',
      vile: '1',
      pills: 1,
      repeat: 10,
      reference: 109998,
      windowSize: 20,
      muted: '1'
    },
    {
      mac: '1C69209993A4',
      time: '2025-11-27 19:00:00',
      vile: '1',
      pills: 1,
      repeat: 10,
      reference: 109999,
      windowSize: 20,
      muted: '1'
    },
    {
      mac: '1C69209993A4',
      time: '2025-11-28 19:00:00',
      vile: '1',
      pills: 1,
      repeat: 10,
      reference: 110000,
      windowSize: 20,
      muted: '1'
    },
    {
      mac: '1C69209993A4',
      time: '2025-11-29 19:00:00',
      vile: '1',
      pills: 1,
      repeat: 10,
      reference: 110001,
      windowSize: 20,
      muted: '1'
    },
    {
      mac: '1C69209993A4',
      time: '2025-11-30 19:00:00',
      vile: '1',
      pills: 1,
      repeat: 10,
      reference: 110002,
      windowSize: 20,
      muted: '1'
    },
    {
      mac: '1C69209993A4',
      time: '2025-12-01 19:00:00',
      vile: '1',
      pills: 1,
      repeat: 10,
      reference: 110003,
      windowSize: 20,
      muted: '1'
    },
    {
      mac: '1C69209993A4',
      time: '2025-12-02 19:00:00',
      vile: '1',
      pills: 1,
      repeat: 10,
      reference: 110004,
      windowSize: 20,
      muted: '1'
    },
    {
      mac: '1C69209993A4',
      time: '2025-12-03 19:00:00',
      vile: '1',
      pills: 1,
      repeat: 10,
      reference: 110005,
      windowSize: 20,
      muted: '1'
    },
    {
      mac: '1C69209993A4',
      time: '2025-12-04 19:00:00',
      vile: '1',
      pills: 1,
      repeat: 10,
      reference: 110006,
      windowSize: 20,
      muted: '1'
    },
    {
      mac: '1C69209993A4',
      time: '2025-12-05 19:00:00',
      vile: '1',
      pills: 1,
      repeat: 10,
      reference: 110007,
      windowSize: 20,
      muted: '1'
    },
    {
      mac: '1C69209993A4',
      time: '2025-12-06 19:00:00',
      vile: '1',
      pills: 1,
      repeat: 10,
      reference: 110008,
      windowSize: 20,
      muted: '1'
    },
    {
      mac: '1C69209993A4',
      time: '2025-12-07 19:00:00',
      vile: '1',
      pills: 1,
      repeat: 10,
      reference: 110009,
      windowSize: 20,
      muted: '1'
    },
    {
      mac: '1C69209993A4',
      time: '2025-12-08 19:00:00',
      vile: '1',
      pills: 1,
      repeat: 10,
      reference: 110010,
      windowSize: 20,
      muted: '1'
    },
    {
      mac: '1C69209993A4',
      time: '2025-12-09 19:00:00',
      vile: '1',
      pills: 1,
      repeat: 10,
      reference: 110011,
      windowSize: 20,
      muted: '1'
    },
    {
      mac: '1C69209993A4',
      time: '2025-12-10 19:00:00',
      vile: '1',
      pills: 1,
      repeat: 10,
      reference: 110012,
      windowSize: 20,
      muted: '1'
    },
    {
      mac: '1C69209993A4',
      time: '2025-12-11 19:00:00',
      vile: '1',
      pills: 1,
      repeat: 10,
      reference: 110013,
      windowSize: 20,
      muted: '1'
    },
    {
      mac: '1C69209993A4',
      time: '2025-12-12 19:00:00',
      vile: '1',
      pills: 1,
      repeat: 10,
      reference: 110014,
      windowSize: 20,
      muted: '1'
    },
    {
      mac: '1C69209993A4',
      time: '2025-12-13 19:00:00',
      vile: '1',
      pills: 1,
      repeat: 10,
      reference: 110015,
      windowSize: 20,
      muted: '1'
    },
    {
      mac: '1C69209993A4',
      time: '2025-12-14 19:00:00',
      vile: '1',
      pills: 1,
      repeat: 10,
      reference: 110016,
      windowSize: 20,
      muted: '1'
    },
    {
      mac: '1C69209993A4',
      time: '2025-12-15 19:00:00',
      vile: '1',
      pills: 1,
      repeat: 10,
      reference: 110017,
      windowSize: 20,
      muted: '1'
    },
    {
      mac: '1C69209993A4',
      time: '2025-12-16 19:00:00',
      vile: '1',
      pills: 1,
      repeat: 10,
      reference: 110018,
      windowSize: 20,
      muted: '1'
    },
    {
      mac: '1C69209993A4',
      time: '2025-12-17 19:00:00',
      vile: '1',
      pills: 1,
      repeat: 10,
      reference: 110019,
      windowSize: 20,
      muted: '1'
    },
    {
      mac: '1C69209993A4',
      time: '2025-12-18 19:00:00',
      vile: '1',
      pills: 1,
      repeat: 10,
      reference: 110020,
      windowSize: 20,
      muted: '1'
    },
    {
      mac: '1C69209993A4',
      time: '2025-12-19 19:00:00',
      vile: '1',
      pills: 1,
      repeat: 10,
      reference: 110021,
      windowSize: 20,
      muted: '1'
    },
    {
      mac: '1C69209993A4',
      time: '2025-12-20 19:00:00',
      vile: '1',
      pills: 1,
      repeat: 10,
      reference: 110022,
      windowSize: 20,
      muted: '1'
    },
    {
      mac: '1C69209993A4',
      time: '2025-12-21 19:00:00',
      vile: '1',
      pills: 1,
      repeat: 10,
      reference: 110023,
      windowSize: 20,
      muted: '1'
    },
    {
      mac: '1C69209993A4',
      time: '2025-12-22 19:00:00',
      vile: '1',
      pills: 1,
      repeat: 10,
      reference: 110024,
      windowSize: 20,
      muted: '1'
    },
    {
      mac: '1C69209993A4',
      time: '2025-12-23 19:00:00',
      vile: '1',
      pills: 1,
      repeat: 10,
      reference: 110025,
      windowSize: 20,
      muted: '1'
    },
    {
      mac: '1C69209993A4',
      time: '2025-12-24 19:00:00',
      vile: '1',
      pills: 1,
      repeat: 10,
      reference: 110026,
      windowSize: 20,
      muted: '1'
    },
    {
      mac: '1C69209993A4',
      time: '2025-12-25 19:00:00',
      vile: '1',
      pills: 1,
      repeat: 10,
      reference: 110027,
      windowSize: 20,
      muted: '1'
    },
    {
      mac: '1C69209993A4',
      time: '2025-12-26 19:00:00',
      vile: '1',
      pills: 1,
      repeat: 10,
      reference: 110028,
      windowSize: 20,
      muted: '1'
    },
    {
      mac: '1C69209993A4',
      time: '2025-12-27 19:00:00',
      vile: '1',
      pills: 1,
      repeat: 10,
      reference: 110029,
      windowSize: 20,
      muted: '1'
    },
    {
      mac: '1C69209993A4',
      time: '2025-12-28 19:00:00',
      vile: '1',
      pills: 1,
      repeat: 10,
      reference: 110030,
      windowSize: 20,
      muted: '1'
    },
    {
      mac: '1C69209993A4',
      time: '2025-12-29 19:00:00',
      vile: '1',
      pills: 1,
      repeat: 10,
      reference: 110031,
      windowSize: 20,
      muted: '1'
    },
    {
      mac: '1C69209993A4',
      time: '2025-12-30 19:00:00',
      vile: '1',
      pills: 1,
      repeat: 10,
      reference: 110032,
      windowSize: 20,
      muted: '1'
    },
    {
      mac: '1C69209993A4',
      time: '2025-12-31 19:00:00',
      vile: '1',
      pills: 1,
      repeat: 10,
      reference: 110033,
      windowSize: 20,
      muted: '1'
    },
    {
      mac: '1C69209993A4',
      time: '2026-01-01 19:00:00',
      vile: '1',
      pills: 1,
      repeat: 10,
      reference: 110034,
      windowSize: 20,
      muted: '1'
    },
    {
      mac: '1C69209993A4',
      time: '2026-01-02 19:00:00',
      vile: '1',
      pills: 1,
      repeat: 10,
      reference: 110035,
      windowSize: 20,
      muted: '1'
    },
    {
      mac: '1C69209993A4',
      time: '2026-01-03 19:00:00',
      vile: '1',
      pills: 1,
      repeat: 10,
      reference: 110036,
      windowSize: 20,
      muted: '1'
    },
    {
      mac: '1C69209993A4',
      time: '2026-01-04 19:00:00',
      vile: '1',
      pills: 1,
      repeat: 10,
      reference: 110037,
      windowSize: 20,
      muted: '1'
    },
    {
      mac: '1C69209993A4',
      time: '2026-01-05 19:00:00',
      vile: '1',
      pills: 1,
      repeat: 10,
      reference: 110038,
      windowSize: 20,
      muted: '1'
    },
    {
      mac: '1C69209993A4',
      time: '2026-01-06 19:00:00',
      vile: '1',
      pills: 1,
      repeat: 10,
      reference: 110039,
      windowSize: 20,
      muted: '1'
    },
    {
      mac: '1C69209993A4',
      time: '2026-01-07 19:00:00',
      vile: '1',
      pills: 1,
      repeat: 10,
      reference: 110040,
      windowSize: 20,
      muted: '1'
    },
    {
      mac: '1C69209993A4',
      time: '2026-01-08 19:00:00',
      vile: '1',
      pills: 1,
      repeat: 10,
      reference: 110041,
      windowSize: 20,
      muted: '1'
    },
    {
      mac: '1C69209993A4',
      time: '2026-01-09 19:00:00',
      vile: '1',
      pills: 1,
      repeat: 10,
      reference: 110042,
      windowSize: 20,
      muted: '1'
    },
    {
      mac: '1C69209993A4',
      time: '2026-01-10 19:00:00',
      vile: '1',
      pills: 1,
      repeat: 10,
      reference: 110043,
      windowSize: 20,
      muted: '1'
    }
  ],
  type: 'pillbox'
}
[
  {
    mac: '1C69209993A4',
    time: '2025-10-13 18:00:00',
    vile: '1',
    pills: 1,
    repeat: 10,
    reference: 109954,
    windowSize: 20,
    muted: '1'
  },
  {
    mac: '1C69209993A4',
    time: '2025-10-14 18:00:00',
    vile: '1',
    pills: 1,
    repeat: 10,
    reference: 109955,
    windowSize: 20,
    muted: '1'
  },
  {
    mac: '1C69209993A4',
    time: '2025-10-15 18:00:00',
    vile: '1',
    pills: 1,
    repeat: 10,
    reference: 109956,
    windowSize: 20,
    muted: '1'
  },
  {
    mac: '1C69209993A4',
    time: '2025-10-16 18:00:00',
    vile: '1',
    pills: 1,
    repeat: 10,
    reference: 109957,
    windowSize: 20,
    muted: '1'
  },
  {
    mac: '1C69209993A4',
    time: '2025-10-17 18:00:00',
    vile: '1',
    pills: 1,
    repeat: 10,
    reference: 109958,
    windowSize: 20,
    muted: '1'
  },
  {
    mac: '1C69209993A4',
    time: '2025-10-18 18:00:00',
    vile: '1',
    pills: 1,
    repeat: 10,
    reference: 109959,
    windowSize: 20,
    muted: '1'
  },
  {
    mac: '1C69209993A4',
    time: '2025-10-19 18:00:00',
    vile: '1',
    pills: 1,
    repeat: 10,
    reference: 109960,
    windowSize: 20,
    muted: '1'
  },
  {
    mac: '1C69209993A4',
    time: '2025-10-20 18:00:00',
    vile: '1',
    pills: 1,
    repeat: 10,
    reference: 109961,
    windowSize: 20,
    muted: '1'
  },
  {
    mac: '1C69209993A4',
    time: '2025-10-21 18:00:00',
    vile: '1',
    pills: 1,
    repeat: 10,
    reference: 109962,
    windowSize: 20,
    muted: '1'
  },
  {
    mac: '1C69209993A4',
    time: '2025-10-22 18:00:00',
    vile: '1',
    pills: 1,
    repeat: 10,
    reference: 109963,
    windowSize: 20,
    muted: '1'
  },
  {
    mac: '1C69209993A4',
    time: '2025-10-23 18:00:00',
    vile: '1',
    pills: 1,
    repeat: 10,
    reference: 109964,
    windowSize: 20,
    muted: '1'
  },
  {
    mac: '1C69209993A4',
    time: '2025-10-24 18:00:00',
    vile: '1',
    pills: 1,
    repeat: 10,
    reference: 109965,
    windowSize: 20,
    muted: '1'
  },
  {
    mac: '1C69209993A4',
    time: '2025-10-25 18:00:00',
    vile: '1',
    pills: 1,
    repeat: 10,
    reference: 109966,
    windowSize: 20,
    muted: '1'
  },
  {
    mac: '1C69209993A4',
    time: '2025-10-26 18:00:00',
    vile: '1',
    pills: 1,
    repeat: 10,
    reference: 109967,
    windowSize: 20,
    muted: '1'
  },
  {
    mac: '1C69209993A4',
    time: '2025-10-27 18:00:00',
    vile: '1',
    pills: 1,
    repeat: 10,
    reference: 109968,
    windowSize: 20,
    muted: '1'
  },
  {
    mac: '1C69209993A4',
    time: '2025-10-28 18:00:00',
    vile: '1',
    pills: 1,
    repeat: 10,
    reference: 109969,
    windowSize: 20,
    muted: '1'
  },
  {
    mac: '1C69209993A4',
    time: '2025-10-29 18:00:00',
    vile: '1',
    pills: 1,
    repeat: 10,
    reference: 109970,
    windowSize: 20,
    muted: '1'
  },
  {
    mac: '1C69209993A4',
    time: '2025-10-30 18:00:00',
    vile: '1',
    pills: 1,
    repeat: 10,
    reference: 109971,
    windowSize: 20,
    muted: '1'
  },
  {
    mac: '1C69209993A4',
    time: '2025-10-31 18:00:00',
    vile: '1',
    pills: 1,
    repeat: 10,
    reference: 109972,
    windowSize: 20,
    muted: '1'
  },
  {
    mac: '1C69209993A4',
    time: '2025-11-01 18:00:00',
    vile: '1',
    pills: 1,
    repeat: 10,
    reference: 109973,
    windowSize: 20,
    muted: '1'
  },
  {
    mac: '1C69209993A4',
    time: '2025-11-02 19:00:00',
    vile: '1',
    pills: 1,
    repeat: 10,
    reference: 109974,
    windowSize: 20,
    muted: '1'
  },
  {
    mac: '1C69209993A4',
    time: '2025-11-03 19:00:00',
    vile: '1',
    pills: 1,
    repeat: 10,
    reference: 109975,
    windowSize: 20,
    muted: '1'
  },
  {
    mac: '1C69209993A4',
    time: '2025-11-04 19:00:00',
    vile: '1',
    pills: 1,
    repeat: 10,
    reference: 109976,
    windowSize: 20,
    muted: '1'
  },
  {
    mac: '1C69209993A4',
    time: '2025-11-05 19:00:00',
    vile: '1',
    pills: 1,
    repeat: 10,
    reference: 109977,
    windowSize: 20,
    muted: '1'
  },
  {
    mac: '1C69209993A4',
    time: '2025-11-06 19:00:00',
    vile: '1',
    pills: 1,
    repeat: 10,
    reference: 109978,
    windowSize: 20,
    muted: '1'
  },
  {
    mac: '1C69209993A4',
    time: '2025-11-07 19:00:00',
    vile: '1',
    pills: 1,
    repeat: 10,
    reference: 109979,
    windowSize: 20,
    muted: '1'
  },
  {
    mac: '1C69209993A4',
    time: '2025-11-08 19:00:00',
    vile: '1',
    pills: 1,
    repeat: 10,
    reference: 109980,
    windowSize: 20,
    muted: '1'
  },
  {
    mac: '1C69209993A4',
    time: '2025-11-09 19:00:00',
    vile: '1',
    pills: 1,
    repeat: 10,
    reference: 109981,
    windowSize: 20,
    muted: '1'
  },
  {
    mac: '1C69209993A4',
    time: '2025-11-10 19:00:00',
    vile: '1',
    pills: 1,
    repeat: 10,
    reference: 109982,
    windowSize: 20,
    muted: '1'
  },
  {
    mac: '1C69209993A4',
    time: '2025-11-11 19:00:00',
    vile: '1',
    pills: 1,
    repeat: 10,
    reference: 109983,
    windowSize: 20,
    muted: '1'
  },
  {
    mac: '1C69209993A4',
    time: '2025-11-12 19:00:00',
    vile: '1',
    pills: 1,
    repeat: 10,
    reference: 109984,
    windowSize: 20,
    muted: '1'
  },
  {
    mac: '1C69209993A4',
    time: '2025-11-13 19:00:00',
    vile: '1',
    pills: 1,
    repeat: 10,
    reference: 109985,
    windowSize: 20,
    muted: '1'
  },
  {
    mac: '1C69209993A4',
    time: '2025-11-14 19:00:00',
    vile: '1',
    pills: 1,
    repeat: 10,
    reference: 109986,
    windowSize: 20,
    muted: '1'
  },
  {
    mac: '1C69209993A4',
    time: '2025-11-15 19:00:00',
    vile: '1',
    pills: 1,
    repeat: 10,
    reference: 109987,
    windowSize: 20,
    muted: '1'
  },
  {
    mac: '1C69209993A4',
    time: '2025-11-16 19:00:00',
    vile: '1',
    pills: 1,
    repeat: 10,
    reference: 109988,
    windowSize: 20,
    muted: '1'
  },
  {
    mac: '1C69209993A4',
    time: '2025-11-17 19:00:00',
    vile: '1',
    pills: 1,
    repeat: 10,
    reference: 109989,
    windowSize: 20,
    muted: '1'
  },
  {
    mac: '1C69209993A4',
    time: '2025-11-18 19:00:00',
    vile: '1',
    pills: 1,
    repeat: 10,
    reference: 109990,
    windowSize: 20,
    muted: '1'
  },
  {
    mac: '1C69209993A4',
    time: '2025-11-19 19:00:00',
    vile: '1',
    pills: 1,
    repeat: 10,
    reference: 109991,
    windowSize: 20,
    muted: '1'
  },
  {
    mac: '1C69209993A4',
    time: '2025-11-20 19:00:00',
    vile: '1',
    pills: 1,
    repeat: 10,
    reference: 109992,
    windowSize: 20,
    muted: '1'
  },
  {
    mac: '1C69209993A4',
    time: '2025-11-21 19:00:00',
    vile: '1',
    pills: 1,
    repeat: 10,
    reference: 109993,
    windowSize: 20,
    muted: '1'
  },
  {
    mac: '1C69209993A4',
    time: '2025-11-22 19:00:00',
    vile: '1',
    pills: 1,
    repeat: 10,
    reference: 109994,
    windowSize: 20,
    muted: '1'
  },
  {
    mac: '1C69209993A4',
    time: '2025-11-23 19:00:00',
    vile: '1',
    pills: 1,
    repeat: 10,
    reference: 109995,
    windowSize: 20,
    muted: '1'
  },
  {
    mac: '1C69209993A4',
    time: '2025-11-24 19:00:00',
    vile: '1',
    pills: 1,
    repeat: 10,
    reference: 109996,
    windowSize: 20,
    muted: '1'
  },
  {
    mac: '1C69209993A4',
    time: '2025-11-25 19:00:00',
    vile: '1',
    pills: 1,
    repeat: 10,
    reference: 109997,
    windowSize: 20,
    muted: '1'
  },
  {
    mac: '1C69209993A4',
    time: '2025-11-26 19:00:00',
    vile: '1',
    pills: 1,
    repeat: 10,
    reference: 109998,
    windowSize: 20,
    muted: '1'
  },
  {
    mac: '1C69209993A4',
    time: '2025-11-27 19:00:00',
    vile: '1',
    pills: 1,
    repeat: 10,
    reference: 109999,
    windowSize: 20,
    muted: '1'
  },
  {
    mac: '1C69209993A4',
    time: '2025-11-28 19:00:00',
    vile: '1',
    pills: 1,
    repeat: 10,
    reference: 110000,
    windowSize: 20,
    muted: '1'
  },
  {
    mac: '1C69209993A4',
    time: '2025-11-29 19:00:00',
    vile: '1',
    pills: 1,
    repeat: 10,
    reference: 110001,
    windowSize: 20,
    muted: '1'
  },
  {
    mac: '1C69209993A4',
    time: '2025-11-30 19:00:00',
    vile: '1',
    pills: 1,
    repeat: 10,
    reference: 110002,
    windowSize: 20,
    muted: '1'
  },
  {
    mac: '1C69209993A4',
    time: '2025-12-01 19:00:00',
    vile: '1',
    pills: 1,
    repeat: 10,
    reference: 110003,
    windowSize: 20,
    muted: '1'
  },
  {
    mac: '1C69209993A4',
    time: '2025-12-02 19:00:00',
    vile: '1',
    pills: 1,
    repeat: 10,
    reference: 110004,
    windowSize: 20,
    muted: '1'
  },
  {
    mac: '1C69209993A4',
    time: '2025-12-03 19:00:00',
    vile: '1',
    pills: 1,
    repeat: 10,
    reference: 110005,
    windowSize: 20,
    muted: '1'
  },
  {
    mac: '1C69209993A4',
    time: '2025-12-04 19:00:00',
    vile: '1',
    pills: 1,
    repeat: 10,
    reference: 110006,
    windowSize: 20,
    muted: '1'
  },
  {
    mac: '1C69209993A4',
    time: '2025-12-05 19:00:00',
    vile: '1',
    pills: 1,
    repeat: 10,
    reference: 110007,
    windowSize: 20,
    muted: '1'
  },
  {
    mac: '1C69209993A4',
    time: '2025-12-06 19:00:00',
    vile: '1',
    pills: 1,
    repeat: 10,
    reference: 110008,
    windowSize: 20,
    muted: '1'
  },
  {
    mac: '1C69209993A4',
    time: '2025-12-07 19:00:00',
    vile: '1',
    pills: 1,
    repeat: 10,
    reference: 110009,
    windowSize: 20,
    muted: '1'
  },
  {
    mac: '1C69209993A4',
    time: '2025-12-08 19:00:00',
    vile: '1',
    pills: 1,
    repeat: 10,
    reference: 110010,
    windowSize: 20,
    muted: '1'
  },
  {
    mac: '1C69209993A4',
    time: '2025-12-09 19:00:00',
    vile: '1',
    pills: 1,
    repeat: 10,
    reference: 110011,
    windowSize: 20,
    muted: '1'
  },
  {
    mac: '1C69209993A4',
    time: '2025-12-10 19:00:00',
    vile: '1',
    pills: 1,
    repeat: 10,
    reference: 110012,
    windowSize: 20,
    muted: '1'
  },
  {
    mac: '1C69209993A4',
    time: '2025-12-11 19:00:00',
    vile: '1',
    pills: 1,
    repeat: 10,
    reference: 110013,
    windowSize: 20,
    muted: '1'
  },
  {
    mac: '1C69209993A4',
    time: '2025-12-12 19:00:00',
    vile: '1',
    pills: 1,
    repeat: 10,
    reference: 110014,
    windowSize: 20,
    muted: '1'
  },
  {
    mac: '1C69209993A4',
    time: '2025-12-13 19:00:00',
    vile: '1',
    pills: 1,
    repeat: 10,
    reference: 110015,
    windowSize: 20,
    muted: '1'
  },
  {
    mac: '1C69209993A4',
    time: '2025-12-14 19:00:00',
    vile: '1',
    pills: 1,
    repeat: 10,
    reference: 110016,
    windowSize: 20,
    muted: '1'
  },
  {
    mac: '1C69209993A4',
    time: '2025-12-15 19:00:00',
    vile: '1',
    pills: 1,
    repeat: 10,
    reference: 110017,
    windowSize: 20,
    muted: '1'
  },
  {
    mac: '1C69209993A4',
    time: '2025-12-16 19:00:00',
    vile: '1',
    pills: 1,
    repeat: 10,
    reference: 110018,
    windowSize: 20,
    muted: '1'
  },
  {
    mac: '1C69209993A4',
    time: '2025-12-17 19:00:00',
    vile: '1',
    pills: 1,
    repeat: 10,
    reference: 110019,
    windowSize: 20,
    muted: '1'
  },
  {
    mac: '1C69209993A4',
    time: '2025-12-18 19:00:00',
    vile: '1',
    pills: 1,
    repeat: 10,
    reference: 110020,
    windowSize: 20,
    muted: '1'
  },
  {
    mac: '1C69209993A4',
    time: '2025-12-19 19:00:00',
    vile: '1',
    pills: 1,
    repeat: 10,
    reference: 110021,
    windowSize: 20,
    muted: '1'
  },
  {
    mac: '1C69209993A4',
    time: '2025-12-20 19:00:00',
    vile: '1',
    pills: 1,
    repeat: 10,
    reference: 110022,
    windowSize: 20,
    muted: '1'
  },
  {
    mac: '1C69209993A4',
    time: '2025-12-21 19:00:00',
    vile: '1',
    pills: 1,
    repeat: 10,
    reference: 110023,
    windowSize: 20,
    muted: '1'
  },
  {
    mac: '1C69209993A4',
    time: '2025-12-22 19:00:00',
    vile: '1',
    pills: 1,
    repeat: 10,
    reference: 110024,
    windowSize: 20,
    muted: '1'
  },
  {
    mac: '1C69209993A4',
    time: '2025-12-23 19:00:00',
    vile: '1',
    pills: 1,
    repeat: 10,
    reference: 110025,
    windowSize: 20,
    muted: '1'
  },
  {
    mac: '1C69209993A4',
    time: '2025-12-24 19:00:00',
    vile: '1',
    pills: 1,
    repeat: 10,
    reference: 110026,
    windowSize: 20,
    muted: '1'
  },
  {
    mac: '1C69209993A4',
    time: '2025-12-25 19:00:00',
    vile: '1',
    pills: 1,
    repeat: 10,
    reference: 110027,
    windowSize: 20,
    muted: '1'
  },
  {
    mac: '1C69209993A4',
    time: '2025-12-26 19:00:00',
    vile: '1',
    pills: 1,
    repeat: 10,
    reference: 110028,
    windowSize: 20,
    muted: '1'
  },
  {
    mac: '1C69209993A4',
    time: '2025-12-27 19:00:00',
    vile: '1',
    pills: 1,
    repeat: 10,
    reference: 110029,
    windowSize: 20,
    muted: '1'
  },
  {
    mac: '1C69209993A4',
    time: '2025-12-28 19:00:00',
    vile: '1',
    pills: 1,
    repeat: 10,
    reference: 110030,
    windowSize: 20,
    muted: '1'
  },
  {
    mac: '1C69209993A4',
    time: '2025-12-29 19:00:00',
    vile: '1',
    pills: 1,
    repeat: 10,
    reference: 110031,
    windowSize: 20,
    muted: '1'
  },
  {
    mac: '1C69209993A4',
    time: '2025-12-30 19:00:00',
    vile: '1',
    pills: 1,
    repeat: 10,
    reference: 110032,
    windowSize: 20,
    muted: '1'
  },
  {
    mac: '1C69209993A4',
    time: '2025-12-31 19:00:00',
    vile: '1',
    pills: 1,
    repeat: 10,
    reference: 110033,
    windowSize: 20,
    muted: '1'
  },
  {
    mac: '1C69209993A4',
    time: '2026-01-01 19:00:00',
    vile: '1',
    pills: 1,
    repeat: 10,
    reference: 110034,
    windowSize: 20,
    muted: '1'
  },
  {
    mac: '1C69209993A4',
    time: '2026-01-02 19:00:00',
    vile: '1',
    pills: 1,
    repeat: 10,
    reference: 110035,
    windowSize: 20,
    muted: '1'
  },
  {
    mac: '1C69209993A4',
    time: '2026-01-03 19:00:00',
    vile: '1',
    pills: 1,
    repeat: 10,
    reference: 110036,
    windowSize: 20,
    muted: '1'
  },
  {
    mac: '1C69209993A4',
    time: '2026-01-04 19:00:00',
    vile: '1',
    pills: 1,
    repeat: 10,
    reference: 110037,
    windowSize: 20,
    muted: '1'
  },
  {
    mac: '1C69209993A4',
    time: '2026-01-05 19:00:00',
    vile: '1',
    pills: 1,
    repeat: 10,
    reference: 110038,
    windowSize: 20,
    muted: '1'
  },
  {
    mac: '1C69209993A4',
    time: '2026-01-06 19:00:00',
    vile: '1',
    pills: 1,
    repeat: 10,
    reference: 110039,
    windowSize: 20,
    muted: '1'
  },
  {
    mac: '1C69209993A4',
    time: '2026-01-07 19:00:00',
    vile: '1',
    pills: 1,
    repeat: 10,
    reference: 110040,
    windowSize: 20,
    muted: '1'
  },
  {
    mac: '1C69209993A4',
    time: '2026-01-08 19:00:00',
    vile: '1',
    pills: 1,
    repeat: 10,
    reference: 110041,
    windowSize: 20,
    muted: '1'
  },
  {
    mac: '1C69209993A4',
    time: '2026-01-09 19:00:00',
    vile: '1',
    pills: 1,
    repeat: 10,
    reference: 110042,
    windowSize: 20,
    muted: '1'
  },
  {
    mac: '1C69209993A4',
    time: '2026-01-10 19:00:00',
    vile: '1',
    pills: 1,
    repeat: 10,
    reference: 110043,
    windowSize: 20,
    muted: '1'
  }
]
109864
2025-10-13 18:00:00
2025-10-14 18:00:00
2025-10-15 18:00:00
2025-10-16 18:00:00
2025-10-17 18:00:00
2025-10-18 18:00:00
2025-10-19 18:00:00
2025-10-20 18:00:00
2025-10-21 18:00:00
2025-10-22 18:00:00
2025-10-23 18:00:00
2025-10-24 18:00:00
2025-10-25 18:00:00
2025-10-26 18:00:00
2025-10-27 18:00:00
2025-10-28 18:00:00
2025-10-29 18:00:00
2025-10-30 18:00:00
2025-10-31 18:00:00
2025-11-01 18:00:00
2025-11-02 19:00:00
2025-11-03 19:00:00
2025-11-04 19:00:00
2025-11-05 19:00:00
2025-11-06 19:00:00
2025-11-07 19:00:00
2025-11-08 19:00:00
2025-11-09 19:00:00
2025-11-10 19:00:00
2025-11-11 19:00:00
2025-11-12 19:00:00
2025-11-13 19:00:00
2025-11-14 19:00:00
2025-11-15 19:00:00
2025-11-16 19:00:00
2025-11-17 19:00:00
2025-11-18 19:00:00
2025-11-19 19:00:00
2025-11-20 19:00:00
2025-11-21 19:00:00
2025-11-22 19:00:00
2025-11-23 19:00:00
2025-11-24 19:00:00
2025-11-25 19:00:00
2025-11-26 19:00:00
2025-11-27 19:00:00
2025-11-28 19:00:00
2025-11-29 19:00:00
2025-11-30 19:00:00
2025-12-01 19:00:00
2025-12-02 19:00:00
2025-12-03 19:00:00
2025-12-04 19:00:00
2025-12-05 19:00:00
2025-12-06 19:00:00
2025-12-07 19:00:00
2025-12-08 19:00:00
2025-12-09 19:00:00
2025-12-10 19:00:00
2025-12-11 19:00:00
2025-12-12 19:00:00
2025-12-13 19:00:00
2025-12-14 19:00:00
2025-12-15 19:00:00
2025-12-16 19:00:00
2025-12-17 19:00:00
2025-12-18 19:00:00
2025-12-19 19:00:00
2025-12-20 19:00:00
2025-12-21 19:00:00
2025-12-22 19:00:00
2025-12-23 19:00:00
2025-12-24 19:00:00
2025-12-25 19:00:00
2025-12-26 19:00:00
2025-12-27 19:00:00
2025-12-28 19:00:00
2025-12-29 19:00:00
2025-12-30 19:00:00
2025-12-31 19:00:00
2026-01-01 19:00:00
2026-01-02 19:00:00
2026-01-03 19:00:00
2026-01-04 19:00:00
2026-01-05 19:00:00
2026-01-06 19:00:00
2026-01-07 19:00:00
2026-01-08 19:00:00
2026-01-09 19:00:00
2026-01-10 19:00:00
MedRef {
  id: 4882,
  reference: 109864,
  medicine: MedMeta {
    id: 176,
    reference: 109953,
    windowSize: 20,
    snoozeTime: 10,
    mute: false,
    count: 90,
    interval: 1440,
    timings: [ '29339640', '29368500' ],
    vial: 0,
    fetched: false
  }
}
[ 110043, 0, 0, 20, 10, 1440, 90, [ 29339640, 29368500 ], 109953 ]
undefined
sending medicine for 1C69209993A4
{
  event: '1C69209993A4',
  data: '{"event":"medicine","data":[110043,0,0,20,10,1440,90,[29339640,29368500],109953]}'
}
undefined
clearing medicine informer for 1C69209993A4
medicine fetched UpdateResult { generatedMaps: [], raw: [], affected: 0 }
v2_5:vp {"mac":"1C69209993A4","vials":"100000"}
{ mac: '1C69209993A4', vials: '100000' }
{ event: '1C69209993A4', data: '{"event":"v2_5:vpr","data":""}' }
{ event: '1C69209993A4', data: '{"event":"hb","data":1760377486910}' }
{
  mac: '1C69209993A4',
  id: '0',
  vial: '0',
  ref: '109864',
  instant: '2025-10-13 17:58:53'
}
{ event: '1C69209993A4', data: '{"event":"clear-log","data":[0]}' }
cmp [ '0', '0', '0', '0', '0', '0' ]
log-data {
  pb_device_unique_id: '1C69209993A4',
  box_comp_id: 1,
  id: 109864,
  battery_status: 100,
  taken_time: '2025-10-13 17:58:53',
  device_type: 'pillbox-v2_5',
  cbs: '000000',
  vilePosition: '000000',
  env: 'sit'
}
v2_5:vp {"mac":"1C69209993A4","vials":"100000"}
{ mac: '1C69209993A4', vials: '100000' }
{ event: '1C69209993A4', data: '{"event":"v2_5:vpr","data":""}' }
["1C69209993A4","1","0","0","2025-10-13 17:59:05","sit"]
cmp [ '0', '0', '0', '0', '0', '0' ]
log-data {
  pb_device_unique_id: '1C69209993A4',
  box_comp_id: 1,
  id: 0,
  battery_status: 100,
  taken_time: '2025-10-13 17:59:05',
  device_type: 'pillbox-v2_5',
  cbs: '000000',
  vilePosition: '000000',
  env: 'sit'
}
{ success: true, message: 'Success.', data: [] }
v2_5:vp {"mac":"1C69209993A4","vials":"100000"}
{ mac: '1C69209993A4', vials: '100000' }
{ event: '1C69209993A4', data: '{"event":"v2_5:vpr","data":""}' }
{ event: '1C69209993A4', data: '{"event":"clear-log","data":[1]}' }
{ event: '1C69209993A4', data: '{"event":"hb","data":1760377629589}' }
[
  109954, 109955, 109956, 109957, 109958, 109959, 109960,
  109961, 109962, 109963, 109964, 109965, 109966, 109967,
  109968, 109969, 109970, 109971, 109972, 109973, 109974,
  109975, 109976, 109977, 109978, 109979, 109980, 109981,
  109982, 109983, 109984, 109985, 109986, 109987, 109988,
  109989, 109990, 109991, 109992, 109993, 109994, 109995,
  109996, 109997, 109998, 109999, 110000, 110001, 110002,
  110003, 110004, 110005, 110006, 110007, 110008, 110009,
  110010, 110011, 110012, 110013, 110014, 110015, 110016,
  110017, 110018, 110019, 110020, 110021, 110022, 110023,
  110024, 110025, 110026, 110027, 110028, 110029, 110030,
  110031, 110032, 110033, 110034, 110035, 110036, 110037,
  110038, 110039, 110040, 110041, 110042, 110043
]
sending remove med for 1C69209993A4
{
  event: '1C69209993A4',
  data: '{"event":"remove-med","data":[110043]}'
}
{ event: '1C69209993A4', data: '{"event":"hb","data":1760377749589}' }
{ event: '1C69209993A4', data: '{"event":"env","data":"sit"}' }
resetting device 1C69209993A4
{ event: '1C69209993A4', data: '{"event":"reset","data":""}' }
{ event: '1C69209993A4', data: '{"event":"hb","data":1760377869588}' }
v2_5:connect ["1C69209993A4","sim",0,"5D9D:0061B4",21,"2.5.02",1]
["1C69209993A4","sim",0,"5D9D:0061B4",21,"2.5.02",1]
{
  mac: '1C69209993A4',
  mode: 'sim',
  state: 0,
  apName: '5D9D:0061B4',
  apPass: 21,
  version: '2.5.02',
  manual_reset: 1
}
resetting device 1C69209993A4
{
  event: '1C69209993A4',
  data: '{"event":"utc-now","data":1760377879}'
}
utc done
state does not match
updating connection {
  id: 24,
  state: 1,
  currentVersion: '2.5.02',
  newVersion: '2.5.02',
  mac: '1C69209993A4',
  volume: 100,
  type: 'pillbox-v2_5',
  env: 'sit',
  charging: true,
  resetRequired: false,
  compartments: '100000',
  operationMode: 'sim',
  battery: 100,
  heartbeat: 2025-10-01T16:13:35.000Z,
  online: true,
  viles: '000000',
  lac: '5D9D',
  ci: '0061B4',
  strength: 21
}
{ success: true, message: 'Success.', data: [] }
{ event: '1C69209993A4', data: '{"event":"hb","data":1760377998530}' }
{ event: '1C69209993A4', data: '{"event":"hb","data":1760378118529}' }
{ event: '1C69209993A4', data: '{"event":"hb","data":1760378238529}' }
{ event: '1C69209993A4', data: '{"event":"hb","data":1760378358530}' }
{
  mac: '1C69209993A4',
  ref: 110045,
  schedules: [
    {
      mac: '1C69209993A4',
      time: '2025-10-13 18:15:00',
      vile: '4',
      pills: 1,
      repeat: 10,
      reference: 110135,
      windowSize: 20,
      muted: '1'
    },
    {
      mac: '1C69209993A4',
      time: '2025-10-14 18:15:00',
      vile: '4',
      pills: 1,
      repeat: 10,
      reference: 110136,
      windowSize: 20,
      muted: '1'
    },
    {
      mac: '1C69209993A4',
      time: '2025-10-15 18:15:00',
      vile: '4',
      pills: 1,
      repeat: 10,
      reference: 110137,
      windowSize: 20,
      muted: '1'
    },
    {
      mac: '1C69209993A4',
      time: '2025-10-16 18:15:00',
      vile: '4',
      pills: 1,
      repeat: 10,
      reference: 110138,
      windowSize: 20,
      muted: '1'
    },
    {
      mac: '1C69209993A4',
      time: '2025-10-17 18:15:00',
      vile: '4',
      pills: 1,
      repeat: 10,
      reference: 110139,
      windowSize: 20,
      muted: '1'
    },
    {
      mac: '1C69209993A4',
      time: '2025-10-18 18:15:00',
      vile: '4',
      pills: 1,
      repeat: 10,
      reference: 110140,
      windowSize: 20,
      muted: '1'
    },
    {
      mac: '1C69209993A4',
      time: '2025-10-19 18:15:00',
      vile: '4',
      pills: 1,
      repeat: 10,
      reference: 110141,
      windowSize: 20,
      muted: '1'
    },
    {
      mac: '1C69209993A4',
      time: '2025-10-20 18:15:00',
      vile: '4',
      pills: 1,
      repeat: 10,
      reference: 110142,
      windowSize: 20,
      muted: '1'
    },
    {
      mac: '1C69209993A4',
      time: '2025-10-21 18:15:00',
      vile: '4',
      pills: 1,
      repeat: 10,
      reference: 110143,
      windowSize: 20,
      muted: '1'
    },
    {
      mac: '1C69209993A4',
      time: '2025-10-22 18:15:00',
      vile: '4',
      pills: 1,
      repeat: 10,
      reference: 110144,
      windowSize: 20,
      muted: '1'
    },
    {
      mac: '1C69209993A4',
      time: '2025-10-23 18:15:00',
      vile: '4',
      pills: 1,
      repeat: 10,
      reference: 110145,
      windowSize: 20,
      muted: '1'
    },
    {
      mac: '1C69209993A4',
      time: '2025-10-24 18:15:00',
      vile: '4',
      pills: 1,
      repeat: 10,
      reference: 110146,
      windowSize: 20,
      muted: '1'
    },
    {
      mac: '1C69209993A4',
      time: '2025-10-25 18:15:00',
      vile: '4',
      pills: 1,
      repeat: 10,
      reference: 110147,
      windowSize: 20,
      muted: '1'
    },
    {
      mac: '1C69209993A4',
      time: '2025-10-26 18:15:00',
      vile: '4',
      pills: 1,
      repeat: 10,
      reference: 110148,
      windowSize: 20,
      muted: '1'
    },
    {
      mac: '1C69209993A4',
      time: '2025-10-27 18:15:00',
      vile: '4',
      pills: 1,
      repeat: 10,
      reference: 110149,
      windowSize: 20,
      muted: '1'
    },
    {
      mac: '1C69209993A4',
      time: '2025-10-28 18:15:00',
      vile: '4',
      pills: 1,
      repeat: 10,
      reference: 110150,
      windowSize: 20,
      muted: '1'
    },
    {
      mac: '1C69209993A4',
      time: '2025-10-29 18:15:00',
      vile: '4',
      pills: 1,
      repeat: 10,
      reference: 110151,
      windowSize: 20,
      muted: '1'
    },
    {
      mac: '1C69209993A4',
      time: '2025-10-30 18:15:00',
      vile: '4',
      pills: 1,
      repeat: 10,
      reference: 110152,
      windowSize: 20,
      muted: '1'
    },
    {
      mac: '1C69209993A4',
      time: '2025-10-31 18:15:00',
      vile: '4',
      pills: 1,
      repeat: 10,
      reference: 110153,
      windowSize: 20,
      muted: '1'
    },
    {
      mac: '1C69209993A4',
      time: '2025-11-01 18:15:00',
      vile: '4',
      pills: 1,
      repeat: 10,
      reference: 110154,
      windowSize: 20,
      muted: '1'
    },
    {
      mac: '1C69209993A4',
      time: '2025-11-02 19:15:00',
      vile: '4',
      pills: 1,
      repeat: 10,
      reference: 110155,
      windowSize: 20,
      muted: '1'
    },
    {
      mac: '1C69209993A4',
      time: '2025-11-03 19:15:00',
      vile: '4',
      pills: 1,
      repeat: 10,
      reference: 110156,
      windowSize: 20,
      muted: '1'
    },
    {
      mac: '1C69209993A4',
      time: '2025-11-04 19:15:00',
      vile: '4',
      pills: 1,
      repeat: 10,
      reference: 110157,
      windowSize: 20,
      muted: '1'
    },
    {
      mac: '1C69209993A4',
      time: '2025-11-05 19:15:00',
      vile: '4',
      pills: 1,
      repeat: 10,
      reference: 110158,
      windowSize: 20,
      muted: '1'
    },
    {
      mac: '1C69209993A4',
      time: '2025-11-06 19:15:00',
      vile: '4',
      pills: 1,
      repeat: 10,
      reference: 110159,
      windowSize: 20,
      muted: '1'
    },
    {
      mac: '1C69209993A4',
      time: '2025-11-07 19:15:00',
      vile: '4',
      pills: 1,
      repeat: 10,
      reference: 110160,
      windowSize: 20,
      muted: '1'
    },
    {
      mac: '1C69209993A4',
      time: '2025-11-08 19:15:00',
      vile: '4',
      pills: 1,
      repeat: 10,
      reference: 110161,
      windowSize: 20,
      muted: '1'
    },
    {
      mac: '1C69209993A4',
      time: '2025-11-09 19:15:00',
      vile: '4',
      pills: 1,
      repeat: 10,
      reference: 110162,
      windowSize: 20,
      muted: '1'
    },
    {
      mac: '1C69209993A4',
      time: '2025-11-10 19:15:00',
      vile: '4',
      pills: 1,
      repeat: 10,
      reference: 110163,
      windowSize: 20,
      muted: '1'
    },
    {
      mac: '1C69209993A4',
      time: '2025-11-11 19:15:00',
      vile: '4',
      pills: 1,
      repeat: 10,
      reference: 110164,
      windowSize: 20,
      muted: '1'
    },
    {
      mac: '1C69209993A4',
      time: '2025-11-12 19:15:00',
      vile: '4',
      pills: 1,
      repeat: 10,
      reference: 110165,
      windowSize: 20,
      muted: '1'
    },
    {
      mac: '1C69209993A4',
      time: '2025-11-13 19:15:00',
      vile: '4',
      pills: 1,
      repeat: 10,
      reference: 110166,
      windowSize: 20,
      muted: '1'
    },
    {
      mac: '1C69209993A4',
      time: '2025-11-14 19:15:00',
      vile: '4',
      pills: 1,
      repeat: 10,
      reference: 110167,
      windowSize: 20,
      muted: '1'
    },
    {
      mac: '1C69209993A4',
      time: '2025-11-15 19:15:00',
      vile: '4',
      pills: 1,
      repeat: 10,
      reference: 110168,
      windowSize: 20,
      muted: '1'
    },
    {
      mac: '1C69209993A4',
      time: '2025-11-16 19:15:00',
      vile: '4',
      pills: 1,
      repeat: 10,
      reference: 110169,
      windowSize: 20,
      muted: '1'
    },
    {
      mac: '1C69209993A4',
      time: '2025-11-17 19:15:00',
      vile: '4',
      pills: 1,
      repeat: 10,
      reference: 110170,
      windowSize: 20,
      muted: '1'
    },
    {
      mac: '1C69209993A4',
      time: '2025-11-18 19:15:00',
      vile: '4',
      pills: 1,
      repeat: 10,
      reference: 110171,
      windowSize: 20,
      muted: '1'
    },
    {
      mac: '1C69209993A4',
      time: '2025-11-19 19:15:00',
      vile: '4',
      pills: 1,
      repeat: 10,
      reference: 110172,
      windowSize: 20,
      muted: '1'
    },
    {
      mac: '1C69209993A4',
      time: '2025-11-20 19:15:00',
      vile: '4',
      pills: 1,
      repeat: 10,
      reference: 110173,
      windowSize: 20,
      muted: '1'
    },
    {
      mac: '1C69209993A4',
      time: '2025-11-21 19:15:00',
      vile: '4',
      pills: 1,
      repeat: 10,
      reference: 110174,
      windowSize: 20,
      muted: '1'
    },
    {
      mac: '1C69209993A4',
      time: '2025-11-22 19:15:00',
      vile: '4',
      pills: 1,
      repeat: 10,
      reference: 110175,
      windowSize: 20,
      muted: '1'
    },
    {
      mac: '1C69209993A4',
      time: '2025-11-23 19:15:00',
      vile: '4',
      pills: 1,
      repeat: 10,
      reference: 110176,
      windowSize: 20,
      muted: '1'
    },
    {
      mac: '1C69209993A4',
      time: '2025-11-24 19:15:00',
      vile: '4',
      pills: 1,
      repeat: 10,
      reference: 110177,
      windowSize: 20,
      muted: '1'
    },
    {
      mac: '1C69209993A4',
      time: '2025-11-25 19:15:00',
      vile: '4',
      pills: 1,
      repeat: 10,
      reference: 110178,
      windowSize: 20,
      muted: '1'
    },
    {
      mac: '1C69209993A4',
      time: '2025-11-26 19:15:00',
      vile: '4',
      pills: 1,
      repeat: 10,
      reference: 110179,
      windowSize: 20,
      muted: '1'
    },
    {
      mac: '1C69209993A4',
      time: '2025-11-27 19:15:00',
      vile: '4',
      pills: 1,
      repeat: 10,
      reference: 110180,
      windowSize: 20,
      muted: '1'
    },
    {
      mac: '1C69209993A4',
      time: '2025-11-28 19:15:00',
      vile: '4',
      pills: 1,
      repeat: 10,
      reference: 110181,
      windowSize: 20,
      muted: '1'
    },
    {
      mac: '1C69209993A4',
      time: '2025-11-29 19:15:00',
      vile: '4',
      pills: 1,
      repeat: 10,
      reference: 110182,
      windowSize: 20,
      muted: '1'
    },
    {
      mac: '1C69209993A4',
      time: '2025-11-30 19:15:00',
      vile: '4',
      pills: 1,
      repeat: 10,
      reference: 110183,
      windowSize: 20,
      muted: '1'
    },
    {
      mac: '1C69209993A4',
      time: '2025-12-01 19:15:00',
      vile: '4',
      pills: 1,
      repeat: 10,
      reference: 110184,
      windowSize: 20,
      muted: '1'
    },
    {
      mac: '1C69209993A4',
      time: '2025-12-02 19:15:00',
      vile: '4',
      pills: 1,
      repeat: 10,
      reference: 110185,
      windowSize: 20,
      muted: '1'
    },
    {
      mac: '1C69209993A4',
      time: '2025-12-03 19:15:00',
      vile: '4',
      pills: 1,
      repeat: 10,
      reference: 110186,
      windowSize: 20,
      muted: '1'
    },
    {
      mac: '1C69209993A4',
      time: '2025-12-04 19:15:00',
      vile: '4',
      pills: 1,
      repeat: 10,
      reference: 110187,
      windowSize: 20,
      muted: '1'
    },
    {
      mac: '1C69209993A4',
      time: '2025-12-05 19:15:00',
      vile: '4',
      pills: 1,
      repeat: 10,
      reference: 110188,
      windowSize: 20,
      muted: '1'
    },
    {
      mac: '1C69209993A4',
      time: '2025-12-06 19:15:00',
      vile: '4',
      pills: 1,
      repeat: 10,
      reference: 110189,
      windowSize: 20,
      muted: '1'
    },
    {
      mac: '1C69209993A4',
      time: '2025-12-07 19:15:00',
      vile: '4',
      pills: 1,
      repeat: 10,
      reference: 110190,
      windowSize: 20,
      muted: '1'
    },
    {
      mac: '1C69209993A4',
      time: '2025-12-08 19:15:00',
      vile: '4',
      pills: 1,
      repeat: 10,
      reference: 110191,
      windowSize: 20,
      muted: '1'
    },
    {
      mac: '1C69209993A4',
      time: '2025-12-09 19:15:00',
      vile: '4',
      pills: 1,
      repeat: 10,
      reference: 110192,
      windowSize: 20,
      muted: '1'
    },
    {
      mac: '1C69209993A4',
      time: '2025-12-10 19:15:00',
      vile: '4',
      pills: 1,
      repeat: 10,
      reference: 110193,
      windowSize: 20,
      muted: '1'
    },
    {
      mac: '1C69209993A4',
      time: '2025-12-11 19:15:00',
      vile: '4',
      pills: 1,
      repeat: 10,
      reference: 110194,
      windowSize: 20,
      muted: '1'
    },
    {
      mac: '1C69209993A4',
      time: '2025-12-12 19:15:00',
      vile: '4',
      pills: 1,
      repeat: 10,
      reference: 110195,
      windowSize: 20,
      muted: '1'
    },
    {
      mac: '1C69209993A4',
      time: '2025-12-13 19:15:00',
      vile: '4',
      pills: 1,
      repeat: 10,
      reference: 110196,
      windowSize: 20,
      muted: '1'
    },
    {
      mac: '1C69209993A4',
      time: '2025-12-14 19:15:00',
      vile: '4',
      pills: 1,
      repeat: 10,
      reference: 110197,
      windowSize: 20,
      muted: '1'
    },
    {
      mac: '1C69209993A4',
      time: '2025-12-15 19:15:00',
      vile: '4',
      pills: 1,
      repeat: 10,
      reference: 110198,
      windowSize: 20,
      muted: '1'
    },
    {
      mac: '1C69209993A4',
      time: '2025-12-16 19:15:00',
      vile: '4',
      pills: 1,
      repeat: 10,
      reference: 110199,
      windowSize: 20,
      muted: '1'
    },
    {
      mac: '1C69209993A4',
      time: '2025-12-17 19:15:00',
      vile: '4',
      pills: 1,
      repeat: 10,
      reference: 110200,
      windowSize: 20,
      muted: '1'
    },
    {
      mac: '1C69209993A4',
      time: '2025-12-18 19:15:00',
      vile: '4',
      pills: 1,
      repeat: 10,
      reference: 110201,
      windowSize: 20,
      muted: '1'
    },
    {
      mac: '1C69209993A4',
      time: '2025-12-19 19:15:00',
      vile: '4',
      pills: 1,
      repeat: 10,
      reference: 110202,
      windowSize: 20,
      muted: '1'
    },
    {
      mac: '1C69209993A4',
      time: '2025-12-20 19:15:00',
      vile: '4',
      pills: 1,
      repeat: 10,
      reference: 110203,
      windowSize: 20,
      muted: '1'
    },
    {
      mac: '1C69209993A4',
      time: '2025-12-21 19:15:00',
      vile: '4',
      pills: 1,
      repeat: 10,
      reference: 110204,
      windowSize: 20,
      muted: '1'
    },
    {
      mac: '1C69209993A4',
      time: '2025-12-22 19:15:00',
      vile: '4',
      pills: 1,
      repeat: 10,
      reference: 110205,
      windowSize: 20,
      muted: '1'
    },
    {
      mac: '1C69209993A4',
      time: '2025-12-23 19:15:00',
      vile: '4',
      pills: 1,
      repeat: 10,
      reference: 110206,
      windowSize: 20,
      muted: '1'
    },
    {
      mac: '1C69209993A4',
      time: '2025-12-24 19:15:00',
      vile: '4',
      pills: 1,
      repeat: 10,
      reference: 110207,
      windowSize: 20,
      muted: '1'
    },
    {
      mac: '1C69209993A4',
      time: '2025-12-25 19:15:00',
      vile: '4',
      pills: 1,
      repeat: 10,
      reference: 110208,
      windowSize: 20,
      muted: '1'
    },
    {
      mac: '1C69209993A4',
      time: '2025-12-26 19:15:00',
      vile: '4',
      pills: 1,
      repeat: 10,
      reference: 110209,
      windowSize: 20,
      muted: '1'
    },
    {
      mac: '1C69209993A4',
      time: '2025-12-27 19:15:00',
      vile: '4',
      pills: 1,
      repeat: 10,
      reference: 110210,
      windowSize: 20,
      muted: '1'
    },
    {
      mac: '1C69209993A4',
      time: '2025-12-28 19:15:00',
      vile: '4',
      pills: 1,
      repeat: 10,
      reference: 110211,
      windowSize: 20,
      muted: '1'
    },
    {
      mac: '1C69209993A4',
      time: '2025-12-29 19:15:00',
      vile: '4',
      pills: 1,
      repeat: 10,
      reference: 110212,
      windowSize: 20,
      muted: '1'
    },
    {
      mac: '1C69209993A4',
      time: '2025-12-30 19:15:00',
      vile: '4',
      pills: 1,
      repeat: 10,
      reference: 110213,
      windowSize: 20,
      muted: '1'
    },
    {
      mac: '1C69209993A4',
      time: '2025-12-31 19:15:00',
      vile: '4',
      pills: 1,
      repeat: 10,
      reference: 110214,
      windowSize: 20,
      muted: '1'
    },
    {
      mac: '1C69209993A4',
      time: '2026-01-01 19:15:00',
      vile: '4',
      pills: 1,
      repeat: 10,
      reference: 110215,
      windowSize: 20,
      muted: '1'
    },
    {
      mac: '1C69209993A4',
      time: '2026-01-02 19:15:00',
      vile: '4',
      pills: 1,
      repeat: 10,
      reference: 110216,
      windowSize: 20,
      muted: '1'
    },
    {
      mac: '1C69209993A4',
      time: '2026-01-03 19:15:00',
      vile: '4',
      pills: 1,
      repeat: 10,
      reference: 110217,
      windowSize: 20,
      muted: '1'
    },
    {
      mac: '1C69209993A4',
      time: '2026-01-04 19:15:00',
      vile: '4',
      pills: 1,
      repeat: 10,
      reference: 110218,
      windowSize: 20,
      muted: '1'
    },
    {
      mac: '1C69209993A4',
      time: '2026-01-05 19:15:00',
      vile: '4',
      pills: 1,
      repeat: 10,
      reference: 110219,
      windowSize: 20,
      muted: '1'
    },
    {
      mac: '1C69209993A4',
      time: '2026-01-06 19:15:00',
      vile: '4',
      pills: 1,
      repeat: 10,
      reference: 110220,
      windowSize: 20,
      muted: '1'
    },
    {
      mac: '1C69209993A4',
      time: '2026-01-07 19:15:00',
      vile: '4',
      pills: 1,
      repeat: 10,
      reference: 110221,
      windowSize: 20,
      muted: '1'
    },
    {
      mac: '1C69209993A4',
      time: '2026-01-08 19:15:00',
      vile: '4',
      pills: 1,
      repeat: 10,
      reference: 110222,
      windowSize: 20,
      muted: '1'
    },
    {
      mac: '1C69209993A4',
      time: '2026-01-09 19:15:00',
      vile: '4',
      pills: 1,
      repeat: 10,
      reference: 110223,
      windowSize: 20,
      muted: '1'
    },
    {
      mac: '1C69209993A4',
      time: '2026-01-10 19:15:00',
      vile: '4',
      pills: 1,
      repeat: 10,
      reference: 110224,
      windowSize: 20,
      muted: '1'
    }
  ],
  type: 'pillbox'
}
[
  {
    mac: '1C69209993A4',
    time: '2025-10-13 18:15:00',
    vile: '4',
    pills: 1,
    repeat: 10,
    reference: 110135,
    windowSize: 20,
    muted: '1'
  },
  {
    mac: '1C69209993A4',
    time: '2025-10-14 18:15:00',
    vile: '4',
    pills: 1,
    repeat: 10,
    reference: 110136,
    windowSize: 20,
    muted: '1'
  },
  {
    mac: '1C69209993A4',
    time: '2025-10-15 18:15:00',
    vile: '4',
    pills: 1,
    repeat: 10,
    reference: 110137,
    windowSize: 20,
    muted: '1'
  },
  {
    mac: '1C69209993A4',
    time: '2025-10-16 18:15:00',
    vile: '4',
    pills: 1,
    repeat: 10,
    reference: 110138,
    windowSize: 20,
    muted: '1'
  },
  {
    mac: '1C69209993A4',
    time: '2025-10-17 18:15:00',
    vile: '4',
    pills: 1,
    repeat: 10,
    reference: 110139,
    windowSize: 20,
    muted: '1'
  },
  {
    mac: '1C69209993A4',
    time: '2025-10-18 18:15:00',
    vile: '4',
    pills: 1,
    repeat: 10,
    reference: 110140,
    windowSize: 20,
    muted: '1'
  },
  {
    mac: '1C69209993A4',
    time: '2025-10-19 18:15:00',
    vile: '4',
    pills: 1,
    repeat: 10,
    reference: 110141,
    windowSize: 20,
    muted: '1'
  },
  {
    mac: '1C69209993A4',
    time: '2025-10-20 18:15:00',
    vile: '4',
    pills: 1,
    repeat: 10,
    reference: 110142,
    windowSize: 20,
    muted: '1'
  },
  {
    mac: '1C69209993A4',
    time: '2025-10-21 18:15:00',
    vile: '4',
    pills: 1,
    repeat: 10,
    reference: 110143,
    windowSize: 20,
    muted: '1'
  },
  {
    mac: '1C69209993A4',
    time: '2025-10-22 18:15:00',
    vile: '4',
    pills: 1,
    repeat: 10,
    reference: 110144,
    windowSize: 20,
    muted: '1'
  },
  {
    mac: '1C69209993A4',
    time: '2025-10-23 18:15:00',
    vile: '4',
    pills: 1,
    repeat: 10,
    reference: 110145,
    windowSize: 20,
    muted: '1'
  },
  {
    mac: '1C69209993A4',
    time: '2025-10-24 18:15:00',
    vile: '4',
    pills: 1,
    repeat: 10,
    reference: 110146,
    windowSize: 20,
    muted: '1'
  },
  {
    mac: '1C69209993A4',
    time: '2025-10-25 18:15:00',
    vile: '4',
    pills: 1,
    repeat: 10,
    reference: 110147,
    windowSize: 20,
    muted: '1'
  },
  {
    mac: '1C69209993A4',
    time: '2025-10-26 18:15:00',
    vile: '4',
    pills: 1,
    repeat: 10,
    reference: 110148,
    windowSize: 20,
    muted: '1'
  },
  {
    mac: '1C69209993A4',
    time: '2025-10-27 18:15:00',
    vile: '4',
    pills: 1,
    repeat: 10,
    reference: 110149,
    windowSize: 20,
    muted: '1'
  },
  {
    mac: '1C69209993A4',
    time: '2025-10-28 18:15:00',
    vile: '4',
    pills: 1,
    repeat: 10,
    reference: 110150,
    windowSize: 20,
    muted: '1'
  },
  {
    mac: '1C69209993A4',
    time: '2025-10-29 18:15:00',
    vile: '4',
    pills: 1,
    repeat: 10,
    reference: 110151,
    windowSize: 20,
    muted: '1'
  },
  {
    mac: '1C69209993A4',
    time: '2025-10-30 18:15:00',
    vile: '4',
    pills: 1,
    repeat: 10,
    reference: 110152,
    windowSize: 20,
    muted: '1'
  },
  {
    mac: '1C69209993A4',
    time: '2025-10-31 18:15:00',
    vile: '4',
    pills: 1,
    repeat: 10,
    reference: 110153,
    windowSize: 20,
    muted: '1'
  },
  {
    mac: '1C69209993A4',
    time: '2025-11-01 18:15:00',
    vile: '4',
    pills: 1,
    repeat: 10,
    reference: 110154,
    windowSize: 20,
    muted: '1'
  },
  {
    mac: '1C69209993A4',
    time: '2025-11-02 19:15:00',
    vile: '4',
    pills: 1,
    repeat: 10,
    reference: 110155,
    windowSize: 20,
    muted: '1'
  },
  {
    mac: '1C69209993A4',
    time: '2025-11-03 19:15:00',
    vile: '4',
    pills: 1,
    repeat: 10,
    reference: 110156,
    windowSize: 20,
    muted: '1'
  },
  {
    mac: '1C69209993A4',
    time: '2025-11-04 19:15:00',
    vile: '4',
    pills: 1,
    repeat: 10,
    reference: 110157,
    windowSize: 20,
    muted: '1'
  },
  {
    mac: '1C69209993A4',
    time: '2025-11-05 19:15:00',
    vile: '4',
    pills: 1,
    repeat: 10,
    reference: 110158,
    windowSize: 20,
    muted: '1'
  },
  {
    mac: '1C69209993A4',
    time: '2025-11-06 19:15:00',
    vile: '4',
    pills: 1,
    repeat: 10,
    reference: 110159,
    windowSize: 20,
    muted: '1'
  },
  {
    mac: '1C69209993A4',
    time: '2025-11-07 19:15:00',
    vile: '4',
    pills: 1,
    repeat: 10,
    reference: 110160,
    windowSize: 20,
    muted: '1'
  },
  {
    mac: '1C69209993A4',
    time: '2025-11-08 19:15:00',
    vile: '4',
    pills: 1,
    repeat: 10,
    reference: 110161,
    windowSize: 20,
    muted: '1'
  },
  {
    mac: '1C69209993A4',
    time: '2025-11-09 19:15:00',
    vile: '4',
    pills: 1,
    repeat: 10,
    reference: 110162,
    windowSize: 20,
    muted: '1'
  },
  {
    mac: '1C69209993A4',
    time: '2025-11-10 19:15:00',
    vile: '4',
    pills: 1,
    repeat: 10,
    reference: 110163,
    windowSize: 20,
    muted: '1'
  },
  {
    mac: '1C69209993A4',
    time: '2025-11-11 19:15:00',
    vile: '4',
    pills: 1,
    repeat: 10,
    reference: 110164,
    windowSize: 20,
    muted: '1'
  },
  {
    mac: '1C69209993A4',
    time: '2025-11-12 19:15:00',
    vile: '4',
    pills: 1,
    repeat: 10,
    reference: 110165,
    windowSize: 20,
    muted: '1'
  },
  {
    mac: '1C69209993A4',
    time: '2025-11-13 19:15:00',
    vile: '4',
    pills: 1,
    repeat: 10,
    reference: 110166,
    windowSize: 20,
    muted: '1'
  },
  {
    mac: '1C69209993A4',
    time: '2025-11-14 19:15:00',
    vile: '4',
    pills: 1,
    repeat: 10,
    reference: 110167,
    windowSize: 20,
    muted: '1'
  },
  {
    mac: '1C69209993A4',
    time: '2025-11-15 19:15:00',
    vile: '4',
    pills: 1,
    repeat: 10,
    reference: 110168,
    windowSize: 20,
    muted: '1'
  },
  {
    mac: '1C69209993A4',
    time: '2025-11-16 19:15:00',
    vile: '4',
    pills: 1,
    repeat: 10,
    reference: 110169,
    windowSize: 20,
    muted: '1'
  },
  {
    mac: '1C69209993A4',
    time: '2025-11-17 19:15:00',
    vile: '4',
    pills: 1,
    repeat: 10,
    reference: 110170,
    windowSize: 20,
    muted: '1'
  },
  {
    mac: '1C69209993A4',
    time: '2025-11-18 19:15:00',
    vile: '4',
    pills: 1,
    repeat: 10,
    reference: 110171,
    windowSize: 20,
    muted: '1'
  },
  {
    mac: '1C69209993A4',
    time: '2025-11-19 19:15:00',
    vile: '4',
    pills: 1,
    repeat: 10,
    reference: 110172,
    windowSize: 20,
    muted: '1'
  },
  {
    mac: '1C69209993A4',
    time: '2025-11-20 19:15:00',
    vile: '4',
    pills: 1,
    repeat: 10,
    reference: 110173,
    windowSize: 20,
    muted: '1'
  },
  {
    mac: '1C69209993A4',
    time: '2025-11-21 19:15:00',
    vile: '4',
    pills: 1,
    repeat: 10,
    reference: 110174,
    windowSize: 20,
    muted: '1'
  },
  {
    mac: '1C69209993A4',
    time: '2025-11-22 19:15:00',
    vile: '4',
    pills: 1,
    repeat: 10,
    reference: 110175,
    windowSize: 20,
    muted: '1'
  },
  {
    mac: '1C69209993A4',
    time: '2025-11-23 19:15:00',
    vile: '4',
    pills: 1,
    repeat: 10,
    reference: 110176,
    windowSize: 20,
    muted: '1'
  },
  {
    mac: '1C69209993A4',
    time: '2025-11-24 19:15:00',
    vile: '4',
    pills: 1,
    repeat: 10,
    reference: 110177,
    windowSize: 20,
    muted: '1'
  },
  {
    mac: '1C69209993A4',
    time: '2025-11-25 19:15:00',
    vile: '4',
    pills: 1,
    repeat: 10,
    reference: 110178,
    windowSize: 20,
    muted: '1'
  },
  {
    mac: '1C69209993A4',
    time: '2025-11-26 19:15:00',
    vile: '4',
    pills: 1,
    repeat: 10,
    reference: 110179,
    windowSize: 20,
    muted: '1'
  },
  {
    mac: '1C69209993A4',
    time: '2025-11-27 19:15:00',
    vile: '4',
    pills: 1,
    repeat: 10,
    reference: 110180,
    windowSize: 20,
    muted: '1'
  },
  {
    mac: '1C69209993A4',
    time: '2025-11-28 19:15:00',
    vile: '4',
    pills: 1,
    repeat: 10,
    reference: 110181,
    windowSize: 20,
    muted: '1'
  },
  {
    mac: '1C69209993A4',
    time: '2025-11-29 19:15:00',
    vile: '4',
    pills: 1,
    repeat: 10,
    reference: 110182,
    windowSize: 20,
    muted: '1'
  },
  {
    mac: '1C69209993A4',
    time: '2025-11-30 19:15:00',
    vile: '4',
    pills: 1,
    repeat: 10,
    reference: 110183,
    windowSize: 20,
    muted: '1'
  },
  {
    mac: '1C69209993A4',
    time: '2025-12-01 19:15:00',
    vile: '4',
    pills: 1,
    repeat: 10,
    reference: 110184,
    windowSize: 20,
    muted: '1'
  },
  {
    mac: '1C69209993A4',
    time: '2025-12-02 19:15:00',
    vile: '4',
    pills: 1,
    repeat: 10,
    reference: 110185,
    windowSize: 20,
    muted: '1'
  },
  {
    mac: '1C69209993A4',
    time: '2025-12-03 19:15:00',
    vile: '4',
    pills: 1,
    repeat: 10,
    reference: 110186,
    windowSize: 20,
    muted: '1'
  },
  {
    mac: '1C69209993A4',
    time: '2025-12-04 19:15:00',
    vile: '4',
    pills: 1,
    repeat: 10,
    reference: 110187,
    windowSize: 20,
    muted: '1'
  },
  {
    mac: '1C69209993A4',
    time: '2025-12-05 19:15:00',
    vile: '4',
    pills: 1,
    repeat: 10,
    reference: 110188,
    windowSize: 20,
    muted: '1'
  },
  {
    mac: '1C69209993A4',
    time: '2025-12-06 19:15:00',
    vile: '4',
    pills: 1,
    repeat: 10,
    reference: 110189,
    windowSize: 20,
    muted: '1'
  },
  {
    mac: '1C69209993A4',
    time: '2025-12-07 19:15:00',
    vile: '4',
    pills: 1,
    repeat: 10,
    reference: 110190,
    windowSize: 20,
    muted: '1'
  },
  {
    mac: '1C69209993A4',
    time: '2025-12-08 19:15:00',
    vile: '4',
    pills: 1,
    repeat: 10,
    reference: 110191,
    windowSize: 20,
    muted: '1'
  },
  {
    mac: '1C69209993A4',
    time: '2025-12-09 19:15:00',
    vile: '4',
    pills: 1,
    repeat: 10,
    reference: 110192,
    windowSize: 20,
    muted: '1'
  },
  {
    mac: '1C69209993A4',
    time: '2025-12-10 19:15:00',
    vile: '4',
    pills: 1,
    repeat: 10,
    reference: 110193,
    windowSize: 20,
    muted: '1'
  },
  {
    mac: '1C69209993A4',
    time: '2025-12-11 19:15:00',
    vile: '4',
    pills: 1,
    repeat: 10,
    reference: 110194,
    windowSize: 20,
    muted: '1'
  },
  {
    mac: '1C69209993A4',
    time: '2025-12-12 19:15:00',
    vile: '4',
    pills: 1,
    repeat: 10,
    reference: 110195,
    windowSize: 20,
    muted: '1'
  },
  {
    mac: '1C69209993A4',
    time: '2025-12-13 19:15:00',
    vile: '4',
    pills: 1,
    repeat: 10,
    reference: 110196,
    windowSize: 20,
    muted: '1'
  },
  {
    mac: '1C69209993A4',
    time: '2025-12-14 19:15:00',
    vile: '4',
    pills: 1,
    repeat: 10,
    reference: 110197,
    windowSize: 20,
    muted: '1'
  },
  {
    mac: '1C69209993A4',
    time: '2025-12-15 19:15:00',
    vile: '4',
    pills: 1,
    repeat: 10,
    reference: 110198,
    windowSize: 20,
    muted: '1'
  },
  {
    mac: '1C69209993A4',
    time: '2025-12-16 19:15:00',
    vile: '4',
    pills: 1,
    repeat: 10,
    reference: 110199,
    windowSize: 20,
    muted: '1'
  },
  {
    mac: '1C69209993A4',
    time: '2025-12-17 19:15:00',
    vile: '4',
    pills: 1,
    repeat: 10,
    reference: 110200,
    windowSize: 20,
    muted: '1'
  },
  {
    mac: '1C69209993A4',
    time: '2025-12-18 19:15:00',
    vile: '4',
    pills: 1,
    repeat: 10,
    reference: 110201,
    windowSize: 20,
    muted: '1'
  },
  {
    mac: '1C69209993A4',
    time: '2025-12-19 19:15:00',
    vile: '4',
    pills: 1,
    repeat: 10,
    reference: 110202,
    windowSize: 20,
    muted: '1'
  },
  {
    mac: '1C69209993A4',
    time: '2025-12-20 19:15:00',
    vile: '4',
    pills: 1,
    repeat: 10,
    reference: 110203,
    windowSize: 20,
    muted: '1'
  },
  {
    mac: '1C69209993A4',
    time: '2025-12-21 19:15:00',
    vile: '4',
    pills: 1,
    repeat: 10,
    reference: 110204,
    windowSize: 20,
    muted: '1'
  },
  {
    mac: '1C69209993A4',
    time: '2025-12-22 19:15:00',
    vile: '4',
    pills: 1,
    repeat: 10,
    reference: 110205,
    windowSize: 20,
    muted: '1'
  },
  {
    mac: '1C69209993A4',
    time: '2025-12-23 19:15:00',
    vile: '4',
    pills: 1,
    repeat: 10,
    reference: 110206,
    windowSize: 20,
    muted: '1'
  },
  {
    mac: '1C69209993A4',
    time: '2025-12-24 19:15:00',
    vile: '4',
    pills: 1,
    repeat: 10,
    reference: 110207,
    windowSize: 20,
    muted: '1'
  },
  {
    mac: '1C69209993A4',
    time: '2025-12-25 19:15:00',
    vile: '4',
    pills: 1,
    repeat: 10,
    reference: 110208,
    windowSize: 20,
    muted: '1'
  },
  {
    mac: '1C69209993A4',
    time: '2025-12-26 19:15:00',
    vile: '4',
    pills: 1,
    repeat: 10,
    reference: 110209,
    windowSize: 20,
    muted: '1'
  },
  {
    mac: '1C69209993A4',
    time: '2025-12-27 19:15:00',
    vile: '4',
    pills: 1,
    repeat: 10,
    reference: 110210,
    windowSize: 20,
    muted: '1'
  },
  {
    mac: '1C69209993A4',
    time: '2025-12-28 19:15:00',
    vile: '4',
    pills: 1,
    repeat: 10,
    reference: 110211,
    windowSize: 20,
    muted: '1'
  },
  {
    mac: '1C69209993A4',
    time: '2025-12-29 19:15:00',
    vile: '4',
    pills: 1,
    repeat: 10,
    reference: 110212,
    windowSize: 20,
    muted: '1'
  },
  {
    mac: '1C69209993A4',
    time: '2025-12-30 19:15:00',
    vile: '4',
    pills: 1,
    repeat: 10,
    reference: 110213,
    windowSize: 20,
    muted: '1'
  },
  {
    mac: '1C69209993A4',
    time: '2025-12-31 19:15:00',
    vile: '4',
    pills: 1,
    repeat: 10,
    reference: 110214,
    windowSize: 20,
    muted: '1'
  },
  {
    mac: '1C69209993A4',
    time: '2026-01-01 19:15:00',
    vile: '4',
    pills: 1,
    repeat: 10,
    reference: 110215,
    windowSize: 20,
    muted: '1'
  },
  {
    mac: '1C69209993A4',
    time: '2026-01-02 19:15:00',
    vile: '4',
    pills: 1,
    repeat: 10,
    reference: 110216,
    windowSize: 20,
    muted: '1'
  },
  {
    mac: '1C69209993A4',
    time: '2026-01-03 19:15:00',
    vile: '4',
    pills: 1,
    repeat: 10,
    reference: 110217,
    windowSize: 20,
    muted: '1'
  },
  {
    mac: '1C69209993A4',
    time: '2026-01-04 19:15:00',
    vile: '4',
    pills: 1,
    repeat: 10,
    reference: 110218,
    windowSize: 20,
    muted: '1'
  },
  {
    mac: '1C69209993A4',
    time: '2026-01-05 19:15:00',
    vile: '4',
    pills: 1,
    repeat: 10,
    reference: 110219,
    windowSize: 20,
    muted: '1'
  },
  {
    mac: '1C69209993A4',
    time: '2026-01-06 19:15:00',
    vile: '4',
    pills: 1,
    repeat: 10,
    reference: 110220,
    windowSize: 20,
    muted: '1'
  },
  {
    mac: '1C69209993A4',
    time: '2026-01-07 19:15:00',
    vile: '4',
    pills: 1,
    repeat: 10,
    reference: 110221,
    windowSize: 20,
    muted: '1'
  },
  {
    mac: '1C69209993A4',
    time: '2026-01-08 19:15:00',
    vile: '4',
    pills: 1,
    repeat: 10,
    reference: 110222,
    windowSize: 20,
    muted: '1'
  },
  {
    mac: '1C69209993A4',
    time: '2026-01-09 19:15:00',
    vile: '4',
    pills: 1,
    repeat: 10,
    reference: 110223,
    windowSize: 20,
    muted: '1'
  },
  {
    mac: '1C69209993A4',
    time: '2026-01-10 19:15:00',
    vile: '4',
    pills: 1,
    repeat: 10,
    reference: 110224,
    windowSize: 20,
    muted: '1'
  }
]
110045
2025-10-13 18:15:00
2025-10-14 18:15:00
2025-10-15 18:15:00
2025-10-16 18:15:00
2025-10-17 18:15:00
2025-10-18 18:15:00
2025-10-19 18:15:00
2025-10-20 18:15:00
2025-10-21 18:15:00
2025-10-22 18:15:00
2025-10-23 18:15:00
2025-10-24 18:15:00
2025-10-25 18:15:00
2025-10-26 18:15:00
2025-10-27 18:15:00
2025-10-28 18:15:00
2025-10-29 18:15:00
2025-10-30 18:15:00
2025-10-31 18:15:00
2025-11-01 18:15:00
2025-11-02 19:15:00
2025-11-03 19:15:00
2025-11-04 19:15:00
2025-11-05 19:15:00
2025-11-06 19:15:00
2025-11-07 19:15:00
2025-11-08 19:15:00
2025-11-09 19:15:00
2025-11-10 19:15:00
2025-11-11 19:15:00
2025-11-12 19:15:00
2025-11-13 19:15:00
2025-11-14 19:15:00
2025-11-15 19:15:00
2025-11-16 19:15:00
2025-11-17 19:15:00
2025-11-18 19:15:00
2025-11-19 19:15:00
2025-11-20 19:15:00
2025-11-21 19:15:00
2025-11-22 19:15:00
2025-11-23 19:15:00
2025-11-24 19:15:00
2025-11-25 19:15:00
2025-11-26 19:15:00
2025-11-27 19:15:00
2025-11-28 19:15:00
2025-11-29 19:15:00
2025-11-30 19:15:00
2025-12-01 19:15:00
2025-12-02 19:15:00
2025-12-03 19:15:00
2025-12-04 19:15:00
2025-12-05 19:15:00
2025-12-06 19:15:00
2025-12-07 19:15:00
2025-12-08 19:15:00
2025-12-09 19:15:00
2025-12-10 19:15:00
2025-12-11 19:15:00
2025-12-12 19:15:00
2025-12-13 19:15:00
2025-12-14 19:15:00
2025-12-15 19:15:00
2025-12-16 19:15:00
2025-12-17 19:15:00
2025-12-18 19:15:00
2025-12-19 19:15:00
2025-12-20 19:15:00
2025-12-21 19:15:00
2025-12-22 19:15:00
2025-12-23 19:15:00
2025-12-24 19:15:00
2025-12-25 19:15:00
2025-12-26 19:15:00
2025-12-27 19:15:00
2025-12-28 19:15:00
2025-12-29 19:15:00
2025-12-30 19:15:00
2025-12-31 19:15:00
2026-01-01 19:15:00
2026-01-02 19:15:00
2026-01-03 19:15:00
2026-01-04 19:15:00
2026-01-05 19:15:00
2026-01-06 19:15:00
2026-01-07 19:15:00
2026-01-08 19:15:00
2026-01-09 19:15:00
2026-01-10 19:15:00
undefined
null
[ 110224, 0, 3, 20, 10, 1440, 90, [ 29339655, 29368515 ] ]
sending medicine for 1C69209993A4
{
  event: '1C69209993A4',
  data: '{"event":"medicine","data":[110224,0,3,20,10,1440,90,[29339655,29368515]]}'
}
undefined
clearing medicine informer for 1C69209993A4
medicine fetched UpdateResult { generatedMaps: [], raw: [], affected: 1 }
v2_5:vp {"mac":"1C69209993A4","vials":"000100"}
{ mac: '1C69209993A4', vials: '000100' }
{ event: '1C69209993A4', data: '{"event":"v2_5:vpr","data":""}' }
[
  110135, 110136, 110137, 110138, 110139, 110140, 110141,
  110142, 110143, 110144, 110145, 110146, 110147, 110148,
  110149, 110150, 110151, 110152, 110153, 110154, 110155,
  110156, 110157, 110158, 110159, 110160, 110161, 110162,
  110163, 110164, 110165, 110166, 110167, 110168, 110169,
  110170, 110171, 110172, 110173, 110174, 110175, 110176,
  110177, 110178, 110179, 110180, 110181, 110182, 110183,
  110184, 110185, 110186, 110187, 110188, 110189, 110190,
  110191, 110192, 110193, 110194, 110195, 110196, 110197,
  110198, 110199, 110200, 110201, 110202, 110203, 110204,
  110205, 110206, 110207, 110208, 110209, 110210, 110211,
  110212, 110213, 110214, 110215, 110216, 110217, 110218,
  110219, 110220, 110221, 110222, 110223, 110224
]
sending remove med for 1C69209993A4
{
  event: '1C69209993A4',
  data: '{"event":"remove-med","data":[110224]}'
}
{ event: '1C69209993A4', data: '{"event":"hb","data":1760378516688}' }
[
  {
    mac: '1C69209993A4',
    time: '2025-10-13 18:15:00',
    vile: '2',
    pills: 1,
    repeat: 10,
    reference: 110225,
    windowSize: 20,
    muted: 1
  },
  {
    mac: '1C69209993A4',
    time: '2025-10-14 18:15:00',
    vile: '2',
    pills: 1,
    repeat: 10,
    reference: 110226,
    windowSize: 20,
    muted: 1
  },
  {
    mac: '1C69209993A4',
    time: '2025-10-15 18:15:00',
    vile: '2',
    pills: 1,
    repeat: 10,
    reference: 110227,
    windowSize: 20,
    muted: 1
  },
  {
    mac: '1C69209993A4',
    time: '2025-10-16 18:15:00',
    vile: '2',
    pills: 1,
    repeat: 10,
    reference: 110228,
    windowSize: 20,
    muted: 1
  },
  {
    mac: '1C69209993A4',
    time: '2025-10-17 18:15:00',
    vile: '2',
    pills: 1,
    repeat: 10,
    reference: 110229,
    windowSize: 20,
    muted: 1
  },
  {
    mac: '1C69209993A4',
    time: '2025-10-18 18:15:00',
    vile: '2',
    pills: 1,
    repeat: 10,
    reference: 110230,
    windowSize: 20,
    muted: 1
  },
  {
    mac: '1C69209993A4',
    time: '2025-10-19 18:15:00',
    vile: '2',
    pills: 1,
    repeat: 10,
    reference: 110231,
    windowSize: 20,
    muted: 1
  },
  {
    mac: '1C69209993A4',
    time: '2025-10-20 18:15:00',
    vile: '2',
    pills: 1,
    repeat: 10,
    reference: 110232,
    windowSize: 20,
    muted: 1
  },
  {
    mac: '1C69209993A4',
    time: '2025-10-21 18:15:00',
    vile: '2',
    pills: 1,
    repeat: 10,
    reference: 110233,
    windowSize: 20,
    muted: 1
  },
  {
    mac: '1C69209993A4',
    time: '2025-10-22 18:15:00',
    vile: '2',
    pills: 1,
    repeat: 10,
    reference: 110234,
    windowSize: 20,
    muted: 1
  },
  {
    mac: '1C69209993A4',
    time: '2025-10-23 18:15:00',
    vile: '2',
    pills: 1,
    repeat: 10,
    reference: 110235,
    windowSize: 20,
    muted: 1
  },
  {
    mac: '1C69209993A4',
    time: '2025-10-24 18:15:00',
    vile: '2',
    pills: 1,
    repeat: 10,
    reference: 110236,
    windowSize: 20,
    muted: 1
  },
  {
    mac: '1C69209993A4',
    time: '2025-10-25 18:15:00',
    vile: '2',
    pills: 1,
    repeat: 10,
    reference: 110237,
    windowSize: 20,
    muted: 1
  },
  {
    mac: '1C69209993A4',
    time: '2025-10-26 18:15:00',
    vile: '2',
    pills: 1,
    repeat: 10,
    reference: 110238,
    windowSize: 20,
    muted: 1
  },
  {
    mac: '1C69209993A4',
    time: '2025-10-27 18:15:00',
    vile: '2',
    pills: 1,
    repeat: 10,
    reference: 110239,
    windowSize: 20,
    muted: 1
  },
  {
    mac: '1C69209993A4',
    time: '2025-10-28 18:15:00',
    vile: '2',
    pills: 1,
    repeat: 10,
    reference: 110240,
    windowSize: 20,
    muted: 1
  },
  {
    mac: '1C69209993A4',
    time: '2025-10-29 18:15:00',
    vile: '2',
    pills: 1,
    repeat: 10,
    reference: 110241,
    windowSize: 20,
    muted: 1
  },
  {
    mac: '1C69209993A4',
    time: '2025-10-30 18:15:00',
    vile: '2',
    pills: 1,
    repeat: 10,
    reference: 110242,
    windowSize: 20,
    muted: 1
  },
  {
    mac: '1C69209993A4',
    time: '2025-10-31 18:15:00',
    vile: '2',
    pills: 1,
    repeat: 10,
    reference: 110243,
    windowSize: 20,
    muted: 1
  },
  {
    mac: '1C69209993A4',
    time: '2025-11-01 18:15:00',
    vile: '2',
    pills: 1,
    repeat: 10,
    reference: 110244,
    windowSize: 20,
    muted: 1
  },
  {
    mac: '1C69209993A4',
    time: '2025-11-02 19:15:00',
    vile: '2',
    pills: 1,
    repeat: 10,
    reference: 110245,
    windowSize: 20,
    muted: 1
  },
  {
    mac: '1C69209993A4',
    time: '2025-11-03 19:15:00',
    vile: '2',
    pills: 1,
    repeat: 10,
    reference: 110246,
    windowSize: 20,
    muted: 1
  },
  {
    mac: '1C69209993A4',
    time: '2025-11-04 19:15:00',
    vile: '2',
    pills: 1,
    repeat: 10,
    reference: 110247,
    windowSize: 20,
    muted: 1
  },
  {
    mac: '1C69209993A4',
    time: '2025-11-05 19:15:00',
    vile: '2',
    pills: 1,
    repeat: 10,
    reference: 110248,
    windowSize: 20,
    muted: 1
  },
  {
    mac: '1C69209993A4',
    time: '2025-11-06 19:15:00',
    vile: '2',
    pills: 1,
    repeat: 10,
    reference: 110249,
    windowSize: 20,
    muted: 1
  },
  {
    mac: '1C69209993A4',
    time: '2025-11-07 19:15:00',
    vile: '2',
    pills: 1,
    repeat: 10,
    reference: 110250,
    windowSize: 20,
    muted: 1
  },
  {
    mac: '1C69209993A4',
    time: '2025-11-08 19:15:00',
    vile: '2',
    pills: 1,
    repeat: 10,
    reference: 110251,
    windowSize: 20,
    muted: 1
  },
  {
    mac: '1C69209993A4',
    time: '2025-11-09 19:15:00',
    vile: '2',
    pills: 1,
    repeat: 10,
    reference: 110252,
    windowSize: 20,
    muted: 1
  },
  {
    mac: '1C69209993A4',
    time: '2025-11-10 19:15:00',
    vile: '2',
    pills: 1,
    repeat: 10,
    reference: 110253,
    windowSize: 20,
    muted: 1
  },
  {
    mac: '1C69209993A4',
    time: '2025-11-11 19:15:00',
    vile: '2',
    pills: 1,
    repeat: 10,
    reference: 110254,
    windowSize: 20,
    muted: 1
  },
  {
    mac: '1C69209993A4',
    time: '2025-11-12 19:15:00',
    vile: '2',
    pills: 1,
    repeat: 10,
    reference: 110255,
    windowSize: 20,
    muted: 1
  },
  {
    mac: '1C69209993A4',
    time: '2025-11-13 19:15:00',
    vile: '2',
    pills: 1,
    repeat: 10,
    reference: 110256,
    windowSize: 20,
    muted: 1
  },
  {
    mac: '1C69209993A4',
    time: '2025-11-14 19:15:00',
    vile: '2',
    pills: 1,
    repeat: 10,
    reference: 110257,
    windowSize: 20,
    muted: 1
  },
  {
    mac: '1C69209993A4',
    time: '2025-11-15 19:15:00',
    vile: '2',
    pills: 1,
    repeat: 10,
    reference: 110258,
    windowSize: 20,
    muted: 1
  },
  {
    mac: '1C69209993A4',
    time: '2025-11-16 19:15:00',
    vile: '2',
    pills: 1,
    repeat: 10,
    reference: 110259,
    windowSize: 20,
    muted: 1
  },
  {
    mac: '1C69209993A4',
    time: '2025-11-17 19:15:00',
    vile: '2',
    pills: 1,
    repeat: 10,
    reference: 110260,
    windowSize: 20,
    muted: 1
  },
  {
    mac: '1C69209993A4',
    time: '2025-11-18 19:15:00',
    vile: '2',
    pills: 1,
    repeat: 10,
    reference: 110261,
    windowSize: 20,
    muted: 1
  },
  {
    mac: '1C69209993A4',
    time: '2025-11-19 19:15:00',
    vile: '2',
    pills: 1,
    repeat: 10,
    reference: 110262,
    windowSize: 20,
    muted: 1
  },
  {
    mac: '1C69209993A4',
    time: '2025-11-20 19:15:00',
    vile: '2',
    pills: 1,
    repeat: 10,
    reference: 110263,
    windowSize: 20,
    muted: 1
  },
  {
    mac: '1C69209993A4',
    time: '2025-11-21 19:15:00',
    vile: '2',
    pills: 1,
    repeat: 10,
    reference: 110264,
    windowSize: 20,
    muted: 1
  },
  {
    mac: '1C69209993A4',
    time: '2025-11-22 19:15:00',
    vile: '2',
    pills: 1,
    repeat: 10,
    reference: 110265,
    windowSize: 20,
    muted: 1
  },
  {
    mac: '1C69209993A4',
    time: '2025-11-23 19:15:00',
    vile: '2',
    pills: 1,
    repeat: 10,
    reference: 110266,
    windowSize: 20,
    muted: 1
  },
  {
    mac: '1C69209993A4',
    time: '2025-11-24 19:15:00',
    vile: '2',
    pills: 1,
    repeat: 10,
    reference: 110267,
    windowSize: 20,
    muted: 1
  },
  {
    mac: '1C69209993A4',
    time: '2025-11-25 19:15:00',
    vile: '2',
    pills: 1,
    repeat: 10,
    reference: 110268,
    windowSize: 20,
    muted: 1
  },
  {
    mac: '1C69209993A4',
    time: '2025-11-26 19:15:00',
    vile: '2',
    pills: 1,
    repeat: 10,
    reference: 110269,
    windowSize: 20,
    muted: 1
  },
  {
    mac: '1C69209993A4',
    time: '2025-11-27 19:15:00',
    vile: '2',
    pills: 1,
    repeat: 10,
    reference: 110270,
    windowSize: 20,
    muted: 1
  },
  {
    mac: '1C69209993A4',
    time: '2025-11-28 19:15:00',
    vile: '2',
    pills: 1,
    repeat: 10,
    reference: 110271,
    windowSize: 20,
    muted: 1
  },
  {
    mac: '1C69209993A4',
    time: '2025-11-29 19:15:00',
    vile: '2',
    pills: 1,
    repeat: 10,
    reference: 110272,
    windowSize: 20,
    muted: 1
  },
  {
    mac: '1C69209993A4',
    time: '2025-11-30 19:15:00',
    vile: '2',
    pills: 1,
    repeat: 10,
    reference: 110273,
    windowSize: 20,
    muted: 1
  },
  {
    mac: '1C69209993A4',
    time: '2025-12-01 19:15:00',
    vile: '2',
    pills: 1,
    repeat: 10,
    reference: 110274,
    windowSize: 20,
    muted: 1
  },
  {
    mac: '1C69209993A4',
    time: '2025-12-02 19:15:00',
    vile: '2',
    pills: 1,
    repeat: 10,
    reference: 110275,
    windowSize: 20,
    muted: 1
  },
  {
    mac: '1C69209993A4',
    time: '2025-12-03 19:15:00',
    vile: '2',
    pills: 1,
    repeat: 10,
    reference: 110276,
    windowSize: 20,
    muted: 1
  },
  {
    mac: '1C69209993A4',
    time: '2025-12-04 19:15:00',
    vile: '2',
    pills: 1,
    repeat: 10,
    reference: 110277,
    windowSize: 20,
    muted: 1
  },
  {
    mac: '1C69209993A4',
    time: '2025-12-05 19:15:00',
    vile: '2',
    pills: 1,
    repeat: 10,
    reference: 110278,
    windowSize: 20,
    muted: 1
  },
  {
    mac: '1C69209993A4',
    time: '2025-12-06 19:15:00',
    vile: '2',
    pills: 1,
    repeat: 10,
    reference: 110279,
    windowSize: 20,
    muted: 1
  },
  {
    mac: '1C69209993A4',
    time: '2025-12-07 19:15:00',
    vile: '2',
    pills: 1,
    repeat: 10,
    reference: 110280,
    windowSize: 20,
    muted: 1
  },
  {
    mac: '1C69209993A4',
    time: '2025-12-08 19:15:00',
    vile: '2',
    pills: 1,
    repeat: 10,
    reference: 110281,
    windowSize: 20,
    muted: 1
  },
  {
    mac: '1C69209993A4',
    time: '2025-12-09 19:15:00',
    vile: '2',
    pills: 1,
    repeat: 10,
    reference: 110282,
    windowSize: 20,
    muted: 1
  },
  {
    mac: '1C69209993A4',
    time: '2025-12-10 19:15:00',
    vile: '2',
    pills: 1,
    repeat: 10,
    reference: 110283,
    windowSize: 20,
    muted: 1
  },
  {
    mac: '1C69209993A4',
    time: '2025-12-11 19:15:00',
    vile: '2',
    pills: 1,
    repeat: 10,
    reference: 110284,
    windowSize: 20,
    muted: 1
  },
  {
    mac: '1C69209993A4',
    time: '2025-12-12 19:15:00',
    vile: '2',
    pills: 1,
    repeat: 10,
    reference: 110285,
    windowSize: 20,
    muted: 1
  },
  {
    mac: '1C69209993A4',
    time: '2025-12-13 19:15:00',
    vile: '2',
    pills: 1,
    repeat: 10,
    reference: 110286,
    windowSize: 20,
    muted: 1
  },
  {
    mac: '1C69209993A4',
    time: '2025-12-14 19:15:00',
    vile: '2',
    pills: 1,
    repeat: 10,
    reference: 110287,
    windowSize: 20,
    muted: 1
  },
  {
    mac: '1C69209993A4',
    time: '2025-12-15 19:15:00',
    vile: '2',
    pills: 1,
    repeat: 10,
    reference: 110288,
    windowSize: 20,
    muted: 1
  },
  {
    mac: '1C69209993A4',
    time: '2025-12-16 19:15:00',
    vile: '2',
    pills: 1,
    repeat: 10,
    reference: 110289,
    windowSize: 20,
    muted: 1
  },
  {
    mac: '1C69209993A4',
    time: '2025-12-17 19:15:00',
    vile: '2',
    pills: 1,
    repeat: 10,
    reference: 110290,
    windowSize: 20,
    muted: 1
  },
  {
    mac: '1C69209993A4',
    time: '2025-12-18 19:15:00',
    vile: '2',
    pills: 1,
    repeat: 10,
    reference: 110291,
    windowSize: 20,
    muted: 1
  },
  {
    mac: '1C69209993A4',
    time: '2025-12-19 19:15:00',
    vile: '2',
    pills: 1,
    repeat: 10,
    reference: 110292,
    windowSize: 20,
    muted: 1
  },
  {
    mac: '1C69209993A4',
    time: '2025-12-20 19:15:00',
    vile: '2',
    pills: 1,
    repeat: 10,
    reference: 110293,
    windowSize: 20,
    muted: 1
  },
  {
    mac: '1C69209993A4',
    time: '2025-12-21 19:15:00',
    vile: '2',
    pills: 1,
    repeat: 10,
    reference: 110294,
    windowSize: 20,
    muted: 1
  },
  {
    mac: '1C69209993A4',
    time: '2025-12-22 19:15:00',
    vile: '2',
    pills: 1,
    repeat: 10,
    reference: 110295,
    windowSize: 20,
    muted: 1
  },
  {
    mac: '1C69209993A4',
    time: '2025-12-23 19:15:00',
    vile: '2',
    pills: 1,
    repeat: 10,
    reference: 110296,
    windowSize: 20,
    muted: 1
  },
  {
    mac: '1C69209993A4',
    time: '2025-12-24 19:15:00',
    vile: '2',
    pills: 1,
    repeat: 10,
    reference: 110297,
    windowSize: 20,
    muted: 1
  },
  {
    mac: '1C69209993A4',
    time: '2025-12-25 19:15:00',
    vile: '2',
    pills: 1,
    repeat: 10,
    reference: 110298,
    windowSize: 20,
    muted: 1
  },
  {
    mac: '1C69209993A4',
    time: '2025-12-26 19:15:00',
    vile: '2',
    pills: 1,
    repeat: 10,
    reference: 110299,
    windowSize: 20,
    muted: 1
  },
  {
    mac: '1C69209993A4',
    time: '2025-12-27 19:15:00',
    vile: '2',
    pills: 1,
    repeat: 10,
    reference: 110300,
    windowSize: 20,
    muted: 1
  },
  {
    mac: '1C69209993A4',
    time: '2025-12-28 19:15:00',
    vile: '2',
    pills: 1,
    repeat: 10,
    reference: 110301,
    windowSize: 20,
    muted: 1
  },
  {
    mac: '1C69209993A4',
    time: '2025-12-29 19:15:00',
    vile: '2',
    pills: 1,
    repeat: 10,
    reference: 110302,
    windowSize: 20,
    muted: 1
  },
  {
    mac: '1C69209993A4',
    time: '2025-12-30 19:15:00',
    vile: '2',
    pills: 1,
    repeat: 10,
    reference: 110303,
    windowSize: 20,
    muted: 1
  },
  {
    mac: '1C69209993A4',
    time: '2025-12-31 19:15:00',
    vile: '2',
    pills: 1,
    repeat: 10,
    reference: 110304,
    windowSize: 20,
    muted: 1
  },
  {
    mac: '1C69209993A4',
    time: '2026-01-01 19:15:00',
    vile: '2',
    pills: 1,
    repeat: 10,
    reference: 110305,
    windowSize: 20,
    muted: 1
  },
  {
    mac: '1C69209993A4',
    time: '2026-01-02 19:15:00',
    vile: '2',
    pills: 1,
    repeat: 10,
    reference: 110306,
    windowSize: 20,
    muted: 1
  },
  {
    mac: '1C69209993A4',
    time: '2026-01-03 19:15:00',
    vile: '2',
    pills: 1,
    repeat: 10,
    reference: 110307,
    windowSize: 20,
    muted: 1
  },
  {
    mac: '1C69209993A4',
    time: '2026-01-04 19:15:00',
    vile: '2',
    pills: 1,
    repeat: 10,
    reference: 110308,
    windowSize: 20,
    muted: 1
  },
  {
    mac: '1C69209993A4',
    time: '2026-01-05 19:15:00',
    vile: '2',
    pills: 1,
    repeat: 10,
    reference: 110309,
    windowSize: 20,
    muted: 1
  },
  {
    mac: '1C69209993A4',
    time: '2026-01-06 19:15:00',
    vile: '2',
    pills: 1,
    repeat: 10,
    reference: 110310,
    windowSize: 20,
    muted: 1
  },
  {
    mac: '1C69209993A4',
    time: '2026-01-07 19:15:00',
    vile: '2',
    pills: 1,
    repeat: 10,
    reference: 110311,
    windowSize: 20,
    muted: 1
  },
  {
    mac: '1C69209993A4',
    time: '2026-01-08 19:15:00',
    vile: '2',
    pills: 1,
    repeat: 10,
    reference: 110312,
    windowSize: 20,
    muted: 1
  },
  {
    mac: '1C69209993A4',
    time: '2026-01-09 19:15:00',
    vile: '2',
    pills: 1,
    repeat: 10,
    reference: 110313,
    windowSize: 20,
    muted: 1
  },
  {
    mac: '1C69209993A4',
    time: '2026-01-10 19:15:00',
    vile: '2',
    pills: 1,
    repeat: 10,
    reference: 110314,
    windowSize: 20,
    muted: 1
  }
]
2025-10-13 18:15:00
2025-10-14 18:15:00
2025-10-15 18:15:00
2025-10-16 18:15:00
2025-10-17 18:15:00
2025-10-18 18:15:00
2025-10-19 18:15:00
2025-10-20 18:15:00
2025-10-21 18:15:00
2025-10-22 18:15:00
2025-10-23 18:15:00
2025-10-24 18:15:00
2025-10-25 18:15:00
2025-10-26 18:15:00
2025-10-27 18:15:00
2025-10-28 18:15:00
2025-10-29 18:15:00
2025-10-30 18:15:00
2025-10-31 18:15:00
2025-11-01 18:15:00
2025-11-02 19:15:00
2025-11-03 19:15:00
2025-11-04 19:15:00
2025-11-05 19:15:00
2025-11-06 19:15:00
2025-11-07 19:15:00
2025-11-08 19:15:00
2025-11-09 19:15:00
2025-11-10 19:15:00
2025-11-11 19:15:00
2025-11-12 19:15:00
2025-11-13 19:15:00
2025-11-14 19:15:00
2025-11-15 19:15:00
2025-11-16 19:15:00
2025-11-17 19:15:00
2025-11-18 19:15:00
2025-11-19 19:15:00
2025-11-20 19:15:00
2025-11-21 19:15:00
2025-11-22 19:15:00
2025-11-23 19:15:00
2025-11-24 19:15:00
2025-11-25 19:15:00
2025-11-26 19:15:00
2025-11-27 19:15:00
2025-11-28 19:15:00
2025-11-29 19:15:00
2025-11-30 19:15:00
2025-12-01 19:15:00
2025-12-02 19:15:00
2025-12-03 19:15:00
2025-12-04 19:15:00
2025-12-05 19:15:00
2025-12-06 19:15:00
2025-12-07 19:15:00
2025-12-08 19:15:00
2025-12-09 19:15:00
2025-12-10 19:15:00
2025-12-11 19:15:00
2025-12-12 19:15:00
2025-12-13 19:15:00
2025-12-14 19:15:00
2025-12-15 19:15:00
2025-12-16 19:15:00
2025-12-17 19:15:00
2025-12-18 19:15:00
2025-12-19 19:15:00
2025-12-20 19:15:00
2025-12-21 19:15:00
2025-12-22 19:15:00
2025-12-23 19:15:00
2025-12-24 19:15:00
2025-12-25 19:15:00
2025-12-26 19:15:00
2025-12-27 19:15:00
2025-12-28 19:15:00
2025-12-29 19:15:00
2025-12-30 19:15:00
2025-12-31 19:15:00
2026-01-01 19:15:00
2026-01-02 19:15:00
2026-01-03 19:15:00
2026-01-04 19:15:00
2026-01-05 19:15:00
2026-01-06 19:15:00
2026-01-07 19:15:00
2026-01-08 19:15:00
2026-01-09 19:15:00
2026-01-10 19:15:00
[ 110314, 0, 1, 20, 10, 1440, 90, [ 29339655, 29368515 ] ]
sending medicine for 1C69209993A4
{
  event: '1C69209993A4',
  data: '{"event":"medicine","data":[110314,0,1,20,10,1440,90,[29339655,29368515]]}'
}
clearing medicine informer for 1C69209993A4
medicine fetched UpdateResult { generatedMaps: [], raw: [], affected: 1 }
v2_5:vp {"mac":"1C69209993A4","vials":"010100"}
{ mac: '1C69209993A4', vials: '010100' }
{ event: '1C69209993A4', data: '{"event":"v2_5:vpr","data":""}' }
{
  mac: '1C69209993A4',
  id: '0',
  vial: '1',
  ref: '110225',
  instant: '2025-10-13 18:05:09'
}
{ event: '1C69209993A4', data: '{"event":"clear-log","data":[0]}' }
cmp [ '0', '0', '0', '1', '0', '0' ]
log-data {
  pb_device_unique_id: '1C69209993A4',
  box_comp_id: 2,
  id: 110225,
  battery_status: 100,
  taken_time: '2025-10-13 18:05:09',
  device_type: 'pillbox-v2_5',
  cbs: '000100',
  vilePosition: '000100',
  env: 'sit'
}
{ success: true, message: 'Success.', data: [] }
v2_5:vp {"mac":"1C69209993A4","vials":"010000"}
{ mac: '1C69209993A4', vials: '010000' }
{ event: '1C69209993A4', data: '{"event":"v2_5:vpr","data":""}' }
{ event: '1C69209993A4', data: '{"event":"hb","data":1760378832511}' }
{ event: '1C69209993A4', data: '{"event":"hb","data":1760378952512}' }
{ event: '1C69209993A4', data: '{"event":"hb","data":1760379072511}' }
{ event: '1C69209993A4', data: '{"event":"hb","data":1760379192512}' }
109018
{ event: '1C69209993A4', data: '{"event":"hb","data":1760379312513}' }
